0
SECTION
2
HEADER
9
$ACADVER
1
AC1009
9
$EXTMIN
10
0
20
0
30
0
9
$EXTMAX
10
482.6
20
88.1
30
0
0
ENDSEC
0
SECTION
2
TABLES
0
TABLE
2
LTYPE
70
1
0
LTYPE
2
CONTINUOUS
70
64
3
Solid line
72
65
73
0
40
0
0
ENDTAB
0
TABLE
2
LAYER
70
3
0
LAYER
2
KONTUR
70
0
62
7
6
CONTINUOUS
0
LAYER
2
AUSSCHNITTE
70
0
62
1
6
CONTINUOUS
0
LAYER
2
DRUCK
70
0
62
5
6
CONTINUOUS
0
ENDTAB
0
ENDSEC
0
SECTION
2
ENTITIES
0
POLYLINE
8
KONTUR
66
1
70
1
0
VERTEX
8
KONTUR
10
2
20
0
30
0
0
VERTEX
8
KONTUR
10
480.6
20
0
30
0
42
0.414
0
VERTEX
8
KONTUR
10
482.6
20
2
30
0
0
VERTEX
8
KONTUR
10
482.6
20
86.1
30
0
42
0.414
0
VERTEX
8
KONTUR
10
480.6
20
88.1
30
0
0
VERTEX
8
KONTUR
10
2
20
88.1
30
0
42
0.414
0
VERTEX
8
KONTUR
10
0
20
86.1
30
0
0
VERTEX
8
KONTUR
10
0
20
2
30
0
42
0.414
0
SEQEND
8
KONTUR
0
POLYLINE
8
AUSSCHNITTE
66
1
70
1
0
VERTEX
8
AUSSCHNITTE
10
6.95
20
78.95
30
0
0
VERTEX
8
AUSSCHNITTE
10
10.55
20
78.95
30
0
42
1
0
VERTEX
8
AUSSCHNITTE
10
10.55
20
85.35
30
0
0
VERTEX
8
AUSSCHNITTE
10
6.95
20
85.35
30
0
42
1
0
SEQEND
8
AUSSCHNITTE
0
POLYLINE
8
AUSSCHNITTE
66
1
70
1
0
VERTEX
8
AUSSCHNITTE
10
6.95
20
2.75
30
0
0
VERTEX
8
AUSSCHNITTE
10
10.55
20
2.75
30
0
42
1
0
VERTEX
8
AUSSCHNITTE
10
10.55
20
9.15
30
0
0
VERTEX
8
AUSSCHNITTE
10
6.95
20
9.15
30
0
42
1
0
SEQEND
8
AUSSCHNITTE
0
POLYLINE
8
AUSSCHNITTE
66
1
70
1
0
VERTEX
8
AUSSCHNITTE
10
472.05
20
78.95
30
0
0
VERTEX
8
AUSSCHNITTE
10
475.65
20
78.95
30
0
42
1
0
VERTEX
8
AUSSCHNITTE
10
475.65
20
85.35
30
0
0
VERTEX
8
AUSSCHNITTE
10
472.05
20
85.35
30
0
42
1
0
SEQEND
8
AUSSCHNITTE
0
POLYLINE
8
AUSSCHNITTE
66
1
70
1
0
VERTEX
8
AUSSCHNITTE
10
472.05
20
2.75
30
0
0
VERTEX
8
AUSSCHNITTE
10
475.65
20
2.75
30
0
42
1
0
VERTEX
8
AUSSCHNITTE
10
475.65
20
9.15
30
0
0
VERTEX
8
AUSSCHNITTE
10
472.05
20
9.15
30
0
42
1
0
SEQEND
8
AUSSCHNITTE
0
CIRCLE
8
AUSSCHNITTE
10
27.8
20
83.2
30
0
40
2.65
0
CIRCLE
8
AUSSCHNITTE
10
27.8
20
4.9
30
0
40
2.65
0
CIRCLE
8
AUSSCHNITTE
10
454.8
20
83.2
30
0
40
2.65
0
CIRCLE
8
AUSSCHNITTE
10
454.8
20
4.9
30
0
40
2.65
0
CIRCLE
8
AUSSCHNITTE
10
52
20
61.6
30
0
40
12
0
CIRCLE
8
AUSSCHNITTE
10
42
20
73.1
30
0
40
1.6
0
CIRCLE
8
AUSSCHNITTE
10
62
20
50.1
30
0
40
1.6
0
CIRCLE
8
AUSSCHNITTE
10
80
20
61.6
30
0
40
3.75
0
CIRCLE
8
AUSSCHNITTE
10
101
20
61.6
30
0
40
3
0
CIRCLE
8
AUSSCHNITTE
10
120.5
20
61.6
30
0
40
3.75
0
CIRCLE
8
AUSSCHNITTE
10
52
20
21.1
30
0
40
4.75
0
CIRCLE
8
AUSSCHNITTE
10
80
20
21.1
30
0
40
3.75
0
CIRCLE
8
AUSSCHNITTE
10
101
20
21.1
30
0
40
3
0
CIRCLE
8
AUSSCHNITTE
10
113
20
21.1
30
0
40
3
0
CIRCLE
8
AUSSCHNITTE
10
139.5
20
61.6
30
0
40
3
0
CIRCLE
8
AUSSCHNITTE
10
158.5
20
61.6
30
0
40
3.75
0
CIRCLE
8
AUSSCHNITTE
10
134
20
21.1
30
0
40
4.75
0
CIRCLE
8
AUSSCHNITTE
10
158.5
20
21.1
30
0
40
4.75
0
CIRCLE
8
AUSSCHNITTE
10
199
20
61.1
30
0
40
3.75
0
CIRCLE
8
AUSSCHNITTE
10
248
20
61.1
30
0
40
3.75
0
CIRCLE
8
AUSSCHNITTE
10
199
20
21.1
30
0
40
3.75
0
CIRCLE
8
AUSSCHNITTE
10
248
20
21.1
30
0
40
3.75
0
CIRCLE
8
AUSSCHNITTE
10
214
20
32.1
30
0
40
1.6
0
CIRCLE
8
AUSSCHNITTE
10
219
20
32.1
30
0
40
1.6
0
CIRCLE
8
AUSSCHNITTE
10
227.5
20
32.1
30
0
40
1.6
0
CIRCLE
8
AUSSCHNITTE
10
232.5
20
32.1
30
0
40
1.6
0
CIRCLE
8
AUSSCHNITTE
10
287
20
61.6
30
0
40
3.75
0
CIRCLE
8
AUSSCHNITTE
10
287
20
21.1
30
0
40
4.75
0
CIRCLE
8
AUSSCHNITTE
10
318
20
61.6
30
0
40
3.75
0
CIRCLE
8
AUSSCHNITTE
10
318
20
37.1
30
0
40
3.75
0
CIRCLE
8
AUSSCHNITTE
10
308.5
20
11.1
30
0
40
3
0
CIRCLE
8
AUSSCHNITTE
10
327.5
20
11.1
30
0
40
3
0
CIRCLE
8
AUSSCHNITTE
10
318
20
11.1
30
0
40
1.6
0
CIRCLE
8
AUSSCHNITTE
10
348
20
61.6
30
0
40
3.75
0
CIRCLE
8
AUSSCHNITTE
10
372
20
61.6
30
0
40
3.75
0
CIRCLE
8
AUSSCHNITTE
10
389
20
61.6
30
0
40
3
0
CIRCLE
8
AUSSCHNITTE
10
402
20
61.6
30
0
40
3
0
CIRCLE
8
AUSSCHNITTE
10
416.5
20
61.6
30
0
40
4.75
0
CIRCLE
8
AUSSCHNITTE
10
348
20
21.1
30
0
40
3.75
0
CIRCLE
8
AUSSCHNITTE
10
372
20
21.1
30
0
40
3.75
0
CIRCLE
8
AUSSCHNITTE
10
389
20
21.1
30
0
40
3
0
CIRCLE
8
AUSSCHNITTE
10
402
20
21.1
30
0
40
3
0
CIRCLE
8
AUSSCHNITTE
10
416.5
20
21.1
30
0
40
4.75
0
POLYLINE
8
AUSSCHNITTE
66
1
70
1
0
VERTEX
8
AUSSCHNITTE
10
431.35
20
30.45
30
0
0
VERTEX
8
AUSSCHNITTE
10
441.65
20
30.45
30
0
42
0.414
0
VERTEX
8
AUSSCHNITTE
10
442.65
20
31.45
30
0
0
VERTEX
8
AUSSCHNITTE
10
442.65
20
56.65
30
0
42
0.414
0
VERTEX
8
AUSSCHNITTE
10
441.65
20
57.65
30
0
0
VERTEX
8
AUSSCHNITTE
10
431.35
20
57.65
30
0
42
0.414
0
VERTEX
8
AUSSCHNITTE
10
430.35
20
56.65
30
0
0
VERTEX
8
AUSSCHNITTE
10
430.35
20
31.45
30
0
42
0.414
0
SEQEND
8
AUSSCHNITTE
0
LINE
8
DRUCK
10
38
20
85.6
30
0
11
427.5
21
85.6
31
0
0
LINE
8
DRUCK
10
38
20
2.5
30
0
11
427.5
21
2.5
31
0
0
LINE
8
DRUCK
10
38
20
43.1
30
0
11
174
21
43.1
31
0
0
LINE
8
DRUCK
10
335
20
76.1
30
0
11
427.5
21
76.1
31
0
0
LINE
8
DRUCK
10
335
20
37.6
30
0
11
427.5
21
37.6
31
0
0
LINE
8
DRUCK
10
38
20
85.6
30
0
11
38
21
2.5
31
0
0
LINE
8
DRUCK
10
133.5
20
85.6
30
0
11
133.5
21
43.1
31
0
0
LINE
8
DRUCK
10
122.5
20
43.1
30
0
11
122.5
21
2.5
31
0
0
LINE
8
DRUCK
10
174
20
85.6
30
0
11
174
21
2.5
31
0
0
LINE
8
DRUCK
10
273
20
85.6
30
0
11
273
21
2.5
31
0
0
LINE
8
DRUCK
10
301
20
85.6
30
0
11
301
21
2.5
31
0
0
LINE
8
DRUCK
10
335
20
85.6
30
0
11
335
21
2.5
31
0
0
LINE
8
DRUCK
10
427.5
20
85.6
30
0
11
427.5
21
2.5
31
0
0
POLYLINE
8
DRUCK
66
1
70
0
0
VERTEX
8
DRUCK
10
45.472
20
46.824
30
0
0
VERTEX
8
DRUCK
10
45.472
20
44.376
30
0
0
SEQEND
8
DRUCK
0
POLYLINE
8
DRUCK
66
1
70
0
0
VERTEX
8
DRUCK
10
45.472
20
46.824
30
0
0
VERTEX
8
DRUCK
10
46.521
20
46.824
30
0
0
VERTEX
8
DRUCK
10
46.871
20
46.707
30
0
0
VERTEX
8
DRUCK
10
46.987
20
46.591
30
0
0
VERTEX
8
DRUCK
10
47.104
20
46.358
30
0
0
VERTEX
8
DRUCK
10
47.104
20
46.008
30
0
0
VERTEX
8
DRUCK
10
46.987
20
45.775
30
0
0
VERTEX
8
DRUCK
10
46.871
20
45.658
30
0
0
VERTEX
8
DRUCK
10
46.521
20
45.542
30
0
0
VERTEX
8
DRUCK
10
45.472
20
45.542
30
0
0
SEQEND
8
DRUCK
0
POLYLINE
8
DRUCK
66
1
70
0
0
VERTEX
8
DRUCK
10
47.92
20
46.008
30
0
0
VERTEX
8
DRUCK
10
47.92
20
44.376
30
0
0
SEQEND
8
DRUCK
0
POLYLINE
8
DRUCK
66
1
70
0
0
VERTEX
8
DRUCK
10
47.92
20
45.309
30
0
0
VERTEX
8
DRUCK
10
48.037
20
45.658
30
0
0
VERTEX
8
DRUCK
10
48.27
20
45.891
30
0
0
VERTEX
8
DRUCK
10
48.503
20
46.008
30
0
0
VERTEX
8
DRUCK
10
48.853
20
46.008
30
0
0
SEQEND
8
DRUCK
0
POLYLINE
8
DRUCK
66
1
70
0
0
VERTEX
8
DRUCK
10
49.319
20
45.309
30
0
0
VERTEX
8
DRUCK
10
50.718
20
45.309
30
0
0
VERTEX
8
DRUCK
10
50.718
20
45.542
30
0
0
VERTEX
8
DRUCK
10
50.601
20
45.775
30
0
0
VERTEX
8
DRUCK
10
50.485
20
45.891
30
0
0
VERTEX
8
DRUCK
10
50.251
20
46.008
30
0
0
VERTEX
8
DRUCK
10
49.902
20
46.008
30
0
0
VERTEX
8
DRUCK
10
49.669
20
45.891
30
0
0
VERTEX
8
DRUCK
10
49.435
20
45.658
30
0
0
VERTEX
8
DRUCK
10
49.319
20
45.309
30
0
0
VERTEX
8
DRUCK
10
49.319
20
45.075
30
0
0
VERTEX
8
DRUCK
10
49.435
20
44.726
30
0
0
VERTEX
8
DRUCK
10
49.669
20
44.493
30
0
0
VERTEX
8
DRUCK
10
49.902
20
44.376
30
0
0
VERTEX
8
DRUCK
10
50.251
20
44.376
30
0
0
VERTEX
8
DRUCK
10
50.485
20
44.493
30
0
0
VERTEX
8
DRUCK
10
50.718
20
44.726
30
0
0
SEQEND
8
DRUCK
0
POLYLINE
8
DRUCK
66
1
70
0
0
VERTEX
8
DRUCK
10
52.816
20
46.008
30
0
0
VERTEX
8
DRUCK
10
52.816
20
44.376
30
0
0
SEQEND
8
DRUCK
0
POLYLINE
8
DRUCK
66
1
70
0
0
VERTEX
8
DRUCK
10
52.816
20
45.658
30
0
0
VERTEX
8
DRUCK
10
52.583
20
45.891
30
0
0
VERTEX
8
DRUCK
10
52.35
20
46.008
30
0
0
VERTEX
8
DRUCK
10
52
20
46.008
30
0
0
VERTEX
8
DRUCK
10
51.767
20
45.891
30
0
0
VERTEX
8
DRUCK
10
51.534
20
45.658
30
0
0
VERTEX
8
DRUCK
10
51.417
20
45.309
30
0
0
VERTEX
8
DRUCK
10
51.417
20
45.075
30
0
0
VERTEX
8
DRUCK
10
51.534
20
44.726
30
0
0
VERTEX
8
DRUCK
10
51.767
20
44.493
30
0
0
VERTEX
8
DRUCK
10
52
20
44.376
30
0
0
VERTEX
8
DRUCK
10
52.35
20
44.376
30
0
0
VERTEX
8
DRUCK
10
52.583
20
44.493
30
0
0
VERTEX
8
DRUCK
10
52.816
20
44.726
30
0
0
SEQEND
8
DRUCK
0
POLYLINE
8
DRUCK
66
1
70
0
0
VERTEX
8
DRUCK
10
53.749
20
46.008
30
0
0
VERTEX
8
DRUCK
10
53.749
20
44.376
30
0
0
SEQEND
8
DRUCK
0
POLYLINE
8
DRUCK
66
1
70
0
0
VERTEX
8
DRUCK
10
53.749
20
45.542
30
0
0
VERTEX
8
DRUCK
10
54.098
20
45.891
30
0
0
VERTEX
8
DRUCK
10
54.331
20
46.008
30
0
0
VERTEX
8
DRUCK
10
54.681
20
46.008
30
0
0
VERTEX
8
DRUCK
10
54.914
20
45.891
30
0
0
VERTEX
8
DRUCK
10
55.031
20
45.542
30
0
0
VERTEX
8
DRUCK
10
55.031
20
44.376
30
0
0
SEQEND
8
DRUCK
0
POLYLINE
8
DRUCK
66
1
70
0
0
VERTEX
8
DRUCK
10
55.031
20
45.542
30
0
0
VERTEX
8
DRUCK
10
55.381
20
45.891
30
0
0
VERTEX
8
DRUCK
10
55.614
20
46.008
30
0
0
VERTEX
8
DRUCK
10
55.963
20
46.008
30
0
0
VERTEX
8
DRUCK
10
56.197
20
45.891
30
0
0
VERTEX
8
DRUCK
10
56.313
20
45.542
30
0
0
VERTEX
8
DRUCK
10
56.313
20
44.376
30
0
0
SEQEND
8
DRUCK
0
POLYLINE
8
DRUCK
66
1
70
0
0
VERTEX
8
DRUCK
10
57.246
20
46.008
30
0
0
VERTEX
8
DRUCK
10
57.246
20
43.56
30
0
0
SEQEND
8
DRUCK
0
POLYLINE
8
DRUCK
66
1
70
0
0
VERTEX
8
DRUCK
10
57.246
20
45.658
30
0
0
VERTEX
8
DRUCK
10
57.479
20
45.891
30
0
0
VERTEX
8
DRUCK
10
57.712
20
46.008
30
0
0
VERTEX
8
DRUCK
10
58.062
20
46.008
30
0
0
VERTEX
8
DRUCK
10
58.295
20
45.891
30
0
0
VERTEX
8
DRUCK
10
58.528
20
45.658
30
0
0
VERTEX
8
DRUCK
10
58.645
20
45.309
30
0
0
VERTEX
8
DRUCK
10
58.645
20
45.075
30
0
0
VERTEX
8
DRUCK
10
58.528
20
44.726
30
0
0
VERTEX
8
DRUCK
10
58.295
20
44.493
30
0
0
VERTEX
8
DRUCK
10
58.062
20
44.376
30
0
0
VERTEX
8
DRUCK
10
57.712
20
44.376
30
0
0
VERTEX
8
DRUCK
10
57.479
20
44.493
30
0
0
VERTEX
8
DRUCK
10
57.246
20
44.726
30
0
0
SEQEND
8
DRUCK
0
LINE
8
DRUCK
10
74.85
20
52.68
30
0
11
74.1
21
51.381
31
0
0
LINE
8
DRUCK
10
71.08
20
56.45
30
0
11
69.781
21
55.7
31
0
0
LINE
8
DRUCK
10
69.7
20
61.6
30
0
11
68.2
21
61.6
31
0
0
LINE
8
DRUCK
10
71.08
20
66.75
30
0
11
69.781
21
67.5
31
0
0
LINE
8
DRUCK
10
74.85
20
70.52
30
0
11
74.1
21
71.819
31
0
0
LINE
8
DRUCK
10
80
20
71.9
30
0
11
80
21
73.4
31
0
0
LINE
8
DRUCK
10
85.15
20
70.52
30
0
11
85.9
21
71.819
31
0
0
LINE
8
DRUCK
10
88.92
20
66.75
30
0
11
90.219
21
67.5
31
0
0
LINE
8
DRUCK
10
90.3
20
61.6
30
0
11
91.8
21
61.6
31
0
0
LINE
8
DRUCK
10
88.92
20
56.45
30
0
11
90.219
21
55.7
31
0
0
LINE
8
DRUCK
10
85.15
20
52.68
30
0
11
85.9
21
51.381
31
0
0
POLYLINE
8
DRUCK
66
1
70
0
0
VERTEX
8
DRUCK
10
73.114
20
50.722
30
0
0
VERTEX
8
DRUCK
10
72.857
20
50.636
30
0
0
VERTEX
8
DRUCK
10
72.686
20
50.379
30
0
0
VERTEX
8
DRUCK
10
72.6
20
49.951
30
0
0
VERTEX
8
DRUCK
10
72.6
20
49.693
30
0
0
VERTEX
8
DRUCK
10
72.686
20
49.265
30
0
0
VERTEX
8
DRUCK
10
72.857
20
49.008
30
0
0
VERTEX
8
DRUCK
10
73.114
20
48.922
30
0
0
VERTEX
8
DRUCK
10
73.286
20
48.922
30
0
0
VERTEX
8
DRUCK
10
73.543
20
49.008
30
0
0
VERTEX
8
DRUCK
10
73.714
20
49.265
30
0
0
VERTEX
8
DRUCK
10
73.8
20
49.693
30
0
0
VERTEX
8
DRUCK
10
73.8
20
49.951
30
0
0
VERTEX
8
DRUCK
10
73.714
20
50.379
30
0
0
VERTEX
8
DRUCK
10
73.543
20
50.636
30
0
0
VERTEX
8
DRUCK
10
73.286
20
50.722
30
0
0
VERTEX
8
DRUCK
10
73.114
20
50.722
30
0
0
SEQEND
8
DRUCK
0
POLYLINE
8
DRUCK
66
1
70
0
0
VERTEX
8
DRUCK
10
67.879
20
55.357
30
0
0
VERTEX
8
DRUCK
10
68.051
20
55.443
30
0
0
VERTEX
8
DRUCK
10
68.308
20
55.7
30
0
0
VERTEX
8
DRUCK
10
68.308
20
53.9
30
0
0
SEQEND
8
DRUCK
0
POLYLINE
8
DRUCK
66
1
70
0
0
VERTEX
8
DRUCK
10
65.886
20
62.071
30
0
0
VERTEX
8
DRUCK
10
65.886
20
62.157
30
0
0
VERTEX
8
DRUCK
10
65.971
20
62.329
30
0
0
VERTEX
8
DRUCK
10
66.057
20
62.414
30
0
0
VERTEX
8
DRUCK
10
66.229
20
62.5
30
0
0
VERTEX
8
DRUCK
10
66.571
20
62.5
30
0
0
VERTEX
8
DRUCK
10
66.743
20
62.414
30
0
0
VERTEX
8
DRUCK
10
66.829
20
62.329
30
0
0
VERTEX
8
DRUCK
10
66.914
20
62.157
30
0
0
VERTEX
8
DRUCK
10
66.914
20
61.986
30
0
0
VERTEX
8
DRUCK
10
66.829
20
61.814
30
0
0
VERTEX
8
DRUCK
10
66.657
20
61.557
30
0
0
VERTEX
8
DRUCK
10
65.8
20
60.7
30
0
0
VERTEX
8
DRUCK
10
67
20
60.7
30
0
0
SEQEND
8
DRUCK
0
POLYLINE
8
DRUCK
66
1
70
0
0
VERTEX
8
DRUCK
10
67.793
20
69.3
30
0
0
VERTEX
8
DRUCK
10
68.736
20
69.3
30
0
0
VERTEX
8
DRUCK
10
68.222
20
68.614
30
0
0
VERTEX
8
DRUCK
10
68.479
20
68.614
30
0
0
VERTEX
8
DRUCK
10
68.651
20
68.529
30
0
0
VERTEX
8
DRUCK
10
68.736
20
68.443
30
0
0
VERTEX
8
DRUCK
10
68.822
20
68.186
30
0
0
VERTEX
8
DRUCK
10
68.822
20
68.014
30
0
0
VERTEX
8
DRUCK
10
68.736
20
67.757
30
0
0
VERTEX
8
DRUCK
10
68.565
20
67.586
30
0
0
VERTEX
8
DRUCK
10
68.308
20
67.5
30
0
0
VERTEX
8
DRUCK
10
68.051
20
67.5
30
0
0
VERTEX
8
DRUCK
10
67.793
20
67.586
30
0
0
VERTEX
8
DRUCK
10
67.708
20
67.671
30
0
0
VERTEX
8
DRUCK
10
67.622
20
67.843
30
0
0
SEQEND
8
DRUCK
0
POLYLINE
8
DRUCK
66
1
70
0
0
VERTEX
8
DRUCK
10
73.457
20
74.278
30
0
0
VERTEX
8
DRUCK
10
72.6
20
73.078
30
0
0
VERTEX
8
DRUCK
10
73.886
20
73.078
30
0
0
SEQEND
8
DRUCK
0
POLYLINE
8
DRUCK
66
1
70
0
0
VERTEX
8
DRUCK
10
73.457
20
74.278
30
0
0
VERTEX
8
DRUCK
10
73.457
20
72.478
30
0
0
SEQEND
8
DRUCK
0
POLYLINE
8
DRUCK
66
1
70
0
0
VERTEX
8
DRUCK
10
80.429
20
76.1
30
0
0
VERTEX
8
DRUCK
10
79.571
20
76.1
30
0
0
VERTEX
8
DRUCK
10
79.486
20
75.329
30
0
0
VERTEX
8
DRUCK
10
79.571
20
75.414
30
0
0
VERTEX
8
DRUCK
10
79.829
20
75.5
30
0
0
VERTEX
8
DRUCK
10
80.086
20
75.5
30
0
0
VERTEX
8
DRUCK
10
80.343
20
75.414
30
0
0
VERTEX
8
DRUCK
10
80.514
20
75.243
30
0
0
VERTEX
8
DRUCK
10
80.6
20
74.986
30
0
0
VERTEX
8
DRUCK
10
80.6
20
74.814
30
0
0
VERTEX
8
DRUCK
10
80.514
20
74.557
30
0
0
VERTEX
8
DRUCK
10
80.343
20
74.386
30
0
0
VERTEX
8
DRUCK
10
80.086
20
74.3
30
0
0
VERTEX
8
DRUCK
10
79.829
20
74.3
30
0
0
VERTEX
8
DRUCK
10
79.571
20
74.386
30
0
0
VERTEX
8
DRUCK
10
79.486
20
74.471
30
0
0
VERTEX
8
DRUCK
10
79.4
20
74.643
30
0
0
SEQEND
8
DRUCK
0
POLYLINE
8
DRUCK
66
1
70
0
0
VERTEX
8
DRUCK
10
87.314
20
74.021
30
0
0
VERTEX
8
DRUCK
10
87.229
20
74.192
30
0
0
VERTEX
8
DRUCK
10
86.971
20
74.278
30
0
0
VERTEX
8
DRUCK
10
86.8
20
74.278
30
0
0
VERTEX
8
DRUCK
10
86.543
20
74.192
30
0
0
VERTEX
8
DRUCK
10
86.371
20
73.935
30
0
0
VERTEX
8
DRUCK
10
86.286
20
73.507
30
0
0
VERTEX
8
DRUCK
10
86.286
20
73.078
30
0
0
VERTEX
8
DRUCK
10
86.371
20
72.735
30
0
0
VERTEX
8
DRUCK
10
86.543
20
72.564
30
0
0
VERTEX
8
DRUCK
10
86.8
20
72.478
30
0
0
VERTEX
8
DRUCK
10
86.886
20
72.478
30
0
0
VERTEX
8
DRUCK
10
87.143
20
72.564
30
0
0
VERTEX
8
DRUCK
10
87.314
20
72.735
30
0
0
VERTEX
8
DRUCK
10
87.4
20
72.992
30
0
0
VERTEX
8
DRUCK
10
87.4
20
73.078
30
0
0
VERTEX
8
DRUCK
10
87.314
20
73.335
30
0
0
VERTEX
8
DRUCK
10
87.143
20
73.507
30
0
0
VERTEX
8
DRUCK
10
86.886
20
73.592
30
0
0
VERTEX
8
DRUCK
10
86.8
20
73.592
30
0
0
VERTEX
8
DRUCK
10
86.543
20
73.507
30
0
0
VERTEX
8
DRUCK
10
86.371
20
73.335
30
0
0
VERTEX
8
DRUCK
10
86.286
20
73.078
30
0
0
SEQEND
8
DRUCK
0
POLYLINE
8
DRUCK
66
1
70
0
0
VERTEX
8
DRUCK
10
92.378
20
69.3
30
0
0
VERTEX
8
DRUCK
10
91.521
20
67.5
30
0
0
SEQEND
8
DRUCK
0
POLYLINE
8
DRUCK
66
1
70
0
0
VERTEX
8
DRUCK
10
91.178
20
69.3
30
0
0
VERTEX
8
DRUCK
10
92.378
20
69.3
30
0
0
SEQEND
8
DRUCK
0
POLYLINE
8
DRUCK
66
1
70
0
0
VERTEX
8
DRUCK
10
93.429
20
62.5
30
0
0
VERTEX
8
DRUCK
10
93.171
20
62.414
30
0
0
VERTEX
8
DRUCK
10
93.086
20
62.243
30
0
0
VERTEX
8
DRUCK
10
93.086
20
62.071
30
0
0
VERTEX
8
DRUCK
10
93.171
20
61.9
30
0
0
VERTEX
8
DRUCK
10
93.343
20
61.814
30
0
0
VERTEX
8
DRUCK
10
93.686
20
61.729
30
0
0
VERTEX
8
DRUCK
10
93.943
20
61.643
30
0
0
VERTEX
8
DRUCK
10
94.114
20
61.471
30
0
0
VERTEX
8
DRUCK
10
94.2
20
61.3
30
0
0
VERTEX
8
DRUCK
10
94.2
20
61.043
30
0
0
VERTEX
8
DRUCK
10
94.114
20
60.871
30
0
0
VERTEX
8
DRUCK
10
94.029
20
60.786
30
0
0
VERTEX
8
DRUCK
10
93.771
20
60.7
30
0
0
VERTEX
8
DRUCK
10
93.429
20
60.7
30
0
0
VERTEX
8
DRUCK
10
93.171
20
60.786
30
0
0
VERTEX
8
DRUCK
10
93.086
20
60.871
30
0
0
VERTEX
8
DRUCK
10
93
20
61.043
30
0
0
VERTEX
8
DRUCK
10
93
20
61.3
30
0
0
VERTEX
8
DRUCK
10
93.086
20
61.471
30
0
0
VERTEX
8
DRUCK
10
93.257
20
61.643
30
0
0
VERTEX
8
DRUCK
10
93.514
20
61.729
30
0
0
VERTEX
8
DRUCK
10
93.857
20
61.814
30
0
0
VERTEX
8
DRUCK
10
94.029
20
61.9
30
0
0
VERTEX
8
DRUCK
10
94.114
20
62.071
30
0
0
VERTEX
8
DRUCK
10
94.114
20
62.243
30
0
0
VERTEX
8
DRUCK
10
94.029
20
62.414
30
0
0
VERTEX
8
DRUCK
10
93.771
20
62.5
30
0
0
VERTEX
8
DRUCK
10
93.429
20
62.5
30
0
0
SEQEND
8
DRUCK
0
POLYLINE
8
DRUCK
66
1
70
0
0
VERTEX
8
DRUCK
10
92.292
20
55.1
30
0
0
VERTEX
8
DRUCK
10
92.207
20
54.843
30
0
0
VERTEX
8
DRUCK
10
92.035
20
54.671
30
0
0
VERTEX
8
DRUCK
10
91.778
20
54.586
30
0
0
VERTEX
8
DRUCK
10
91.692
20
54.586
30
0
0
VERTEX
8
DRUCK
10
91.435
20
54.671
30
0
0
VERTEX
8
DRUCK
10
91.264
20
54.843
30
0
0
VERTEX
8
DRUCK
10
91.178
20
55.1
30
0
0
VERTEX
8
DRUCK
10
91.178
20
55.186
30
0
0
VERTEX
8
DRUCK
10
91.264
20
55.443
30
0
0
VERTEX
8
DRUCK
10
91.435
20
55.614
30
0
0
VERTEX
8
DRUCK
10
91.692
20
55.7
30
0
0
VERTEX
8
DRUCK
10
91.778
20
55.7
30
0
0
VERTEX
8
DRUCK
10
92.035
20
55.614
30
0
0
VERTEX
8
DRUCK
10
92.207
20
55.443
30
0
0
VERTEX
8
DRUCK
10
92.292
20
55.1
30
0
0
VERTEX
8
DRUCK
10
92.292
20
54.671
30
0
0
VERTEX
8
DRUCK
10
92.207
20
54.243
30
0
0
VERTEX
8
DRUCK
10
92.035
20
53.986
30
0
0
VERTEX
8
DRUCK
10
91.778
20
53.9
30
0
0
VERTEX
8
DRUCK
10
91.607
20
53.9
30
0
0
VERTEX
8
DRUCK
10
91.349
20
53.986
30
0
0
VERTEX
8
DRUCK
10
91.264
20
54.157
30
0
0
SEQEND
8
DRUCK
0
POLYLINE
8
DRUCK
66
1
70
0
0
VERTEX
8
DRUCK
10
85.6
20
50.379
30
0
0
VERTEX
8
DRUCK
10
85.771
20
50.465
30
0
0
VERTEX
8
DRUCK
10
86.029
20
50.722
30
0
0
VERTEX
8
DRUCK
10
86.029
20
48.922
30
0
0
SEQEND
8
DRUCK
0
POLYLINE
8
DRUCK
66
1
70
0
0
VERTEX
8
DRUCK
10
87.571
20
50.722
30
0
0
VERTEX
8
DRUCK
10
87.314
20
50.636
30
0
0
VERTEX
8
DRUCK
10
87.143
20
50.379
30
0
0
VERTEX
8
DRUCK
10
87.057
20
49.951
30
0
0
VERTEX
8
DRUCK
10
87.057
20
49.693
30
0
0
VERTEX
8
DRUCK
10
87.143
20
49.265
30
0
0
VERTEX
8
DRUCK
10
87.314
20
49.008
30
0
0
VERTEX
8
DRUCK
10
87.571
20
48.922
30
0
0
VERTEX
8
DRUCK
10
87.743
20
48.922
30
0
0
VERTEX
8
DRUCK
10
88
20
49.008
30
0
0
VERTEX
8
DRUCK
10
88.171
20
49.265
30
0
0
VERTEX
8
DRUCK
10
88.257
20
49.693
30
0
0
VERTEX
8
DRUCK
10
88.257
20
49.951
30
0
0
VERTEX
8
DRUCK
10
88.171
20
50.379
30
0
0
VERTEX
8
DRUCK
10
88
20
50.636
30
0
0
VERTEX
8
DRUCK
10
87.743
20
50.722
30
0
0
VERTEX
8
DRUCK
10
87.571
20
50.722
30
0
0
SEQEND
8
DRUCK
0
POLYLINE
8
DRUCK
66
1
70
0
0
VERTEX
8
DRUCK
10
78.077
20
46.241
30
0
0
VERTEX
8
DRUCK
10
77.96
20
46.474
30
0
0
VERTEX
8
DRUCK
10
77.727
20
46.707
30
0
0
VERTEX
8
DRUCK
10
77.494
20
46.824
30
0
0
VERTEX
8
DRUCK
10
77.027
20
46.824
30
0
0
VERTEX
8
DRUCK
10
76.794
20
46.707
30
0
0
VERTEX
8
DRUCK
10
76.561
20
46.474
30
0
0
VERTEX
8
DRUCK
10
76.445
20
46.241
30
0
0
VERTEX
8
DRUCK
10
76.328
20
45.891
30
0
0
VERTEX
8
DRUCK
10
76.328
20
45.309
30
0
0
VERTEX
8
DRUCK
10
76.445
20
44.959
30
0
0
VERTEX
8
DRUCK
10
76.561
20
44.726
30
0
0
VERTEX
8
DRUCK
10
76.794
20
44.493
30
0
0
VERTEX
8
DRUCK
10
77.027
20
44.376
30
0
0
VERTEX
8
DRUCK
10
77.494
20
44.376
30
0
0
VERTEX
8
DRUCK
10
77.727
20
44.493
30
0
0
VERTEX
8
DRUCK
10
77.96
20
44.726
30
0
0
VERTEX
8
DRUCK
10
78.077
20
44.959
30
0
0
VERTEX
8
DRUCK
10
78.077
20
45.309
30
0
0
SEQEND
8
DRUCK
0
POLYLINE
8
DRUCK
66
1
70
0
0
VERTEX
8
DRUCK
10
77.494
20
45.309
30
0
0
VERTEX
8
DRUCK
10
78.077
20
45.309
30
0
0
SEQEND
8
DRUCK
0
POLYLINE
8
DRUCK
66
1
70
0
0
VERTEX
8
DRUCK
10
79.475
20
46.824
30
0
0
VERTEX
8
DRUCK
10
78.543
20
44.376
30
0
0
SEQEND
8
DRUCK
0
POLYLINE
8
DRUCK
66
1
70
0
0
VERTEX
8
DRUCK
10
79.475
20
46.824
30
0
0
VERTEX
8
DRUCK
10
80.408
20
44.376
30
0
0
SEQEND
8
DRUCK
0
POLYLINE
8
DRUCK
66
1
70
0
0
VERTEX
8
DRUCK
10
78.893
20
45.192
30
0
0
VERTEX
8
DRUCK
10
80.058
20
45.192
30
0
0
SEQEND
8
DRUCK
0
POLYLINE
8
DRUCK
66
1
70
0
0
VERTEX
8
DRUCK
10
80.991
20
46.824
30
0
0
VERTEX
8
DRUCK
10
80.991
20
44.376
30
0
0
SEQEND
8
DRUCK
0
POLYLINE
8
DRUCK
66
1
70
0
0
VERTEX
8
DRUCK
10
81.923
20
46.824
30
0
0
VERTEX
8
DRUCK
10
81.923
20
44.376
30
0
0
SEQEND
8
DRUCK
0
POLYLINE
8
DRUCK
66
1
70
0
0
VERTEX
8
DRUCK
10
81.923
20
46.824
30
0
0
VERTEX
8
DRUCK
10
83.555
20
44.376
30
0
0
SEQEND
8
DRUCK
0
POLYLINE
8
DRUCK
66
1
70
0
0
VERTEX
8
DRUCK
10
83.555
20
46.824
30
0
0
VERTEX
8
DRUCK
10
83.555
20
44.376
30
0
0
SEQEND
8
DRUCK
0
POLYLINE
8
DRUCK
66
1
70
0
0
VERTEX
8
DRUCK
10
97.969
20
46.824
30
0
0
VERTEX
8
DRUCK
10
97.969
20
44.376
30
0
0
SEQEND
8
DRUCK
0
POLYLINE
8
DRUCK
66
1
70
0
0
VERTEX
8
DRUCK
10
97.969
20
46.824
30
0
0
VERTEX
8
DRUCK
10
99.018
20
46.824
30
0
0
VERTEX
8
DRUCK
10
99.368
20
46.707
30
0
0
VERTEX
8
DRUCK
10
99.485
20
46.591
30
0
0
VERTEX
8
DRUCK
10
99.601
20
46.358
30
0
0
VERTEX
8
DRUCK
10
99.601
20
46.008
30
0
0
VERTEX
8
DRUCK
10
99.485
20
45.775
30
0
0
VERTEX
8
DRUCK
10
99.368
20
45.658
30
0
0
VERTEX
8
DRUCK
10
99.018
20
45.542
30
0
0
VERTEX
8
DRUCK
10
97.969
20
45.542
30
0
0
SEQEND
8
DRUCK
0
POLYLINE
8
DRUCK
66
1
70
0
0
VERTEX
8
DRUCK
10
101
20
46.824
30
0
0
VERTEX
8
DRUCK
10
100.067
20
44.376
30
0
0
SEQEND
8
DRUCK
0
POLYLINE
8
DRUCK
66
1
70
0
0
VERTEX
8
DRUCK
10
101
20
46.824
30
0
0
VERTEX
8
DRUCK
10
101.933
20
44.376
30
0
0
SEQEND
8
DRUCK
0
POLYLINE
8
DRUCK
66
1
70
0
0
VERTEX
8
DRUCK
10
100.417
20
45.192
30
0
0
VERTEX
8
DRUCK
10
101.583
20
45.192
30
0
0
SEQEND
8
DRUCK
0
POLYLINE
8
DRUCK
66
1
70
0
0
VERTEX
8
DRUCK
10
102.515
20
46.824
30
0
0
VERTEX
8
DRUCK
10
102.515
20
44.376
30
0
0
SEQEND
8
DRUCK
0
POLYLINE
8
DRUCK
66
1
70
0
0
VERTEX
8
DRUCK
10
102.515
20
46.824
30
0
0
VERTEX
8
DRUCK
10
103.331
20
46.824
30
0
0
VERTEX
8
DRUCK
10
103.681
20
46.707
30
0
0
VERTEX
8
DRUCK
10
103.914
20
46.474
30
0
0
VERTEX
8
DRUCK
10
104.031
20
46.241
30
0
0
VERTEX
8
DRUCK
10
104.147
20
45.891
30
0
0
VERTEX
8
DRUCK
10
104.147
20
45.309
30
0
0
VERTEX
8
DRUCK
10
104.031
20
44.959
30
0
0
VERTEX
8
DRUCK
10
103.914
20
44.726
30
0
0
VERTEX
8
DRUCK
10
103.681
20
44.493
30
0
0
VERTEX
8
DRUCK
10
103.331
20
44.376
30
0
0
VERTEX
8
DRUCK
10
102.515
20
44.376
30
0
0
SEQEND
8
DRUCK
0
LINE
8
DRUCK
10
115.35
20
52.68
30
0
11
114.6
21
51.381
31
0
0
LINE
8
DRUCK
10
111.58
20
56.45
30
0
11
110.281
21
55.7
31
0
0
LINE
8
DRUCK
10
110.2
20
61.6
30
0
11
108.7
21
61.6
31
0
0
LINE
8
DRUCK
10
111.58
20
66.75
30
0
11
110.281
21
67.5
31
0
0
LINE
8
DRUCK
10
115.35
20
70.52
30
0
11
114.6
21
71.819
31
0
0
LINE
8
DRUCK
10
120.5
20
71.9
30
0
11
120.5
21
73.4
31
0
0
LINE
8
DRUCK
10
125.65
20
70.52
30
0
11
126.4
21
71.819
31
0
0
LINE
8
DRUCK
10
129.42
20
66.75
30
0
11
130.719
21
67.5
31
0
0
LINE
8
DRUCK
10
130.8
20
61.6
30
0
11
132.3
21
61.6
31
0
0
LINE
8
DRUCK
10
129.42
20
56.45
30
0
11
130.719
21
55.7
31
0
0
LINE
8
DRUCK
10
125.65
20
52.68
30
0
11
126.4
21
51.381
31
0
0
POLYLINE
8
DRUCK
66
1
70
0
0
VERTEX
8
DRUCK
10
113.614
20
50.722
30
0
0
VERTEX
8
DRUCK
10
113.357
20
50.636
30
0
0
VERTEX
8
DRUCK
10
113.186
20
50.379
30
0
0
VERTEX
8
DRUCK
10
113.1
20
49.951
30
0
0
VERTEX
8
DRUCK
10
113.1
20
49.693
30
0
0
VERTEX
8
DRUCK
10
113.186
20
49.265
30
0
0
VERTEX
8
DRUCK
10
113.357
20
49.008
30
0
0
VERTEX
8
DRUCK
10
113.614
20
48.922
30
0
0
VERTEX
8
DRUCK
10
113.786
20
48.922
30
0
0
VERTEX
8
DRUCK
10
114.043
20
49.008
30
0
0
VERTEX
8
DRUCK
10
114.214
20
49.265
30
0
0
VERTEX
8
DRUCK
10
114.3
20
49.693
30
0
0
VERTEX
8
DRUCK
10
114.3
20
49.951
30
0
0
VERTEX
8
DRUCK
10
114.214
20
50.379
30
0
0
VERTEX
8
DRUCK
10
114.043
20
50.636
30
0
0
VERTEX
8
DRUCK
10
113.786
20
50.722
30
0
0
VERTEX
8
DRUCK
10
113.614
20
50.722
30
0
0
SEQEND
8
DRUCK
0
POLYLINE
8
DRUCK
66
1
70
0
0
VERTEX
8
DRUCK
10
120.929
20
76.1
30
0
0
VERTEX
8
DRUCK
10
120.071
20
76.1
30
0
0
VERTEX
8
DRUCK
10
119.986
20
75.329
30
0
0
VERTEX
8
DRUCK
10
120.071
20
75.414
30
0
0
VERTEX
8
DRUCK
10
120.329
20
75.5
30
0
0
VERTEX
8
DRUCK
10
120.586
20
75.5
30
0
0
VERTEX
8
DRUCK
10
120.843
20
75.414
30
0
0
VERTEX
8
DRUCK
10
121.014
20
75.243
30
0
0
VERTEX
8
DRUCK
10
121.1
20
74.986
30
0
0
VERTEX
8
DRUCK
10
121.1
20
74.814
30
0
0
VERTEX
8
DRUCK
10
121.014
20
74.557
30
0
0
VERTEX
8
DRUCK
10
120.843
20
74.386
30
0
0
VERTEX
8
DRUCK
10
120.586
20
74.3
30
0
0
VERTEX
8
DRUCK
10
120.329
20
74.3
30
0
0
VERTEX
8
DRUCK
10
120.071
20
74.386
30
0
0
VERTEX
8
DRUCK
10
119.986
20
74.471
30
0
0
VERTEX
8
DRUCK
10
119.9
20
74.643
30
0
0
SEQEND
8
DRUCK
0
POLYLINE
8
DRUCK
66
1
70
0
0
VERTEX
8
DRUCK
10
126.1
20
50.379
30
0
0
VERTEX
8
DRUCK
10
126.271
20
50.465
30
0
0
VERTEX
8
DRUCK
10
126.529
20
50.722
30
0
0
VERTEX
8
DRUCK
10
126.529
20
48.922
30
0
0
SEQEND
8
DRUCK
0
POLYLINE
8
DRUCK
66
1
70
0
0
VERTEX
8
DRUCK
10
128.071
20
50.722
30
0
0
VERTEX
8
DRUCK
10
127.814
20
50.636
30
0
0
VERTEX
8
DRUCK
10
127.643
20
50.379
30
0
0
VERTEX
8
DRUCK
10
127.557
20
49.951
30
0
0
VERTEX
8
DRUCK
10
127.557
20
49.693
30
0
0
VERTEX
8
DRUCK
10
127.643
20
49.265
30
0
0
VERTEX
8
DRUCK
10
127.814
20
49.008
30
0
0
VERTEX
8
DRUCK
10
128.071
20
48.922
30
0
0
VERTEX
8
DRUCK
10
128.243
20
48.922
30
0
0
VERTEX
8
DRUCK
10
128.5
20
49.008
30
0
0
VERTEX
8
DRUCK
10
128.671
20
49.265
30
0
0
VERTEX
8
DRUCK
10
128.757
20
49.693
30
0
0
VERTEX
8
DRUCK
10
128.757
20
49.951
30
0
0
VERTEX
8
DRUCK
10
128.671
20
50.379
30
0
0
VERTEX
8
DRUCK
10
128.5
20
50.636
30
0
0
VERTEX
8
DRUCK
10
128.243
20
50.722
30
0
0
VERTEX
8
DRUCK
10
128.071
20
50.722
30
0
0
SEQEND
8
DRUCK
0
POLYLINE
8
DRUCK
66
1
70
0
0
VERTEX
8
DRUCK
10
115.721
20
46.824
30
0
0
VERTEX
8
DRUCK
10
115.721
20
44.376
30
0
0
SEQEND
8
DRUCK
0
POLYLINE
8
DRUCK
66
1
70
0
0
VERTEX
8
DRUCK
10
115.721
20
44.376
30
0
0
VERTEX
8
DRUCK
10
117.119
20
44.376
30
0
0
SEQEND
8
DRUCK
0
POLYLINE
8
DRUCK
66
1
70
0
0
VERTEX
8
DRUCK
10
117.702
20
46.824
30
0
0
VERTEX
8
DRUCK
10
117.702
20
44.376
30
0
0
SEQEND
8
DRUCK
0
POLYLINE
8
DRUCK
66
1
70
0
0
VERTEX
8
DRUCK
10
117.702
20
46.824
30
0
0
VERTEX
8
DRUCK
10
119.218
20
46.824
30
0
0
SEQEND
8
DRUCK
0
POLYLINE
8
DRUCK
66
1
70
0
0
VERTEX
8
DRUCK
10
117.702
20
45.658
30
0
0
VERTEX
8
DRUCK
10
118.635
20
45.658
30
0
0
SEQEND
8
DRUCK
0
POLYLINE
8
DRUCK
66
1
70
0
0
VERTEX
8
DRUCK
10
117.702
20
44.376
30
0
0
VERTEX
8
DRUCK
10
119.218
20
44.376
30
0
0
SEQEND
8
DRUCK
0
POLYLINE
8
DRUCK
66
1
70
0
0
VERTEX
8
DRUCK
10
119.567
20
46.824
30
0
0
VERTEX
8
DRUCK
10
120.5
20
44.376
30
0
0
SEQEND
8
DRUCK
0
POLYLINE
8
DRUCK
66
1
70
0
0
VERTEX
8
DRUCK
10
121.433
20
46.824
30
0
0
VERTEX
8
DRUCK
10
120.5
20
44.376
30
0
0
SEQEND
8
DRUCK
0
POLYLINE
8
DRUCK
66
1
70
0
0
VERTEX
8
DRUCK
10
122.015
20
46.824
30
0
0
VERTEX
8
DRUCK
10
122.015
20
44.376
30
0
0
SEQEND
8
DRUCK
0
POLYLINE
8
DRUCK
66
1
70
0
0
VERTEX
8
DRUCK
10
122.015
20
46.824
30
0
0
VERTEX
8
DRUCK
10
123.531
20
46.824
30
0
0
SEQEND
8
DRUCK
0
POLYLINE
8
DRUCK
66
1
70
0
0
VERTEX
8
DRUCK
10
122.015
20
45.658
30
0
0
VERTEX
8
DRUCK
10
122.948
20
45.658
30
0
0
SEQEND
8
DRUCK
0
POLYLINE
8
DRUCK
66
1
70
0
0
VERTEX
8
DRUCK
10
122.015
20
44.376
30
0
0
VERTEX
8
DRUCK
10
123.531
20
44.376
30
0
0
SEQEND
8
DRUCK
0
POLYLINE
8
DRUCK
66
1
70
0
0
VERTEX
8
DRUCK
10
124.23
20
46.824
30
0
0
VERTEX
8
DRUCK
10
124.23
20
44.376
30
0
0
SEQEND
8
DRUCK
0
POLYLINE
8
DRUCK
66
1
70
0
0
VERTEX
8
DRUCK
10
124.23
20
44.376
30
0
0
VERTEX
8
DRUCK
10
125.629
20
44.376
30
0
0
SEQEND
8
DRUCK
0
POLYLINE
8
DRUCK
66
1
70
0
0
VERTEX
8
DRUCK
10
49.552
20
6.324
30
0
0
VERTEX
8
DRUCK
10
48.619
20
3.876
30
0
0
SEQEND
8
DRUCK
0
POLYLINE
8
DRUCK
66
1
70
0
0
VERTEX
8
DRUCK
10
49.552
20
6.324
30
0
0
VERTEX
8
DRUCK
10
50.485
20
3.876
30
0
0
SEQEND
8
DRUCK
0
POLYLINE
8
DRUCK
66
1
70
0
0
VERTEX
8
DRUCK
10
48.969
20
4.692
30
0
0
VERTEX
8
DRUCK
10
50.135
20
4.692
30
0
0
SEQEND
8
DRUCK
0
POLYLINE
8
DRUCK
66
1
70
0
0
VERTEX
8
DRUCK
10
51.067
20
6.324
30
0
0
VERTEX
8
DRUCK
10
51.067
20
4.575
30
0
0
VERTEX
8
DRUCK
10
51.184
20
4.226
30
0
0
VERTEX
8
DRUCK
10
51.417
20
3.993
30
0
0
VERTEX
8
DRUCK
10
51.767
20
3.876
30
0
0
VERTEX
8
DRUCK
10
52
20
3.876
30
0
0
VERTEX
8
DRUCK
10
52.35
20
3.993
30
0
0
VERTEX
8
DRUCK
10
52.583
20
4.226
30
0
0
VERTEX
8
DRUCK
10
52.699
20
4.575
30
0
0
VERTEX
8
DRUCK
10
52.699
20
6.324
30
0
0
SEQEND
8
DRUCK
0
POLYLINE
8
DRUCK
66
1
70
0
0
VERTEX
8
DRUCK
10
53.515
20
6.324
30
0
0
VERTEX
8
DRUCK
10
55.147
20
3.876
30
0
0
SEQEND
8
DRUCK
0
POLYLINE
8
DRUCK
66
1
70
0
0
VERTEX
8
DRUCK
10
55.147
20
6.324
30
0
0
VERTEX
8
DRUCK
10
53.515
20
3.876
30
0
0
SEQEND
8
DRUCK
0
LINE
8
DRUCK
10
74.85
20
12.18
30
0
11
74.1
21
10.881
31
0
0
LINE
8
DRUCK
10
71.08
20
15.95
30
0
11
69.781
21
15.2
31
0
0
LINE
8
DRUCK
10
69.7
20
21.1
30
0
11
68.2
21
21.1
31
0
0
LINE
8
DRUCK
10
71.08
20
26.25
30
0
11
69.781
21
27
31
0
0
LINE
8
DRUCK
10
74.85
20
30.02
30
0
11
74.1
21
31.319
31
0
0
LINE
8
DRUCK
10
80
20
31.4
30
0
11
80
21
32.9
31
0
0
LINE
8
DRUCK
10
85.15
20
30.02
30
0
11
85.9
21
31.319
31
0
0
LINE
8
DRUCK
10
88.92
20
26.25
30
0
11
90.219
21
27
31
0
0
LINE
8
DRUCK
10
90.3
20
21.1
30
0
11
91.8
21
21.1
31
0
0
LINE
8
DRUCK
10
88.92
20
15.95
30
0
11
90.219
21
15.2
31
0
0
LINE
8
DRUCK
10
85.15
20
12.18
30
0
11
85.9
21
10.881
31
0
0
POLYLINE
8
DRUCK
66
1
70
0
0
VERTEX
8
DRUCK
10
73.114
20
10.222
30
0
0
VERTEX
8
DRUCK
10
72.857
20
10.136
30
0
0
VERTEX
8
DRUCK
10
72.686
20
9.879
30
0
0
VERTEX
8
DRUCK
10
72.6
20
9.451
30
0
0
VERTEX
8
DRUCK
10
72.6
20
9.193
30
0
0
VERTEX
8
DRUCK
10
72.686
20
8.765
30
0
0
VERTEX
8
DRUCK
10
72.857
20
8.508
30
0
0
VERTEX
8
DRUCK
10
73.114
20
8.422
30
0
0
VERTEX
8
DRUCK
10
73.286
20
8.422
30
0
0
VERTEX
8
DRUCK
10
73.543
20
8.508
30
0
0
VERTEX
8
DRUCK
10
73.714
20
8.765
30
0
0
VERTEX
8
DRUCK
10
73.8
20
9.193
30
0
0
VERTEX
8
DRUCK
10
73.8
20
9.451
30
0
0
VERTEX
8
DRUCK
10
73.714
20
9.879
30
0
0
VERTEX
8
DRUCK
10
73.543
20
10.136
30
0
0
VERTEX
8
DRUCK
10
73.286
20
10.222
30
0
0
VERTEX
8
DRUCK
10
73.114
20
10.222
30
0
0
SEQEND
8
DRUCK
0
POLYLINE
8
DRUCK
66
1
70
0
0
VERTEX
8
DRUCK
10
67.879
20
14.857
30
0
0
VERTEX
8
DRUCK
10
68.051
20
14.943
30
0
0
VERTEX
8
DRUCK
10
68.308
20
15.2
30
0
0
VERTEX
8
DRUCK
10
68.308
20
13.4
30
0
0
SEQEND
8
DRUCK
0
POLYLINE
8
DRUCK
66
1
70
0
0
VERTEX
8
DRUCK
10
65.886
20
21.571
30
0
0
VERTEX
8
DRUCK
10
65.886
20
21.657
30
0
0
VERTEX
8
DRUCK
10
65.971
20
21.829
30
0
0
VERTEX
8
DRUCK
10
66.057
20
21.914
30
0
0
VERTEX
8
DRUCK
10
66.229
20
22
30
0
0
VERTEX
8
DRUCK
10
66.571
20
22
30
0
0
VERTEX
8
DRUCK
10
66.743
20
21.914
30
0
0
VERTEX
8
DRUCK
10
66.829
20
21.829
30
0
0
VERTEX
8
DRUCK
10
66.914
20
21.657
30
0
0
VERTEX
8
DRUCK
10
66.914
20
21.486
30
0
0
VERTEX
8
DRUCK
10
66.829
20
21.314
30
0
0
VERTEX
8
DRUCK
10
66.657
20
21.057
30
0
0
VERTEX
8
DRUCK
10
65.8
20
20.2
30
0
0
VERTEX
8
DRUCK
10
67
20
20.2
30
0
0
SEQEND
8
DRUCK
0
POLYLINE
8
DRUCK
66
1
70
0
0
VERTEX
8
DRUCK
10
67.793
20
28.8
30
0
0
VERTEX
8
DRUCK
10
68.736
20
28.8
30
0
0
VERTEX
8
DRUCK
10
68.222
20
28.114
30
0
0
VERTEX
8
DRUCK
10
68.479
20
28.114
30
0
0
VERTEX
8
DRUCK
10
68.651
20
28.029
30
0
0
VERTEX
8
DRUCK
10
68.736
20
27.943
30
0
0
VERTEX
8
DRUCK
10
68.822
20
27.686
30
0
0
VERTEX
8
DRUCK
10
68.822
20
27.514
30
0
0
VERTEX
8
DRUCK
10
68.736
20
27.257
30
0
0
VERTEX
8
DRUCK
10
68.565
20
27.086
30
0
0
VERTEX
8
DRUCK
10
68.308
20
27
30
0
0
VERTEX
8
DRUCK
10
68.051
20
27
30
0
0
VERTEX
8
DRUCK
10
67.793
20
27.086
30
0
0
VERTEX
8
DRUCK
10
67.708
20
27.171
30
0
0
VERTEX
8
DRUCK
10
67.622
20
27.343
30
0
0
SEQEND
8
DRUCK
0
POLYLINE
8
DRUCK
66
1
70
0
0
VERTEX
8
DRUCK
10
73.457
20
33.778
30
0
0
VERTEX
8
DRUCK
10
72.6
20
32.578
30
0
0
VERTEX
8
DRUCK
10
73.886
20
32.578
30
0
0
SEQEND
8
DRUCK
0
POLYLINE
8
DRUCK
66
1
70
0
0
VERTEX
8
DRUCK
10
73.457
20
33.778
30
0
0
VERTEX
8
DRUCK
10
73.457
20
31.978
30
0
0
SEQEND
8
DRUCK
0
POLYLINE
8
DRUCK
66
1
70
0
0
VERTEX
8
DRUCK
10
80.429
20
35.6
30
0
0
VERTEX
8
DRUCK
10
79.571
20
35.6
30
0
0
VERTEX
8
DRUCK
10
79.486
20
34.829
30
0
0
VERTEX
8
DRUCK
10
79.571
20
34.914
30
0
0
VERTEX
8
DRUCK
10
79.829
20
35
30
0
0
VERTEX
8
DRUCK
10
80.086
20
35
30
0
0
VERTEX
8
DRUCK
10
80.343
20
34.914
30
0
0
VERTEX
8
DRUCK
10
80.514
20
34.743
30
0
0
VERTEX
8
DRUCK
10
80.6
20
34.486
30
0
0
VERTEX
8
DRUCK
10
80.6
20
34.314
30
0
0
VERTEX
8
DRUCK
10
80.514
20
34.057
30
0
0
VERTEX
8
DRUCK
10
80.343
20
33.886
30
0
0
VERTEX
8
DRUCK
10
80.086
20
33.8
30
0
0
VERTEX
8
DRUCK
10
79.829
20
33.8
30
0
0
VERTEX
8
DRUCK
10
79.571
20
33.886
30
0
0
VERTEX
8
DRUCK
10
79.486
20
33.971
30
0
0
VERTEX
8
DRUCK
10
79.4
20
34.143
30
0
0
SEQEND
8
DRUCK
0
POLYLINE
8
DRUCK
66
1
70
0
0
VERTEX
8
DRUCK
10
87.314
20
33.521
30
0
0
VERTEX
8
DRUCK
10
87.229
20
33.692
30
0
0
VERTEX
8
DRUCK
10
86.971
20
33.778
30
0
0
VERTEX
8
DRUCK
10
86.8
20
33.778
30
0
0
VERTEX
8
DRUCK
10
86.543
20
33.692
30
0
0
VERTEX
8
DRUCK
10
86.371
20
33.435
30
0
0
VERTEX
8
DRUCK
10
86.286
20
33.007
30
0
0
VERTEX
8
DRUCK
10
86.286
20
32.578
30
0
0
VERTEX
8
DRUCK
10
86.371
20
32.235
30
0
0
VERTEX
8
DRUCK
10
86.543
20
32.064
30
0
0
VERTEX
8
DRUCK
10
86.8
20
31.978
30
0
0
VERTEX
8
DRUCK
10
86.886
20
31.978
30
0
0
VERTEX
8
DRUCK
10
87.143
20
32.064
30
0
0
VERTEX
8
DRUCK
10
87.314
20
32.235
30
0
0
VERTEX
8
DRUCK
10
87.4
20
32.492
30
0
0
VERTEX
8
DRUCK
10
87.4
20
32.578
30
0
0
VERTEX
8
DRUCK
10
87.314
20
32.835
30
0
0
VERTEX
8
DRUCK
10
87.143
20
33.007
30
0
0
VERTEX
8
DRUCK
10
86.886
20
33.092
30
0
0
VERTEX
8
DRUCK
10
86.8
20
33.092
30
0
0
VERTEX
8
DRUCK
10
86.543
20
33.007
30
0
0
VERTEX
8
DRUCK
10
86.371
20
32.835
30
0
0
VERTEX
8
DRUCK
10
86.286
20
32.578
30
0
0
SEQEND
8
DRUCK
0
POLYLINE
8
DRUCK
66
1
70
0
0
VERTEX
8
DRUCK
10
92.378
20
28.8
30
0
0
VERTEX
8
DRUCK
10
91.521
20
27
30
0
0
SEQEND
8
DRUCK
0
POLYLINE
8
DRUCK
66
1
70
0
0
VERTEX
8
DRUCK
10
91.178
20
28.8
30
0
0
VERTEX
8
DRUCK
10
92.378
20
28.8
30
0
0
SEQEND
8
DRUCK
0
POLYLINE
8
DRUCK
66
1
70
0
0
VERTEX
8
DRUCK
10
93.429
20
22
30
0
0
VERTEX
8
DRUCK
10
93.171
20
21.914
30
0
0
VERTEX
8
DRUCK
10
93.086
20
21.743
30
0
0
VERTEX
8
DRUCK
10
93.086
20
21.571
30
0
0
VERTEX
8
DRUCK
10
93.171
20
21.4
30
0
0
VERTEX
8
DRUCK
10
93.343
20
21.314
30
0
0
VERTEX
8
DRUCK
10
93.686
20
21.229
30
0
0
VERTEX
8
DRUCK
10
93.943
20
21.143
30
0
0
VERTEX
8
DRUCK
10
94.114
20
20.971
30
0
0
VERTEX
8
DRUCK
10
94.2
20
20.8
30
0
0
VERTEX
8
DRUCK
10
94.2
20
20.543
30
0
0
VERTEX
8
DRUCK
10
94.114
20
20.371
30
0
0
VERTEX
8
DRUCK
10
94.029
20
20.286
30
0
0
VERTEX
8
DRUCK
10
93.771
20
20.2
30
0
0
VERTEX
8
DRUCK
10
93.429
20
20.2
30
0
0
VERTEX
8
DRUCK
10
93.171
20
20.286
30
0
0
VERTEX
8
DRUCK
10
93.086
20
20.371
30
0
0
VERTEX
8
DRUCK
10
93
20
20.543
30
0
0
VERTEX
8
DRUCK
10
93
20
20.8
30
0
0
VERTEX
8
DRUCK
10
93.086
20
20.971
30
0
0
VERTEX
8
DRUCK
10
93.257
20
21.143
30
0
0
VERTEX
8
DRUCK
10
93.514
20
21.229
30
0
0
VERTEX
8
DRUCK
10
93.857
20
21.314
30
0
0
VERTEX
8
DRUCK
10
94.029
20
21.4
30
0
0
VERTEX
8
DRUCK
10
94.114
20
21.571
30
0
0
VERTEX
8
DRUCK
10
94.114
20
21.743
30
0
0
VERTEX
8
DRUCK
10
94.029
20
21.914
30
0
0
VERTEX
8
DRUCK
10
93.771
20
22
30
0
0
VERTEX
8
DRUCK
10
93.429
20
22
30
0
0
SEQEND
8
DRUCK
0
POLYLINE
8
DRUCK
66
1
70
0
0
VERTEX
8
DRUCK
10
92.292
20
14.6
30
0
0
VERTEX
8
DRUCK
10
92.207
20
14.343
30
0
0
VERTEX
8
DRUCK
10
92.035
20
14.171
30
0
0
VERTEX
8
DRUCK
10
91.778
20
14.086
30
0
0
VERTEX
8
DRUCK
10
91.692
20
14.086
30
0
0
VERTEX
8
DRUCK
10
91.435
20
14.171
30
0
0
VERTEX
8
DRUCK
10
91.264
20
14.343
30
0
0
VERTEX
8
DRUCK
10
91.178
20
14.6
30
0
0
VERTEX
8
DRUCK
10
91.178
20
14.686
30
0
0
VERTEX
8
DRUCK
10
91.264
20
14.943
30
0
0
VERTEX
8
DRUCK
10
91.435
20
15.114
30
0
0
VERTEX
8
DRUCK
10
91.692
20
15.2
30
0
0
VERTEX
8
DRUCK
10
91.778
20
15.2
30
0
0
VERTEX
8
DRUCK
10
92.035
20
15.114
30
0
0
VERTEX
8
DRUCK
10
92.207
20
14.943
30
0
0
VERTEX
8
DRUCK
10
92.292
20
14.6
30
0
0
VERTEX
8
DRUCK
10
92.292
20
14.171
30
0
0
VERTEX
8
DRUCK
10
92.207
20
13.743
30
0
0
VERTEX
8
DRUCK
10
92.035
20
13.486
30
0
0
VERTEX
8
DRUCK
10
91.778
20
13.4
30
0
0
VERTEX
8
DRUCK
10
91.607
20
13.4
30
0
0
VERTEX
8
DRUCK
10
91.349
20
13.486
30
0
0
VERTEX
8
DRUCK
10
91.264
20
13.657
30
0
0
SEQEND
8
DRUCK
0
POLYLINE
8
DRUCK
66
1
70
0
0
VERTEX
8
DRUCK
10
85.6
20
9.879
30
0
0
VERTEX
8
DRUCK
10
85.771
20
9.965
30
0
0
VERTEX
8
DRUCK
10
86.029
20
10.222
30
0
0
VERTEX
8
DRUCK
10
86.029
20
8.422
30
0
0
SEQEND
8
DRUCK
0
POLYLINE
8
DRUCK
66
1
70
0
0
VERTEX
8
DRUCK
10
87.571
20
10.222
30
0
0
VERTEX
8
DRUCK
10
87.314
20
10.136
30
0
0
VERTEX
8
DRUCK
10
87.143
20
9.879
30
0
0
VERTEX
8
DRUCK
10
87.057
20
9.451
30
0
0
VERTEX
8
DRUCK
10
87.057
20
9.193
30
0
0
VERTEX
8
DRUCK
10
87.143
20
8.765
30
0
0
VERTEX
8
DRUCK
10
87.314
20
8.508
30
0
0
VERTEX
8
DRUCK
10
87.571
20
8.422
30
0
0
VERTEX
8
DRUCK
10
87.743
20
8.422
30
0
0
VERTEX
8
DRUCK
10
88
20
8.508
30
0
0
VERTEX
8
DRUCK
10
88.171
20
8.765
30
0
0
VERTEX
8
DRUCK
10
88.257
20
9.193
30
0
0
VERTEX
8
DRUCK
10
88.257
20
9.451
30
0
0
VERTEX
8
DRUCK
10
88.171
20
9.879
30
0
0
VERTEX
8
DRUCK
10
88
20
10.136
30
0
0
VERTEX
8
DRUCK
10
87.743
20
10.222
30
0
0
VERTEX
8
DRUCK
10
87.571
20
10.222
30
0
0
SEQEND
8
DRUCK
0
POLYLINE
8
DRUCK
66
1
70
0
0
VERTEX
8
DRUCK
10
75.221
20
6.324
30
0
0
VERTEX
8
DRUCK
10
75.221
20
3.876
30
0
0
SEQEND
8
DRUCK
0
POLYLINE
8
DRUCK
66
1
70
0
0
VERTEX
8
DRUCK
10
75.221
20
3.876
30
0
0
VERTEX
8
DRUCK
10
76.619
20
3.876
30
0
0
SEQEND
8
DRUCK
0
POLYLINE
8
DRUCK
66
1
70
0
0
VERTEX
8
DRUCK
10
77.202
20
6.324
30
0
0
VERTEX
8
DRUCK
10
77.202
20
3.876
30
0
0
SEQEND
8
DRUCK
0
POLYLINE
8
DRUCK
66
1
70
0
0
VERTEX
8
DRUCK
10
77.202
20
6.324
30
0
0
VERTEX
8
DRUCK
10
78.718
20
6.324
30
0
0
SEQEND
8
DRUCK
0
POLYLINE
8
DRUCK
66
1
70
0
0
VERTEX
8
DRUCK
10
77.202
20
5.158
30
0
0
VERTEX
8
DRUCK
10
78.135
20
5.158
30
0
0
SEQEND
8
DRUCK
0
POLYLINE
8
DRUCK
66
1
70
0
0
VERTEX
8
DRUCK
10
77.202
20
3.876
30
0
0
VERTEX
8
DRUCK
10
78.718
20
3.876
30
0
0
SEQEND
8
DRUCK
0
POLYLINE
8
DRUCK
66
1
70
0
0
VERTEX
8
DRUCK
10
79.067
20
6.324
30
0
0
VERTEX
8
DRUCK
10
80
20
3.876
30
0
0
SEQEND
8
DRUCK
0
POLYLINE
8
DRUCK
66
1
70
0
0
VERTEX
8
DRUCK
10
80.933
20
6.324
30
0
0
VERTEX
8
DRUCK
10
80
20
3.876
30
0
0
SEQEND
8
DRUCK
0
POLYLINE
8
DRUCK
66
1
70
0
0
VERTEX
8
DRUCK
10
81.515
20
6.324
30
0
0
VERTEX
8
DRUCK
10
81.515
20
3.876
30
0
0
SEQEND
8
DRUCK
0
POLYLINE
8
DRUCK
66
1
70
0
0
VERTEX
8
DRUCK
10
81.515
20
6.324
30
0
0
VERTEX
8
DRUCK
10
83.031
20
6.324
30
0
0
SEQEND
8
DRUCK
0
POLYLINE
8
DRUCK
66
1
70
0
0
VERTEX
8
DRUCK
10
81.515
20
5.158
30
0
0
VERTEX
8
DRUCK
10
82.448
20
5.158
30
0
0
SEQEND
8
DRUCK
0
POLYLINE
8
DRUCK
66
1
70
0
0
VERTEX
8
DRUCK
10
81.515
20
3.876
30
0
0
VERTEX
8
DRUCK
10
83.031
20
3.876
30
0
0
SEQEND
8
DRUCK
0
POLYLINE
8
DRUCK
66
1
70
0
0
VERTEX
8
DRUCK
10
83.73
20
6.324
30
0
0
VERTEX
8
DRUCK
10
83.73
20
3.876
30
0
0
SEQEND
8
DRUCK
0
POLYLINE
8
DRUCK
66
1
70
0
0
VERTEX
8
DRUCK
10
83.73
20
3.876
30
0
0
VERTEX
8
DRUCK
10
85.129
20
3.876
30
0
0
SEQEND
8
DRUCK
0
POLYLINE
8
DRUCK
66
1
70
0
0
VERTEX
8
DRUCK
10
97.386
20
33.816
30
0
0
VERTEX
8
DRUCK
10
97.386
20
31.584
30
0
0
SEQEND
8
DRUCK
0
POLYLINE
8
DRUCK
66
1
70
0
0
VERTEX
8
DRUCK
10
97.386
20
33.816
30
0
0
VERTEX
8
DRUCK
10
98.13
20
33.816
30
0
0
VERTEX
8
DRUCK
10
98.449
20
33.71
30
0
0
VERTEX
8
DRUCK
10
98.662
20
33.497
30
0
0
VERTEX
8
DRUCK
10
98.768
20
33.285
30
0
0
VERTEX
8
DRUCK
10
98.874
20
32.966
30
0
0
VERTEX
8
DRUCK
10
98.874
20
32.434
30
0
0
VERTEX
8
DRUCK
10
98.768
20
32.115
30
0
0
VERTEX
8
DRUCK
10
98.662
20
31.903
30
0
0
VERTEX
8
DRUCK
10
98.449
20
31.69
30
0
0
VERTEX
8
DRUCK
10
98.13
20
31.584
30
0
0
VERTEX
8
DRUCK
10
97.386
20
31.584
30
0
0
SEQEND
8
DRUCK
0
POLYLINE
8
DRUCK
66
1
70
0
0
VERTEX
8
DRUCK
10
99.512
20
32.434
30
0
0
VERTEX
8
DRUCK
10
100.787
20
32.434
30
0
0
VERTEX
8
DRUCK
10
100.787
20
32.647
30
0
0
VERTEX
8
DRUCK
10
100.681
20
32.859
30
0
0
VERTEX
8
DRUCK
10
100.575
20
32.966
30
0
0
VERTEX
8
DRUCK
10
100.362
20
33.072
30
0
0
VERTEX
8
DRUCK
10
100.043
20
33.072
30
0
0
VERTEX
8
DRUCK
10
99.831
20
32.966
30
0
0
VERTEX
8
DRUCK
10
99.618
20
32.753
30
0
0
VERTEX
8
DRUCK
10
99.512
20
32.434
30
0
0
VERTEX
8
DRUCK
10
99.512
20
32.222
30
0
0
VERTEX
8
DRUCK
10
99.618
20
31.903
30
0
0
VERTEX
8
DRUCK
10
99.831
20
31.69
30
0
0
VERTEX
8
DRUCK
10
100.043
20
31.584
30
0
0
VERTEX
8
DRUCK
10
100.362
20
31.584
30
0
0
VERTEX
8
DRUCK
10
100.575
20
31.69
30
0
0
VERTEX
8
DRUCK
10
100.787
20
31.903
30
0
0
SEQEND
8
DRUCK
0
POLYLINE
8
DRUCK
66
1
70
0
0
VERTEX
8
DRUCK
10
101.425
20
32.434
30
0
0
VERTEX
8
DRUCK
10
102.701
20
32.434
30
0
0
VERTEX
8
DRUCK
10
102.701
20
32.647
30
0
0
VERTEX
8
DRUCK
10
102.594
20
32.859
30
0
0
VERTEX
8
DRUCK
10
102.488
20
32.966
30
0
0
VERTEX
8
DRUCK
10
102.275
20
33.072
30
0
0
VERTEX
8
DRUCK
10
101.957
20
33.072
30
0
0
VERTEX
8
DRUCK
10
101.744
20
32.966
30
0
0
VERTEX
8
DRUCK
10
101.531
20
32.753
30
0
0
VERTEX
8
DRUCK
10
101.425
20
32.434
30
0
0
VERTEX
8
DRUCK
10
101.425
20
32.222
30
0
0
VERTEX
8
DRUCK
10
101.531
20
31.903
30
0
0
VERTEX
8
DRUCK
10
101.744
20
31.69
30
0
0
VERTEX
8
DRUCK
10
101.957
20
31.584
30
0
0
VERTEX
8
DRUCK
10
102.275
20
31.584
30
0
0
VERTEX
8
DRUCK
10
102.488
20
31.69
30
0
0
VERTEX
8
DRUCK
10
102.701
20
31.903
30
0
0
SEQEND
8
DRUCK
0
POLYLINE
8
DRUCK
66
1
70
0
0
VERTEX
8
DRUCK
10
103.445
20
33.072
30
0
0
VERTEX
8
DRUCK
10
103.445
20
30.84
30
0
0
SEQEND
8
DRUCK
0
POLYLINE
8
DRUCK
66
1
70
0
0
VERTEX
8
DRUCK
10
103.445
20
32.753
30
0
0
VERTEX
8
DRUCK
10
103.657
20
32.966
30
0
0
VERTEX
8
DRUCK
10
103.87
20
33.072
30
0
0
VERTEX
8
DRUCK
10
104.189
20
33.072
30
0
0
VERTEX
8
DRUCK
10
104.401
20
32.966
30
0
0
VERTEX
8
DRUCK
10
104.614
20
32.753
30
0
0
VERTEX
8
DRUCK
10
104.72
20
32.434
30
0
0
VERTEX
8
DRUCK
10
104.72
20
32.222
30
0
0
VERTEX
8
DRUCK
10
104.614
20
31.903
30
0
0
VERTEX
8
DRUCK
10
104.401
20
31.69
30
0
0
VERTEX
8
DRUCK
10
104.189
20
31.584
30
0
0
VERTEX
8
DRUCK
10
103.87
20
31.584
30
0
0
VERTEX
8
DRUCK
10
103.657
20
31.69
30
0
0
VERTEX
8
DRUCK
10
103.445
20
31.903
30
0
0
SEQEND
8
DRUCK
0
POLYLINE
8
DRUCK
66
1
70
0
0
VERTEX
8
DRUCK
10
96.43
20
30.216
30
0
0
VERTEX
8
DRUCK
10
96.43
20
27.984
30
0
0
SEQEND
8
DRUCK
0
POLYLINE
8
DRUCK
66
1
70
0
0
VERTEX
8
DRUCK
10
96.43
20
30.216
30
0
0
VERTEX
8
DRUCK
10
97.386
20
30.216
30
0
0
VERTEX
8
DRUCK
10
97.705
20
30.11
30
0
0
VERTEX
8
DRUCK
10
97.811
20
30.003
30
0
0
VERTEX
8
DRUCK
10
97.918
20
29.791
30
0
0
VERTEX
8
DRUCK
10
97.918
20
29.472
30
0
0
VERTEX
8
DRUCK
10
97.811
20
29.259
30
0
0
VERTEX
8
DRUCK
10
97.705
20
29.153
30
0
0
VERTEX
8
DRUCK
10
97.386
20
29.047
30
0
0
VERTEX
8
DRUCK
10
96.43
20
29.047
30
0
0
SEQEND
8
DRUCK
0
POLYLINE
8
DRUCK
66
1
70
0
0
VERTEX
8
DRUCK
10
98.662
20
30.216
30
0
0
VERTEX
8
DRUCK
10
98.662
20
27.984
30
0
0
SEQEND
8
DRUCK
0
POLYLINE
8
DRUCK
66
1
70
0
0
VERTEX
8
DRUCK
10
98.662
20
29.047
30
0
0
VERTEX
8
DRUCK
10
98.981
20
29.366
30
0
0
VERTEX
8
DRUCK
10
99.193
20
29.472
30
0
0
VERTEX
8
DRUCK
10
99.512
20
29.472
30
0
0
VERTEX
8
DRUCK
10
99.725
20
29.366
30
0
0
VERTEX
8
DRUCK
10
99.831
20
29.047
30
0
0
VERTEX
8
DRUCK
10
99.831
20
27.984
30
0
0
SEQEND
8
DRUCK
0
POLYLINE
8
DRUCK
66
1
70
0
0
VERTEX
8
DRUCK
10
101.85
20
29.472
30
0
0
VERTEX
8
DRUCK
10
101.85
20
27.984
30
0
0
SEQEND
8
DRUCK
0
POLYLINE
8
DRUCK
66
1
70
0
0
VERTEX
8
DRUCK
10
101.85
20
29.153
30
0
0
VERTEX
8
DRUCK
10
101.638
20
29.366
30
0
0
VERTEX
8
DRUCK
10
101.425
20
29.472
30
0
0
VERTEX
8
DRUCK
10
101.106
20
29.472
30
0
0
VERTEX
8
DRUCK
10
100.894
20
29.366
30
0
0
VERTEX
8
DRUCK
10
100.681
20
29.153
30
0
0
VERTEX
8
DRUCK
10
100.575
20
28.834
30
0
0
VERTEX
8
DRUCK
10
100.575
20
28.622
30
0
0
VERTEX
8
DRUCK
10
100.681
20
28.303
30
0
0
VERTEX
8
DRUCK
10
100.894
20
28.09
30
0
0
VERTEX
8
DRUCK
10
101.106
20
27.984
30
0
0
VERTEX
8
DRUCK
10
101.425
20
27.984
30
0
0
VERTEX
8
DRUCK
10
101.638
20
28.09
30
0
0
VERTEX
8
DRUCK
10
101.85
20
28.303
30
0
0
SEQEND
8
DRUCK
0
POLYLINE
8
DRUCK
66
1
70
0
0
VERTEX
8
DRUCK
10
103.763
20
29.153
30
0
0
VERTEX
8
DRUCK
10
103.657
20
29.366
30
0
0
VERTEX
8
DRUCK
10
103.338
20
29.472
30
0
0
VERTEX
8
DRUCK
10
103.019
20
29.472
30
0
0
VERTEX
8
DRUCK
10
102.701
20
29.366
30
0
0
VERTEX
8
DRUCK
10
102.594
20
29.153
30
0
0
VERTEX
8
DRUCK
10
102.701
20
28.941
30
0
0
VERTEX
8
DRUCK
10
102.913
20
28.834
30
0
0
VERTEX
8
DRUCK
10
103.445
20
28.728
30
0
0
VERTEX
8
DRUCK
10
103.657
20
28.622
30
0
0
VERTEX
8
DRUCK
10
103.763
20
28.409
30
0
0
VERTEX
8
DRUCK
10
103.763
20
28.303
30
0
0
VERTEX
8
DRUCK
10
103.657
20
28.09
30
0
0
VERTEX
8
DRUCK
10
103.338
20
27.984
30
0
0
VERTEX
8
DRUCK
10
103.019
20
27.984
30
0
0
VERTEX
8
DRUCK
10
102.701
20
28.09
30
0
0
VERTEX
8
DRUCK
10
102.594
20
28.303
30
0
0
SEQEND
8
DRUCK
0
POLYLINE
8
DRUCK
66
1
70
0
0
VERTEX
8
DRUCK
10
104.401
20
28.834
30
0
0
VERTEX
8
DRUCK
10
105.677
20
28.834
30
0
0
VERTEX
8
DRUCK
10
105.677
20
29.047
30
0
0
VERTEX
8
DRUCK
10
105.57
20
29.259
30
0
0
VERTEX
8
DRUCK
10
105.464
20
29.366
30
0
0
VERTEX
8
DRUCK
10
105.251
20
29.472
30
0
0
VERTEX
8
DRUCK
10
104.933
20
29.472
30
0
0
VERTEX
8
DRUCK
10
104.72
20
29.366
30
0
0
VERTEX
8
DRUCK
10
104.507
20
29.153
30
0
0
VERTEX
8
DRUCK
10
104.401
20
28.834
30
0
0
VERTEX
8
DRUCK
10
104.401
20
28.622
30
0
0
VERTEX
8
DRUCK
10
104.507
20
28.303
30
0
0
VERTEX
8
DRUCK
10
104.72
20
28.09
30
0
0
VERTEX
8
DRUCK
10
104.933
20
27.984
30
0
0
VERTEX
8
DRUCK
10
105.251
20
27.984
30
0
0
VERTEX
8
DRUCK
10
105.464
20
28.09
30
0
0
VERTEX
8
DRUCK
10
105.677
20
28.303
30
0
0
SEQEND
8
DRUCK
0
POLYLINE
8
DRUCK
66
1
70
0
0
VERTEX
8
DRUCK
10
96.961
20
14.216
30
0
0
VERTEX
8
DRUCK
10
96.961
20
11.984
30
0
0
SEQEND
8
DRUCK
0
POLYLINE
8
DRUCK
66
1
70
0
0
VERTEX
8
DRUCK
10
96.961
20
14.216
30
0
0
VERTEX
8
DRUCK
10
98.449
20
11.984
30
0
0
SEQEND
8
DRUCK
0
POLYLINE
8
DRUCK
66
1
70
0
0
VERTEX
8
DRUCK
10
98.449
20
14.216
30
0
0
VERTEX
8
DRUCK
10
98.449
20
11.984
30
0
0
SEQEND
8
DRUCK
0
POLYLINE
8
DRUCK
66
1
70
0
0
VERTEX
8
DRUCK
10
99.725
20
13.472
30
0
0
VERTEX
8
DRUCK
10
99.512
20
13.366
30
0
0
VERTEX
8
DRUCK
10
99.299
20
13.153
30
0
0
VERTEX
8
DRUCK
10
99.193
20
12.834
30
0
0
VERTEX
8
DRUCK
10
99.193
20
12.622
30
0
0
VERTEX
8
DRUCK
10
99.299
20
12.303
30
0
0
VERTEX
8
DRUCK
10
99.512
20
12.09
30
0
0
VERTEX
8
DRUCK
10
99.725
20
11.984
30
0
0
VERTEX
8
DRUCK
10
100.043
20
11.984
30
0
0
VERTEX
8
DRUCK
10
100.256
20
12.09
30
0
0
VERTEX
8
DRUCK
10
100.469
20
12.303
30
0
0
VERTEX
8
DRUCK
10
100.575
20
12.622
30
0
0
VERTEX
8
DRUCK
10
100.575
20
12.834
30
0
0
VERTEX
8
DRUCK
10
100.469
20
13.153
30
0
0
VERTEX
8
DRUCK
10
100.256
20
13.366
30
0
0
VERTEX
8
DRUCK
10
100.043
20
13.472
30
0
0
VERTEX
8
DRUCK
10
99.725
20
13.472
30
0
0
SEQEND
8
DRUCK
0
POLYLINE
8
DRUCK
66
1
70
0
0
VERTEX
8
DRUCK
10
101.319
20
13.472
30
0
0
VERTEX
8
DRUCK
10
101.319
20
11.984
30
0
0
SEQEND
8
DRUCK
0
POLYLINE
8
DRUCK
66
1
70
0
0
VERTEX
8
DRUCK
10
101.319
20
12.834
30
0
0
VERTEX
8
DRUCK
10
101.425
20
13.153
30
0
0
VERTEX
8
DRUCK
10
101.638
20
13.366
30
0
0
VERTEX
8
DRUCK
10
101.85
20
13.472
30
0
0
VERTEX
8
DRUCK
10
102.169
20
13.472
30
0
0
SEQEND
8
DRUCK
0
POLYLINE
8
DRUCK
66
1
70
0
0
VERTEX
8
DRUCK
10
102.701
20
13.472
30
0
0
VERTEX
8
DRUCK
10
102.701
20
11.984
30
0
0
SEQEND
8
DRUCK
0
POLYLINE
8
DRUCK
66
1
70
0
0
VERTEX
8
DRUCK
10
102.701
20
13.047
30
0
0
VERTEX
8
DRUCK
10
103.019
20
13.366
30
0
0
VERTEX
8
DRUCK
10
103.232
20
13.472
30
0
0
VERTEX
8
DRUCK
10
103.551
20
13.472
30
0
0
VERTEX
8
DRUCK
10
103.763
20
13.366
30
0
0
VERTEX
8
DRUCK
10
103.87
20
13.047
30
0
0
VERTEX
8
DRUCK
10
103.87
20
11.984
30
0
0
SEQEND
8
DRUCK
0
POLYLINE
8
DRUCK
66
1
70
0
0
VERTEX
8
DRUCK
10
103.87
20
13.047
30
0
0
VERTEX
8
DRUCK
10
104.189
20
13.366
30
0
0
VERTEX
8
DRUCK
10
104.401
20
13.472
30
0
0
VERTEX
8
DRUCK
10
104.72
20
13.472
30
0
0
VERTEX
8
DRUCK
10
104.933
20
13.366
30
0
0
VERTEX
8
DRUCK
10
105.039
20
13.047
30
0
0
VERTEX
8
DRUCK
10
105.039
20
11.984
30
0
0
SEQEND
8
DRUCK
0
POLYLINE
8
DRUCK
66
1
70
0
0
VERTEX
8
DRUCK
10
111.246
20
30.216
30
0
0
VERTEX
8
DRUCK
10
111.246
20
28.622
30
0
0
VERTEX
8
DRUCK
10
111.353
20
28.303
30
0
0
VERTEX
8
DRUCK
10
111.565
20
28.09
30
0
0
VERTEX
8
DRUCK
10
111.884
20
27.984
30
0
0
VERTEX
8
DRUCK
10
112.097
20
27.984
30
0
0
VERTEX
8
DRUCK
10
112.415
20
28.09
30
0
0
VERTEX
8
DRUCK
10
112.628
20
28.303
30
0
0
VERTEX
8
DRUCK
10
112.734
20
28.622
30
0
0
VERTEX
8
DRUCK
10
112.734
20
30.216
30
0
0
SEQEND
8
DRUCK
0
POLYLINE
8
DRUCK
66
1
70
0
0
VERTEX
8
DRUCK
10
113.585
20
29.472
30
0
0
VERTEX
8
DRUCK
10
113.585
20
27.24
30
0
0
SEQEND
8
DRUCK
0
POLYLINE
8
DRUCK
66
1
70
0
0
VERTEX
8
DRUCK
10
113.585
20
29.153
30
0
0
VERTEX
8
DRUCK
10
113.797
20
29.366
30
0
0
VERTEX
8
DRUCK
10
114.01
20
29.472
30
0
0
VERTEX
8
DRUCK
10
114.329
20
29.472
30
0
0
VERTEX
8
DRUCK
10
114.541
20
29.366
30
0
0
VERTEX
8
DRUCK
10
114.754
20
29.153
30
0
0
VERTEX
8
DRUCK
10
114.86
20
28.834
30
0
0
VERTEX
8
DRUCK
10
114.86
20
28.622
30
0
0
VERTEX
8
DRUCK
10
114.754
20
28.303
30
0
0
VERTEX
8
DRUCK
10
114.541
20
28.09
30
0
0
VERTEX
8
DRUCK
10
114.329
20
27.984
30
0
0
VERTEX
8
DRUCK
10
114.01
20
27.984
30
0
0
VERTEX
8
DRUCK
10
113.797
20
28.09
30
0
0
VERTEX
8
DRUCK
10
113.585
20
28.303
30
0
0
SEQEND
8
DRUCK
0
POLYLINE
8
DRUCK
66
1
70
0
0
VERTEX
8
DRUCK
10
109.121
20
14.216
30
0
0
VERTEX
8
DRUCK
10
109.121
20
11.984
30
0
0
SEQEND
8
DRUCK
0
POLYLINE
8
DRUCK
66
1
70
0
0
VERTEX
8
DRUCK
10
109.121
20
14.216
30
0
0
VERTEX
8
DRUCK
10
109.865
20
14.216
30
0
0
VERTEX
8
DRUCK
10
110.183
20
14.11
30
0
0
VERTEX
8
DRUCK
10
110.396
20
13.897
30
0
0
VERTEX
8
DRUCK
10
110.502
20
13.685
30
0
0
VERTEX
8
DRUCK
10
110.609
20
13.366
30
0
0
VERTEX
8
DRUCK
10
110.609
20
12.834
30
0
0
VERTEX
8
DRUCK
10
110.502
20
12.515
30
0
0
VERTEX
8
DRUCK
10
110.396
20
12.303
30
0
0
VERTEX
8
DRUCK
10
110.183
20
12.09
30
0
0
VERTEX
8
DRUCK
10
109.865
20
11.984
30
0
0
VERTEX
8
DRUCK
10
109.121
20
11.984
30
0
0
SEQEND
8
DRUCK
0
POLYLINE
8
DRUCK
66
1
70
0
0
VERTEX
8
DRUCK
10
111.778
20
13.472
30
0
0
VERTEX
8
DRUCK
10
111.565
20
13.366
30
0
0
VERTEX
8
DRUCK
10
111.353
20
13.153
30
0
0
VERTEX
8
DRUCK
10
111.246
20
12.834
30
0
0
VERTEX
8
DRUCK
10
111.246
20
12.622
30
0
0
VERTEX
8
DRUCK
10
111.353
20
12.303
30
0
0
VERTEX
8
DRUCK
10
111.565
20
12.09
30
0
0
VERTEX
8
DRUCK
10
111.778
20
11.984
30
0
0
VERTEX
8
DRUCK
10
112.097
20
11.984
30
0
0
VERTEX
8
DRUCK
10
112.309
20
12.09
30
0
0
VERTEX
8
DRUCK
10
112.522
20
12.303
30
0
0
VERTEX
8
DRUCK
10
112.628
20
12.622
30
0
0
VERTEX
8
DRUCK
10
112.628
20
12.834
30
0
0
VERTEX
8
DRUCK
10
112.522
20
13.153
30
0
0
VERTEX
8
DRUCK
10
112.309
20
13.366
30
0
0
VERTEX
8
DRUCK
10
112.097
20
13.472
30
0
0
VERTEX
8
DRUCK
10
111.778
20
13.472
30
0
0
SEQEND
8
DRUCK
0
POLYLINE
8
DRUCK
66
1
70
0
0
VERTEX
8
DRUCK
10
113.266
20
13.472
30
0
0
VERTEX
8
DRUCK
10
113.691
20
11.984
30
0
0
SEQEND
8
DRUCK
0
POLYLINE
8
DRUCK
66
1
70
0
0
VERTEX
8
DRUCK
10
114.116
20
13.472
30
0
0
VERTEX
8
DRUCK
10
113.691
20
11.984
30
0
0
SEQEND
8
DRUCK
0
POLYLINE
8
DRUCK
66
1
70
0
0
VERTEX
8
DRUCK
10
114.116
20
13.472
30
0
0
VERTEX
8
DRUCK
10
114.541
20
11.984
30
0
0
SEQEND
8
DRUCK
0
POLYLINE
8
DRUCK
66
1
70
0
0
VERTEX
8
DRUCK
10
114.966
20
13.472
30
0
0
VERTEX
8
DRUCK
10
114.541
20
11.984
30
0
0
SEQEND
8
DRUCK
0
POLYLINE
8
DRUCK
66
1
70
0
0
VERTEX
8
DRUCK
10
115.71
20
13.472
30
0
0
VERTEX
8
DRUCK
10
115.71
20
11.984
30
0
0
SEQEND
8
DRUCK
0
POLYLINE
8
DRUCK
66
1
70
0
0
VERTEX
8
DRUCK
10
115.71
20
13.047
30
0
0
VERTEX
8
DRUCK
10
116.029
20
13.366
30
0
0
VERTEX
8
DRUCK
10
116.242
20
13.472
30
0
0
VERTEX
8
DRUCK
10
116.561
20
13.472
30
0
0
VERTEX
8
DRUCK
10
116.773
20
13.366
30
0
0
VERTEX
8
DRUCK
10
116.879
20
13.047
30
0
0
VERTEX
8
DRUCK
10
116.879
20
11.984
30
0
0
SEQEND
8
DRUCK
0
POLYLINE
8
DRUCK
66
1
70
0
0
VERTEX
8
DRUCK
10
98.257
20
6.324
30
0
0
VERTEX
8
DRUCK
10
98.257
20
3.876
30
0
0
SEQEND
8
DRUCK
0
POLYLINE
8
DRUCK
66
1
70
0
0
VERTEX
8
DRUCK
10
98.257
20
6.324
30
0
0
VERTEX
8
DRUCK
10
99.773
20
6.324
30
0
0
SEQEND
8
DRUCK
0
POLYLINE
8
DRUCK
66
1
70
0
0
VERTEX
8
DRUCK
10
98.257
20
5.158
30
0
0
VERTEX
8
DRUCK
10
99.19
20
5.158
30
0
0
SEQEND
8
DRUCK
0
POLYLINE
8
DRUCK
66
1
70
0
0
VERTEX
8
DRUCK
10
100.355
20
6.324
30
0
0
VERTEX
8
DRUCK
10
100.355
20
3.876
30
0
0
SEQEND
8
DRUCK
0
POLYLINE
8
DRUCK
66
1
70
0
0
VERTEX
8
DRUCK
10
100.355
20
6.324
30
0
0
VERTEX
8
DRUCK
10
101.871
20
6.324
30
0
0
SEQEND
8
DRUCK
0
POLYLINE
8
DRUCK
66
1
70
0
0
VERTEX
8
DRUCK
10
100.355
20
5.158
30
0
0
VERTEX
8
DRUCK
10
101.288
20
5.158
30
0
0
SEQEND
8
DRUCK
0
POLYLINE
8
DRUCK
66
1
70
0
0
VERTEX
8
DRUCK
10
100.355
20
3.876
30
0
0
VERTEX
8
DRUCK
10
101.871
20
3.876
30
0
0
SEQEND
8
DRUCK
0
POLYLINE
8
DRUCK
66
1
70
0
0
VERTEX
8
DRUCK
10
102.57
20
6.324
30
0
0
VERTEX
8
DRUCK
10
102.57
20
3.876
30
0
0
SEQEND
8
DRUCK
0
POLYLINE
8
DRUCK
66
1
70
0
0
VERTEX
8
DRUCK
10
102.57
20
6.324
30
0
0
VERTEX
8
DRUCK
10
104.086
20
6.324
30
0
0
SEQEND
8
DRUCK
0
POLYLINE
8
DRUCK
66
1
70
0
0
VERTEX
8
DRUCK
10
102.57
20
5.158
30
0
0
VERTEX
8
DRUCK
10
103.503
20
5.158
30
0
0
SEQEND
8
DRUCK
0
POLYLINE
8
DRUCK
66
1
70
0
0
VERTEX
8
DRUCK
10
102.57
20
3.876
30
0
0
VERTEX
8
DRUCK
10
104.086
20
3.876
30
0
0
SEQEND
8
DRUCK
0
POLYLINE
8
DRUCK
66
1
70
0
0
VERTEX
8
DRUCK
10
104.785
20
6.324
30
0
0
VERTEX
8
DRUCK
10
104.785
20
3.876
30
0
0
SEQEND
8
DRUCK
0
POLYLINE
8
DRUCK
66
1
70
0
0
VERTEX
8
DRUCK
10
104.785
20
6.324
30
0
0
VERTEX
8
DRUCK
10
105.601
20
6.324
30
0
0
VERTEX
8
DRUCK
10
105.951
20
6.207
30
0
0
VERTEX
8
DRUCK
10
106.184
20
5.974
30
0
0
VERTEX
8
DRUCK
10
106.301
20
5.741
30
0
0
VERTEX
8
DRUCK
10
106.417
20
5.391
30
0
0
VERTEX
8
DRUCK
10
106.417
20
4.809
30
0
0
VERTEX
8
DRUCK
10
106.301
20
4.459
30
0
0
VERTEX
8
DRUCK
10
106.184
20
4.226
30
0
0
VERTEX
8
DRUCK
10
105.951
20
3.993
30
0
0
VERTEX
8
DRUCK
10
105.601
20
3.876
30
0
0
VERTEX
8
DRUCK
10
104.785
20
3.876
30
0
0
SEQEND
8
DRUCK
0
POLYLINE
8
DRUCK
66
1
70
0
0
VERTEX
8
DRUCK
10
107.233
20
6.324
30
0
0
VERTEX
8
DRUCK
10
107.233
20
3.876
30
0
0
SEQEND
8
DRUCK
0
POLYLINE
8
DRUCK
66
1
70
0
0
VERTEX
8
DRUCK
10
107.233
20
6.324
30
0
0
VERTEX
8
DRUCK
10
108.282
20
6.324
30
0
0
VERTEX
8
DRUCK
10
108.632
20
6.207
30
0
0
VERTEX
8
DRUCK
10
108.749
20
6.091
30
0
0
VERTEX
8
DRUCK
10
108.865
20
5.858
30
0
0
VERTEX
8
DRUCK
10
108.865
20
5.625
30
0
0
VERTEX
8
DRUCK
10
108.749
20
5.391
30
0
0
VERTEX
8
DRUCK
10
108.632
20
5.275
30
0
0
VERTEX
8
DRUCK
10
108.282
20
5.158
30
0
0
SEQEND
8
DRUCK
0
POLYLINE
8
DRUCK
66
1
70
0
0
VERTEX
8
DRUCK
10
107.233
20
5.158
30
0
0
VERTEX
8
DRUCK
10
108.282
20
5.158
30
0
0
VERTEX
8
DRUCK
10
108.632
20
5.042
30
0
0
VERTEX
8
DRUCK
10
108.749
20
4.925
30
0
0
VERTEX
8
DRUCK
10
108.865
20
4.692
30
0
0
VERTEX
8
DRUCK
10
108.865
20
4.342
30
0
0
VERTEX
8
DRUCK
10
108.749
20
4.109
30
0
0
VERTEX
8
DRUCK
10
108.632
20
3.993
30
0
0
VERTEX
8
DRUCK
10
108.282
20
3.876
30
0
0
VERTEX
8
DRUCK
10
107.233
20
3.876
30
0
0
SEQEND
8
DRUCK
0
POLYLINE
8
DRUCK
66
1
70
0
0
VERTEX
8
DRUCK
10
110.264
20
6.324
30
0
0
VERTEX
8
DRUCK
10
109.331
20
3.876
30
0
0
SEQEND
8
DRUCK
0
POLYLINE
8
DRUCK
66
1
70
0
0
VERTEX
8
DRUCK
10
110.264
20
6.324
30
0
0
VERTEX
8
DRUCK
10
111.197
20
3.876
30
0
0
SEQEND
8
DRUCK
0
POLYLINE
8
DRUCK
66
1
70
0
0
VERTEX
8
DRUCK
10
109.681
20
4.692
30
0
0
VERTEX
8
DRUCK
10
110.847
20
4.692
30
0
0
SEQEND
8
DRUCK
0
POLYLINE
8
DRUCK
66
1
70
0
0
VERTEX
8
DRUCK
10
113.411
20
5.741
30
0
0
VERTEX
8
DRUCK
10
113.295
20
5.974
30
0
0
VERTEX
8
DRUCK
10
113.062
20
6.207
30
0
0
VERTEX
8
DRUCK
10
112.829
20
6.324
30
0
0
VERTEX
8
DRUCK
10
112.362
20
6.324
30
0
0
VERTEX
8
DRUCK
10
112.129
20
6.207
30
0
0
VERTEX
8
DRUCK
10
111.896
20
5.974
30
0
0
VERTEX
8
DRUCK
10
111.779
20
5.741
30
0
0
VERTEX
8
DRUCK
10
111.663
20
5.391
30
0
0
VERTEX
8
DRUCK
10
111.663
20
4.809
30
0
0
VERTEX
8
DRUCK
10
111.779
20
4.459
30
0
0
VERTEX
8
DRUCK
10
111.896
20
4.226
30
0
0
VERTEX
8
DRUCK
10
112.129
20
3.993
30
0
0
VERTEX
8
DRUCK
10
112.362
20
3.876
30
0
0
VERTEX
8
DRUCK
10
112.829
20
3.876
30
0
0
VERTEX
8
DRUCK
10
113.062
20
3.993
30
0
0
VERTEX
8
DRUCK
10
113.295
20
4.226
30
0
0
VERTEX
8
DRUCK
10
113.411
20
4.459
30
0
0
SEQEND
8
DRUCK
0
POLYLINE
8
DRUCK
66
1
70
0
0
VERTEX
8
DRUCK
10
114.227
20
6.324
30
0
0
VERTEX
8
DRUCK
10
114.227
20
3.876
30
0
0
SEQEND
8
DRUCK
0
POLYLINE
8
DRUCK
66
1
70
0
0
VERTEX
8
DRUCK
10
115.859
20
6.324
30
0
0
VERTEX
8
DRUCK
10
114.227
20
4.692
30
0
0
SEQEND
8
DRUCK
0
POLYLINE
8
DRUCK
66
1
70
0
0
VERTEX
8
DRUCK
10
114.81
20
5.275
30
0
0
VERTEX
8
DRUCK
10
115.859
20
3.876
30
0
0
SEQEND
8
DRUCK
0
POLYLINE
8
DRUCK
66
1
70
0
0
VERTEX
8
DRUCK
10
139.5
20
70.974
30
0
0
VERTEX
8
DRUCK
10
139.5
20
68.876
30
0
0
SEQEND
8
DRUCK
0
POLYLINE
8
DRUCK
66
1
70
0
0
VERTEX
8
DRUCK
10
138.451
20
69.925
30
0
0
VERTEX
8
DRUCK
10
140.549
20
69.925
30
0
0
SEQEND
8
DRUCK
0
LINE
8
DRUCK
10
138.3
20
53.1
30
0
11
140.7
21
53.1
31
0
0
POLYLINE
8
DRUCK
66
1
70
0
0
VERTEX
8
DRUCK
10
134.954
20
46.824
30
0
0
VERTEX
8
DRUCK
10
134.954
20
44.376
30
0
0
SEQEND
8
DRUCK
0
POLYLINE
8
DRUCK
66
1
70
0
0
VERTEX
8
DRUCK
10
135.886
20
46.008
30
0
0
VERTEX
8
DRUCK
10
135.886
20
44.376
30
0
0
SEQEND
8
DRUCK
0
POLYLINE
8
DRUCK
66
1
70
0
0
VERTEX
8
DRUCK
10
135.886
20
45.542
30
0
0
VERTEX
8
DRUCK
10
136.236
20
45.891
30
0
0
VERTEX
8
DRUCK
10
136.469
20
46.008
30
0
0
VERTEX
8
DRUCK
10
136.819
20
46.008
30
0
0
VERTEX
8
DRUCK
10
137.052
20
45.891
30
0
0
VERTEX
8
DRUCK
10
137.169
20
45.542
30
0
0
VERTEX
8
DRUCK
10
137.169
20
44.376
30
0
0
SEQEND
8
DRUCK
0
POLYLINE
8
DRUCK
66
1
70
0
0
VERTEX
8
DRUCK
10
137.868
20
46.008
30
0
0
VERTEX
8
DRUCK
10
138.567
20
44.376
30
0
0
SEQEND
8
DRUCK
0
POLYLINE
8
DRUCK
66
1
70
0
0
VERTEX
8
DRUCK
10
139.267
20
46.008
30
0
0
VERTEX
8
DRUCK
10
138.567
20
44.376
30
0
0
SEQEND
8
DRUCK
0
POLYLINE
8
DRUCK
66
1
70
0
0
VERTEX
8
DRUCK
10
139.85
20
45.309
30
0
0
VERTEX
8
DRUCK
10
141.249
20
45.309
30
0
0
VERTEX
8
DRUCK
10
141.249
20
45.542
30
0
0
VERTEX
8
DRUCK
10
141.132
20
45.775
30
0
0
VERTEX
8
DRUCK
10
141.015
20
45.891
30
0
0
VERTEX
8
DRUCK
10
140.782
20
46.008
30
0
0
VERTEX
8
DRUCK
10
140.433
20
46.008
30
0
0
VERTEX
8
DRUCK
10
140.199
20
45.891
30
0
0
VERTEX
8
DRUCK
10
139.966
20
45.658
30
0
0
VERTEX
8
DRUCK
10
139.85
20
45.309
30
0
0
VERTEX
8
DRUCK
10
139.85
20
45.075
30
0
0
VERTEX
8
DRUCK
10
139.966
20
44.726
30
0
0
VERTEX
8
DRUCK
10
140.199
20
44.493
30
0
0
VERTEX
8
DRUCK
10
140.433
20
44.376
30
0
0
VERTEX
8
DRUCK
10
140.782
20
44.376
30
0
0
VERTEX
8
DRUCK
10
141.015
20
44.493
30
0
0
VERTEX
8
DRUCK
10
141.249
20
44.726
30
0
0
SEQEND
8
DRUCK
0
POLYLINE
8
DRUCK
66
1
70
0
0
VERTEX
8
DRUCK
10
142.065
20
46.008
30
0
0
VERTEX
8
DRUCK
10
142.065
20
44.376
30
0
0
SEQEND
8
DRUCK
0
POLYLINE
8
DRUCK
66
1
70
0
0
VERTEX
8
DRUCK
10
142.065
20
45.309
30
0
0
VERTEX
8
DRUCK
10
142.181
20
45.658
30
0
0
VERTEX
8
DRUCK
10
142.414
20
45.891
30
0
0
VERTEX
8
DRUCK
10
142.647
20
46.008
30
0
0
VERTEX
8
DRUCK
10
142.997
20
46.008
30
0
0
SEQEND
8
DRUCK
0
POLYLINE
8
DRUCK
66
1
70
0
0
VERTEX
8
DRUCK
10
143.697
20
46.824
30
0
0
VERTEX
8
DRUCK
10
143.697
20
44.842
30
0
0
VERTEX
8
DRUCK
10
143.813
20
44.493
30
0
0
VERTEX
8
DRUCK
10
144.046
20
44.376
30
0
0
VERTEX
8
DRUCK
10
144.279
20
44.376
30
0
0
SEQEND
8
DRUCK
0
POLYLINE
8
DRUCK
66
1
70
0
0
VERTEX
8
DRUCK
10
143.347
20
46.008
30
0
0
VERTEX
8
DRUCK
10
144.163
20
46.008
30
0
0
SEQEND
8
DRUCK
0
LINE
8
DRUCK
10
153.35
20
52.68
30
0
11
152.6
21
51.381
31
0
0
LINE
8
DRUCK
10
149.58
20
56.45
30
0
11
148.281
21
55.7
31
0
0
LINE
8
DRUCK
10
148.2
20
61.6
30
0
11
146.7
21
61.6
31
0
0
LINE
8
DRUCK
10
149.58
20
66.75
30
0
11
148.281
21
67.5
31
0
0
LINE
8
DRUCK
10
153.35
20
70.52
30
0
11
152.6
21
71.819
31
0
0
LINE
8
DRUCK
10
158.5
20
71.9
30
0
11
158.5
21
73.4
31
0
0
LINE
8
DRUCK
10
163.65
20
70.52
30
0
11
164.4
21
71.819
31
0
0
LINE
8
DRUCK
10
167.42
20
66.75
30
0
11
168.719
21
67.5
31
0
0
LINE
8
DRUCK
10
168.8
20
61.6
30
0
11
170.3
21
61.6
31
0
0
LINE
8
DRUCK
10
167.42
20
56.45
30
0
11
168.719
21
55.7
31
0
0
LINE
8
DRUCK
10
163.65
20
52.68
30
0
11
164.4
21
51.381
31
0
0
POLYLINE
8
DRUCK
66
1
70
0
0
VERTEX
8
DRUCK
10
151.614
20
50.722
30
0
0
VERTEX
8
DRUCK
10
151.357
20
50.636
30
0
0
VERTEX
8
DRUCK
10
151.186
20
50.379
30
0
0
VERTEX
8
DRUCK
10
151.1
20
49.951
30
0
0
VERTEX
8
DRUCK
10
151.1
20
49.693
30
0
0
VERTEX
8
DRUCK
10
151.186
20
49.265
30
0
0
VERTEX
8
DRUCK
10
151.357
20
49.008
30
0
0
VERTEX
8
DRUCK
10
151.614
20
48.922
30
0
0
VERTEX
8
DRUCK
10
151.786
20
48.922
30
0
0
VERTEX
8
DRUCK
10
152.043
20
49.008
30
0
0
VERTEX
8
DRUCK
10
152.214
20
49.265
30
0
0
VERTEX
8
DRUCK
10
152.3
20
49.693
30
0
0
VERTEX
8
DRUCK
10
152.3
20
49.951
30
0
0
VERTEX
8
DRUCK
10
152.214
20
50.379
30
0
0
VERTEX
8
DRUCK
10
152.043
20
50.636
30
0
0
VERTEX
8
DRUCK
10
151.786
20
50.722
30
0
0
VERTEX
8
DRUCK
10
151.614
20
50.722
30
0
0
SEQEND
8
DRUCK
0
POLYLINE
8
DRUCK
66
1
70
0
0
VERTEX
8
DRUCK
10
158.929
20
76.1
30
0
0
VERTEX
8
DRUCK
10
158.071
20
76.1
30
0
0
VERTEX
8
DRUCK
10
157.986
20
75.329
30
0
0
VERTEX
8
DRUCK
10
158.071
20
75.414
30
0
0
VERTEX
8
DRUCK
10
158.329
20
75.5
30
0
0
VERTEX
8
DRUCK
10
158.586
20
75.5
30
0
0
VERTEX
8
DRUCK
10
158.843
20
75.414
30
0
0
VERTEX
8
DRUCK
10
159.014
20
75.243
30
0
0
VERTEX
8
DRUCK
10
159.1
20
74.986
30
0
0
VERTEX
8
DRUCK
10
159.1
20
74.814
30
0
0
VERTEX
8
DRUCK
10
159.014
20
74.557
30
0
0
VERTEX
8
DRUCK
10
158.843
20
74.386
30
0
0
VERTEX
8
DRUCK
10
158.586
20
74.3
30
0
0
VERTEX
8
DRUCK
10
158.329
20
74.3
30
0
0
VERTEX
8
DRUCK
10
158.071
20
74.386
30
0
0
VERTEX
8
DRUCK
10
157.986
20
74.471
30
0
0
VERTEX
8
DRUCK
10
157.9
20
74.643
30
0
0
SEQEND
8
DRUCK
0
POLYLINE
8
DRUCK
66
1
70
0
0
VERTEX
8
DRUCK
10
164.1
20
50.379
30
0
0
VERTEX
8
DRUCK
10
164.271
20
50.465
30
0
0
VERTEX
8
DRUCK
10
164.529
20
50.722
30
0
0
VERTEX
8
DRUCK
10
164.529
20
48.922
30
0
0
SEQEND
8
DRUCK
0
POLYLINE
8
DRUCK
66
1
70
0
0
VERTEX
8
DRUCK
10
166.071
20
50.722
30
0
0
VERTEX
8
DRUCK
10
165.814
20
50.636
30
0
0
VERTEX
8
DRUCK
10
165.643
20
50.379
30
0
0
VERTEX
8
DRUCK
10
165.557
20
49.951
30
0
0
VERTEX
8
DRUCK
10
165.557
20
49.693
30
0
0
VERTEX
8
DRUCK
10
165.643
20
49.265
30
0
0
VERTEX
8
DRUCK
10
165.814
20
49.008
30
0
0
VERTEX
8
DRUCK
10
166.071
20
48.922
30
0
0
VERTEX
8
DRUCK
10
166.243
20
48.922
30
0
0
VERTEX
8
DRUCK
10
166.5
20
49.008
30
0
0
VERTEX
8
DRUCK
10
166.671
20
49.265
30
0
0
VERTEX
8
DRUCK
10
166.757
20
49.693
30
0
0
VERTEX
8
DRUCK
10
166.757
20
49.951
30
0
0
VERTEX
8
DRUCK
10
166.671
20
50.379
30
0
0
VERTEX
8
DRUCK
10
166.5
20
50.636
30
0
0
VERTEX
8
DRUCK
10
166.243
20
50.722
30
0
0
VERTEX
8
DRUCK
10
166.071
20
50.722
30
0
0
SEQEND
8
DRUCK
0
POLYLINE
8
DRUCK
66
1
70
0
0
VERTEX
8
DRUCK
10
155.469
20
46.824
30
0
0
VERTEX
8
DRUCK
10
155.469
20
44.376
30
0
0
SEQEND
8
DRUCK
0
POLYLINE
8
DRUCK
66
1
70
0
0
VERTEX
8
DRUCK
10
155.469
20
46.824
30
0
0
VERTEX
8
DRUCK
10
156.985
20
46.824
30
0
0
SEQEND
8
DRUCK
0
POLYLINE
8
DRUCK
66
1
70
0
0
VERTEX
8
DRUCK
10
155.469
20
45.658
30
0
0
VERTEX
8
DRUCK
10
156.402
20
45.658
30
0
0
SEQEND
8
DRUCK
0
POLYLINE
8
DRUCK
66
1
70
0
0
VERTEX
8
DRUCK
10
155.469
20
44.376
30
0
0
VERTEX
8
DRUCK
10
156.985
20
44.376
30
0
0
SEQEND
8
DRUCK
0
POLYLINE
8
DRUCK
66
1
70
0
0
VERTEX
8
DRUCK
10
157.567
20
46.824
30
0
0
VERTEX
8
DRUCK
10
159.199
20
44.376
30
0
0
SEQEND
8
DRUCK
0
POLYLINE
8
DRUCK
66
1
70
0
0
VERTEX
8
DRUCK
10
159.199
20
46.824
30
0
0
VERTEX
8
DRUCK
10
157.567
20
44.376
30
0
0
SEQEND
8
DRUCK
0
POLYLINE
8
DRUCK
66
1
70
0
0
VERTEX
8
DRUCK
10
160.015
20
46.824
30
0
0
VERTEX
8
DRUCK
10
160.015
20
44.376
30
0
0
SEQEND
8
DRUCK
0
POLYLINE
8
DRUCK
66
1
70
0
0
VERTEX
8
DRUCK
10
160.015
20
46.824
30
0
0
VERTEX
8
DRUCK
10
161.065
20
46.824
30
0
0
VERTEX
8
DRUCK
10
161.414
20
46.707
30
0
0
VERTEX
8
DRUCK
10
161.531
20
46.591
30
0
0
VERTEX
8
DRUCK
10
161.647
20
46.358
30
0
0
VERTEX
8
DRUCK
10
161.647
20
46.008
30
0
0
VERTEX
8
DRUCK
10
161.531
20
45.775
30
0
0
VERTEX
8
DRUCK
10
161.414
20
45.658
30
0
0
VERTEX
8
DRUCK
10
161.065
20
45.542
30
0
0
VERTEX
8
DRUCK
10
160.015
20
45.542
30
0
0
SEQEND
8
DRUCK
0
POLYLINE
8
DRUCK
66
1
70
0
0
VERTEX
8
DRUCK
10
128.346
20
6.324
30
0
0
VERTEX
8
DRUCK
10
129.279
20
3.876
30
0
0
SEQEND
8
DRUCK
0
POLYLINE
8
DRUCK
66
1
70
0
0
VERTEX
8
DRUCK
10
130.211
20
6.324
30
0
0
VERTEX
8
DRUCK
10
129.279
20
3.876
30
0
0
SEQEND
8
DRUCK
0
POLYLINE
8
DRUCK
66
1
70
0
0
VERTEX
8
DRUCK
10
132.659
20
6.79
30
0
0
VERTEX
8
DRUCK
10
130.561
20
3.06
30
0
0
SEQEND
8
DRUCK
0
POLYLINE
8
DRUCK
66
1
70
0
0
VERTEX
8
DRUCK
10
133.942
20
6.324
30
0
0
VERTEX
8
DRUCK
10
133.709
20
6.207
30
0
0
VERTEX
8
DRUCK
10
133.475
20
5.974
30
0
0
VERTEX
8
DRUCK
10
133.359
20
5.741
30
0
0
VERTEX
8
DRUCK
10
133.242
20
5.391
30
0
0
VERTEX
8
DRUCK
10
133.242
20
4.809
30
0
0
VERTEX
8
DRUCK
10
133.359
20
4.459
30
0
0
VERTEX
8
DRUCK
10
133.475
20
4.226
30
0
0
VERTEX
8
DRUCK
10
133.709
20
3.993
30
0
0
VERTEX
8
DRUCK
10
133.942
20
3.876
30
0
0
VERTEX
8
DRUCK
10
134.408
20
3.876
30
0
0
VERTEX
8
DRUCK
10
134.641
20
3.993
30
0
0
VERTEX
8
DRUCK
10
134.874
20
4.226
30
0
0
VERTEX
8
DRUCK
10
134.991
20
4.459
30
0
0
VERTEX
8
DRUCK
10
135.107
20
4.809
30
0
0
VERTEX
8
DRUCK
10
135.107
20
5.391
30
0
0
VERTEX
8
DRUCK
10
134.991
20
5.741
30
0
0
VERTEX
8
DRUCK
10
134.874
20
5.974
30
0
0
VERTEX
8
DRUCK
10
134.641
20
6.207
30
0
0
VERTEX
8
DRUCK
10
134.408
20
6.324
30
0
0
VERTEX
8
DRUCK
10
133.942
20
6.324
30
0
0
SEQEND
8
DRUCK
0
POLYLINE
8
DRUCK
66
1
70
0
0
VERTEX
8
DRUCK
10
137.555
20
5.741
30
0
0
VERTEX
8
DRUCK
10
137.439
20
5.974
30
0
0
VERTEX
8
DRUCK
10
137.206
20
6.207
30
0
0
VERTEX
8
DRUCK
10
136.973
20
6.324
30
0
0
VERTEX
8
DRUCK
10
136.506
20
6.324
30
0
0
VERTEX
8
DRUCK
10
136.273
20
6.207
30
0
0
VERTEX
8
DRUCK
10
136.04
20
5.974
30
0
0
VERTEX
8
DRUCK
10
135.923
20
5.741
30
0
0
VERTEX
8
DRUCK
10
135.807
20
5.391
30
0
0
VERTEX
8
DRUCK
10
135.807
20
4.809
30
0
0
VERTEX
8
DRUCK
10
135.923
20
4.459
30
0
0
VERTEX
8
DRUCK
10
136.04
20
4.226
30
0
0
VERTEX
8
DRUCK
10
136.273
20
3.993
30
0
0
VERTEX
8
DRUCK
10
136.506
20
3.876
30
0
0
VERTEX
8
DRUCK
10
136.973
20
3.876
30
0
0
VERTEX
8
DRUCK
10
137.206
20
3.993
30
0
0
VERTEX
8
DRUCK
10
137.439
20
4.226
30
0
0
VERTEX
8
DRUCK
10
137.555
20
4.459
30
0
0
SEQEND
8
DRUCK
0
POLYLINE
8
DRUCK
66
1
70
0
0
VERTEX
8
DRUCK
10
138.838
20
6.324
30
0
0
VERTEX
8
DRUCK
10
138.838
20
3.876
30
0
0
SEQEND
8
DRUCK
0
POLYLINE
8
DRUCK
66
1
70
0
0
VERTEX
8
DRUCK
10
138.022
20
6.324
30
0
0
VERTEX
8
DRUCK
10
139.654
20
6.324
30
0
0
SEQEND
8
DRUCK
0
POLYLINE
8
DRUCK
66
1
70
0
0
VERTEX
8
DRUCK
10
155.644
20
5.741
30
0
0
VERTEX
8
DRUCK
10
155.527
20
5.974
30
0
0
VERTEX
8
DRUCK
10
155.294
20
6.207
30
0
0
VERTEX
8
DRUCK
10
155.061
20
6.324
30
0
0
VERTEX
8
DRUCK
10
154.595
20
6.324
30
0
0
VERTEX
8
DRUCK
10
154.362
20
6.207
30
0
0
VERTEX
8
DRUCK
10
154.129
20
5.974
30
0
0
VERTEX
8
DRUCK
10
154.012
20
5.741
30
0
0
VERTEX
8
DRUCK
10
153.895
20
5.391
30
0
0
VERTEX
8
DRUCK
10
153.895
20
4.809
30
0
0
VERTEX
8
DRUCK
10
154.012
20
4.459
30
0
0
VERTEX
8
DRUCK
10
154.129
20
4.226
30
0
0
VERTEX
8
DRUCK
10
154.362
20
3.993
30
0
0
VERTEX
8
DRUCK
10
154.595
20
3.876
30
0
0
VERTEX
8
DRUCK
10
155.061
20
3.876
30
0
0
VERTEX
8
DRUCK
10
155.294
20
3.993
30
0
0
VERTEX
8
DRUCK
10
155.527
20
4.226
30
0
0
VERTEX
8
DRUCK
10
155.644
20
4.459
30
0
0
SEQEND
8
DRUCK
0
POLYLINE
8
DRUCK
66
1
70
0
0
VERTEX
8
DRUCK
10
156.11
20
6.324
30
0
0
VERTEX
8
DRUCK
10
157.043
20
3.876
30
0
0
SEQEND
8
DRUCK
0
POLYLINE
8
DRUCK
66
1
70
0
0
VERTEX
8
DRUCK
10
157.975
20
6.324
30
0
0
VERTEX
8
DRUCK
10
157.043
20
3.876
30
0
0
SEQEND
8
DRUCK
0
POLYLINE
8
DRUCK
66
1
70
0
0
VERTEX
8
DRUCK
10
160.423
20
6.324
30
0
0
VERTEX
8
DRUCK
10
160.423
20
3.876
30
0
0
SEQEND
8
DRUCK
0
POLYLINE
8
DRUCK
66
1
70
0
0
VERTEX
8
DRUCK
10
161.356
20
6.324
30
0
0
VERTEX
8
DRUCK
10
161.356
20
3.876
30
0
0
SEQEND
8
DRUCK
0
POLYLINE
8
DRUCK
66
1
70
0
0
VERTEX
8
DRUCK
10
161.356
20
6.324
30
0
0
VERTEX
8
DRUCK
10
162.988
20
3.876
30
0
0
SEQEND
8
DRUCK
0
POLYLINE
8
DRUCK
66
1
70
0
0
VERTEX
8
DRUCK
10
162.988
20
6.324
30
0
0
VERTEX
8
DRUCK
10
162.988
20
3.876
30
0
0
SEQEND
8
DRUCK
0
LINE
8
DRUCK
10
174
20
81.6
30
0
11
161.5
21
81.6
31
0
0
ARC
8
DRUCK
10
161.5
20
78.6
30
0
40
3
50
90
51
180
0
LINE
8
DRUCK
10
158.5
20
78.6
30
0
11
158.5
21
77.5
31
0
0
LINE
8
DRUCK
10
158.5
20
42.8
30
0
11
158.5
21
30.7
31
0
0
LINE
8
DRUCK
10
190.4
20
46.204
30
0
11
188.9
21
43.606
31
0
0
LINE
8
DRUCK
10
184.104
20
52.5
30
0
11
181.506
21
51
31
0
0
LINE
8
DRUCK
10
181.8
20
61.1
30
0
11
178.8
21
61.1
31
0
0
LINE
8
DRUCK
10
184.104
20
69.7
30
0
11
181.506
21
71.2
31
0
0
LINE
8
DRUCK
10
190.4
20
75.996
30
0
11
188.9
21
78.594
31
0
0
LINE
8
DRUCK
10
199
20
78.3
30
0
11
199
21
81.3
31
0
0
LINE
8
DRUCK
10
207.6
20
75.996
30
0
11
209.1
21
78.594
31
0
0
LINE
8
DRUCK
10
213.896
20
69.7
30
0
11
216.494
21
71.2
31
0
0
LINE
8
DRUCK
10
216.2
20
61.1
30
0
11
219.2
21
61.1
31
0
0
LINE
8
DRUCK
10
213.896
20
52.5
30
0
11
216.494
21
51
31
0
0
LINE
8
DRUCK
10
207.6
20
46.204
30
0
11
209.1
21
43.606
31
0
0
LINE
8
DRUCK
10
188.067
20
46.052
30
0
11
187.127
21
44.758
31
0
0
LINE
8
DRUCK
10
186.554
20
47.278
30
0
11
185.484
21
46.088
31
0
0
LINE
8
DRUCK
10
185.178
20
48.654
30
0
11
183.988
21
47.584
31
0
0
LINE
8
DRUCK
10
183.952
20
50.167
30
0
11
182.658
21
49.227
31
0
0
LINE
8
DRUCK
10
182.008
20
53.535
30
0
11
180.546
21
52.884
31
0
0
LINE
8
DRUCK
10
181.31
20
55.352
30
0
11
179.789
21
54.858
31
0
0
LINE
8
DRUCK
10
180.806
20
57.233
30
0
11
179.241
21
56.9
31
0
0
LINE
8
DRUCK
10
180.502
20
59.156
30
0
11
178.911
21
58.989
31
0
0
LINE
8
DRUCK
10
180.502
20
63.044
30
0
11
178.911
21
63.211
31
0
0
LINE
8
DRUCK
10
180.806
20
64.967
30
0
11
179.241
21
65.3
31
0
0
LINE
8
DRUCK
10
181.31
20
66.848
30
0
11
179.789
21
67.342
31
0
0
LINE
8
DRUCK
10
182.008
20
68.665
30
0
11
180.546
21
69.316
31
0
0
LINE
8
DRUCK
10
183.952
20
72.033
30
0
11
182.658
21
72.973
31
0
0
LINE
8
DRUCK
10
185.178
20
73.546
30
0
11
183.988
21
74.616
31
0
0
LINE
8
DRUCK
10
186.554
20
74.922
30
0
11
185.484
21
76.112
31
0
0
LINE
8
DRUCK
10
188.067
20
76.148
30
0
11
187.127
21
77.442
31
0
0
LINE
8
DRUCK
10
191.435
20
78.092
30
0
11
190.784
21
79.554
31
0
0
LINE
8
DRUCK
10
193.252
20
78.79
30
0
11
192.758
21
80.311
31
0
0
LINE
8
DRUCK
10
195.133
20
79.294
30
0
11
194.8
21
80.859
31
0
0
LINE
8
DRUCK
10
197.056
20
79.598
30
0
11
196.889
21
81.189
31
0
0
LINE
8
DRUCK
10
200.944
20
79.598
30
0
11
201.111
21
81.189
31
0
0
LINE
8
DRUCK
10
202.867
20
79.294
30
0
11
203.2
21
80.859
31
0
0
LINE
8
DRUCK
10
204.748
20
78.79
30
0
11
205.242
21
80.311
31
0
0
LINE
8
DRUCK
10
206.565
20
78.092
30
0
11
207.216
21
79.554
31
0
0
LINE
8
DRUCK
10
209.933
20
76.148
30
0
11
210.873
21
77.442
31
0
0
LINE
8
DRUCK
10
211.446
20
74.922
30
0
11
212.516
21
76.112
31
0
0
LINE
8
DRUCK
10
212.822
20
73.546
30
0
11
214.012
21
74.616
31
0
0
LINE
8
DRUCK
10
214.048
20
72.033
30
0
11
215.342
21
72.973
31
0
0
LINE
8
DRUCK
10
215.992
20
68.665
30
0
11
217.454
21
69.316
31
0
0
LINE
8
DRUCK
10
216.69
20
66.848
30
0
11
218.211
21
67.342
31
0
0
LINE
8
DRUCK
10
217.194
20
64.967
30
0
11
218.759
21
65.3
31
0
0
LINE
8
DRUCK
10
217.498
20
63.044
30
0
11
219.089
21
63.211
31
0
0
LINE
8
DRUCK
10
217.498
20
59.156
30
0
11
219.089
21
58.989
31
0
0
LINE
8
DRUCK
10
217.194
20
57.233
30
0
11
218.759
21
56.9
31
0
0
LINE
8
DRUCK
10
216.69
20
55.352
30
0
11
218.211
21
54.858
31
0
0
LINE
8
DRUCK
10
215.992
20
53.535
30
0
11
217.454
21
52.884
31
0
0
LINE
8
DRUCK
10
214.048
20
50.167
30
0
11
215.342
21
49.227
31
0
0
LINE
8
DRUCK
10
212.822
20
48.654
30
0
11
214.012
21
47.584
31
0
0
LINE
8
DRUCK
10
211.446
20
47.278
30
0
11
212.516
21
46.088
31
0
0
LINE
8
DRUCK
10
209.933
20
46.052
30
0
11
210.873
21
44.758
31
0
0
ARC
8
DRUCK
10
199
20
61.1
30
0
40
20.2
50
-60
51
240
0
LINE
8
DRUCK
10
188.9
20
43.606
30
0
11
188.9
21
41.3
31
0
0
LINE
8
DRUCK
10
209.1
20
43.606
30
0
11
209.1
21
41.3
31
0
0
POLYLINE
8
DRUCK
66
1
70
0
0
VERTEX
8
DRUCK
10
178.871
20
50.324
30
0
0
VERTEX
8
DRUCK
10
179.063
20
50.42
30
0
0
VERTEX
8
DRUCK
10
179.351
20
50.708
30
0
0
VERTEX
8
DRUCK
10
179.351
20
48.692
30
0
0
SEQEND
8
DRUCK
0
POLYLINE
8
DRUCK
66
1
70
0
0
VERTEX
8
DRUCK
10
175.624
20
61.628
30
0
0
VERTEX
8
DRUCK
10
175.624
20
61.724
30
0
0
VERTEX
8
DRUCK
10
175.72
20
61.916
30
0
0
VERTEX
8
DRUCK
10
175.816
20
62.012
30
0
0
VERTEX
8
DRUCK
10
176.008
20
62.108
30
0
0
VERTEX
8
DRUCK
10
176.392
20
62.108
30
0
0
VERTEX
8
DRUCK
10
176.584
20
62.012
30
0
0
VERTEX
8
DRUCK
10
176.68
20
61.916
30
0
0
VERTEX
8
DRUCK
10
176.776
20
61.724
30
0
0
VERTEX
8
DRUCK
10
176.776
20
61.532
30
0
0
VERTEX
8
DRUCK
10
176.68
20
61.34
30
0
0
VERTEX
8
DRUCK
10
176.488
20
61.052
30
0
0
VERTEX
8
DRUCK
10
175.528
20
60.092
30
0
0
VERTEX
8
DRUCK
10
176.872
20
60.092
30
0
0
SEQEND
8
DRUCK
0
POLYLINE
8
DRUCK
66
1
70
0
0
VERTEX
8
DRUCK
10
178.775
20
73.508
30
0
0
VERTEX
8
DRUCK
10
179.831
20
73.508
30
0
0
VERTEX
8
DRUCK
10
179.255
20
72.74
30
0
0
VERTEX
8
DRUCK
10
179.543
20
72.74
30
0
0
VERTEX
8
DRUCK
10
179.735
20
72.644
30
0
0
VERTEX
8
DRUCK
10
179.831
20
72.548
30
0
0
VERTEX
8
DRUCK
10
179.927
20
72.26
30
0
0
VERTEX
8
DRUCK
10
179.927
20
72.068
30
0
0
VERTEX
8
DRUCK
10
179.831
20
71.78
30
0
0
VERTEX
8
DRUCK
10
179.639
20
71.588
30
0
0
VERTEX
8
DRUCK
10
179.351
20
71.492
30
0
0
VERTEX
8
DRUCK
10
179.063
20
71.492
30
0
0
VERTEX
8
DRUCK
10
178.775
20
71.588
30
0
0
VERTEX
8
DRUCK
10
178.679
20
71.684
30
0
0
VERTEX
8
DRUCK
10
178.583
20
71.876
30
0
0
SEQEND
8
DRUCK
0
POLYLINE
8
DRUCK
66
1
70
0
0
VERTEX
8
DRUCK
10
187.888
20
81.853
30
0
0
VERTEX
8
DRUCK
10
186.928
20
80.509
30
0
0
VERTEX
8
DRUCK
10
188.368
20
80.509
30
0
0
SEQEND
8
DRUCK
0
POLYLINE
8
DRUCK
66
1
70
0
0
VERTEX
8
DRUCK
10
187.888
20
81.853
30
0
0
VERTEX
8
DRUCK
10
187.888
20
79.837
30
0
0
SEQEND
8
DRUCK
0
POLYLINE
8
DRUCK
66
1
70
0
0
VERTEX
8
DRUCK
10
199.48
20
84.908
30
0
0
VERTEX
8
DRUCK
10
198.52
20
84.908
30
0
0
VERTEX
8
DRUCK
10
198.424
20
84.044
30
0
0
VERTEX
8
DRUCK
10
198.52
20
84.14
30
0
0
VERTEX
8
DRUCK
10
198.808
20
84.236
30
0
0
VERTEX
8
DRUCK
10
199.096
20
84.236
30
0
0
VERTEX
8
DRUCK
10
199.384
20
84.14
30
0
0
VERTEX
8
DRUCK
10
199.576
20
83.948
30
0
0
VERTEX
8
DRUCK
10
199.672
20
83.66
30
0
0
VERTEX
8
DRUCK
10
199.672
20
83.468
30
0
0
VERTEX
8
DRUCK
10
199.576
20
83.18
30
0
0
VERTEX
8
DRUCK
10
199.384
20
82.988
30
0
0
VERTEX
8
DRUCK
10
199.096
20
82.892
30
0
0
VERTEX
8
DRUCK
10
198.808
20
82.892
30
0
0
VERTEX
8
DRUCK
10
198.52
20
82.988
30
0
0
VERTEX
8
DRUCK
10
198.424
20
83.084
30
0
0
VERTEX
8
DRUCK
10
198.328
20
83.276
30
0
0
SEQEND
8
DRUCK
0
POLYLINE
8
DRUCK
66
1
70
0
0
VERTEX
8
DRUCK
10
210.976
20
81.565
30
0
0
VERTEX
8
DRUCK
10
210.88
20
81.757
30
0
0
VERTEX
8
DRUCK
10
210.592
20
81.853
30
0
0
VERTEX
8
DRUCK
10
210.4
20
81.853
30
0
0
VERTEX
8
DRUCK
10
210.112
20
81.757
30
0
0
VERTEX
8
DRUCK
10
209.92
20
81.469
30
0
0
VERTEX
8
DRUCK
10
209.824
20
80.989
30
0
0
VERTEX
8
DRUCK
10
209.824
20
80.509
30
0
0
VERTEX
8
DRUCK
10
209.92
20
80.125
30
0
0
VERTEX
8
DRUCK
10
210.112
20
79.933
30
0
0
VERTEX
8
DRUCK
10
210.4
20
79.837
30
0
0
VERTEX
8
DRUCK
10
210.496
20
79.837
30
0
0
VERTEX
8
DRUCK
10
210.784
20
79.933
30
0
0
VERTEX
8
DRUCK
10
210.976
20
80.125
30
0
0
VERTEX
8
DRUCK
10
211.072
20
80.413
30
0
0
VERTEX
8
DRUCK
10
211.072
20
80.509
30
0
0
VERTEX
8
DRUCK
10
210.976
20
80.797
30
0
0
VERTEX
8
DRUCK
10
210.784
20
80.989
30
0
0
VERTEX
8
DRUCK
10
210.496
20
81.085
30
0
0
VERTEX
8
DRUCK
10
210.4
20
81.085
30
0
0
VERTEX
8
DRUCK
10
210.112
20
80.989
30
0
0
VERTEX
8
DRUCK
10
209.92
20
80.797
30
0
0
VERTEX
8
DRUCK
10
209.824
20
80.509
30
0
0
SEQEND
8
DRUCK
0
POLYLINE
8
DRUCK
66
1
70
0
0
VERTEX
8
DRUCK
10
219.417
20
73.508
30
0
0
VERTEX
8
DRUCK
10
218.457
20
71.492
30
0
0
SEQEND
8
DRUCK
0
POLYLINE
8
DRUCK
66
1
70
0
0
VERTEX
8
DRUCK
10
218.073
20
73.508
30
0
0
VERTEX
8
DRUCK
10
219.417
20
73.508
30
0
0
SEQEND
8
DRUCK
0
POLYLINE
8
DRUCK
66
1
70
0
0
VERTEX
8
DRUCK
10
221.608
20
62.108
30
0
0
VERTEX
8
DRUCK
10
221.32
20
62.012
30
0
0
VERTEX
8
DRUCK
10
221.224
20
61.82
30
0
0
VERTEX
8
DRUCK
10
221.224
20
61.628
30
0
0
VERTEX
8
DRUCK
10
221.32
20
61.436
30
0
0
VERTEX
8
DRUCK
10
221.512
20
61.34
30
0
0
VERTEX
8
DRUCK
10
221.896
20
61.244
30
0
0
VERTEX
8
DRUCK
10
222.184
20
61.148
30
0
0
VERTEX
8
DRUCK
10
222.376
20
60.956
30
0
0
VERTEX
8
DRUCK
10
222.472
20
60.764
30
0
0
VERTEX
8
DRUCK
10
222.472
20
60.476
30
0
0
VERTEX
8
DRUCK
10
222.376
20
60.284
30
0
0
VERTEX
8
DRUCK
10
222.28
20
60.188
30
0
0
VERTEX
8
DRUCK
10
221.992
20
60.092
30
0
0
VERTEX
8
DRUCK
10
221.608
20
60.092
30
0
0
VERTEX
8
DRUCK
10
221.32
20
60.188
30
0
0
VERTEX
8
DRUCK
10
221.224
20
60.284
30
0
0
VERTEX
8
DRUCK
10
221.128
20
60.476
30
0
0
VERTEX
8
DRUCK
10
221.128
20
60.764
30
0
0
VERTEX
8
DRUCK
10
221.224
20
60.956
30
0
0
VERTEX
8
DRUCK
10
221.416
20
61.148
30
0
0
VERTEX
8
DRUCK
10
221.704
20
61.244
30
0
0
VERTEX
8
DRUCK
10
222.088
20
61.34
30
0
0
VERTEX
8
DRUCK
10
222.28
20
61.436
30
0
0
VERTEX
8
DRUCK
10
222.376
20
61.628
30
0
0
VERTEX
8
DRUCK
10
222.376
20
61.82
30
0
0
VERTEX
8
DRUCK
10
222.28
20
62.012
30
0
0
VERTEX
8
DRUCK
10
221.992
20
62.108
30
0
0
VERTEX
8
DRUCK
10
221.608
20
62.108
30
0
0
SEQEND
8
DRUCK
0
POLYLINE
8
DRUCK
66
1
70
0
0
VERTEX
8
DRUCK
10
219.321
20
50.036
30
0
0
VERTEX
8
DRUCK
10
219.225
20
49.748
30
0
0
VERTEX
8
DRUCK
10
219.033
20
49.556
30
0
0
VERTEX
8
DRUCK
10
218.745
20
49.46
30
0
0
VERTEX
8
DRUCK
10
218.649
20
49.46
30
0
0
VERTEX
8
DRUCK
10
218.361
20
49.556
30
0
0
VERTEX
8
DRUCK
10
218.169
20
49.748
30
0
0
VERTEX
8
DRUCK
10
218.073
20
50.036
30
0
0
VERTEX
8
DRUCK
10
218.073
20
50.132
30
0
0
VERTEX
8
DRUCK
10
218.169
20
50.42
30
0
0
VERTEX
8
DRUCK
10
218.361
20
50.612
30
0
0
VERTEX
8
DRUCK
10
218.649
20
50.708
30
0
0
VERTEX
8
DRUCK
10
218.745
20
50.708
30
0
0
VERTEX
8
DRUCK
10
219.033
20
50.612
30
0
0
VERTEX
8
DRUCK
10
219.225
20
50.42
30
0
0
VERTEX
8
DRUCK
10
219.321
20
50.036
30
0
0
VERTEX
8
DRUCK
10
219.321
20
49.556
30
0
0
VERTEX
8
DRUCK
10
219.225
20
49.076
30
0
0
VERTEX
8
DRUCK
10
219.033
20
48.788
30
0
0
VERTEX
8
DRUCK
10
218.745
20
48.692
30
0
0
VERTEX
8
DRUCK
10
218.553
20
48.692
30
0
0
VERTEX
8
DRUCK
10
218.265
20
48.788
30
0
0
VERTEX
8
DRUCK
10
218.169
20
48.98
30
0
0
SEQEND
8
DRUCK
0
POLYLINE
8
DRUCK
66
1
70
0
0
VERTEX
8
DRUCK
10
193.579
20
41.724
30
0
0
VERTEX
8
DRUCK
10
193.579
20
39.276
30
0
0
SEQEND
8
DRUCK
0
POLYLINE
8
DRUCK
66
1
70
0
0
VERTEX
8
DRUCK
10
193.579
20
41.724
30
0
0
VERTEX
8
DRUCK
10
194.629
20
41.724
30
0
0
VERTEX
8
DRUCK
10
194.978
20
41.607
30
0
0
VERTEX
8
DRUCK
10
195.095
20
41.491
30
0
0
VERTEX
8
DRUCK
10
195.211
20
41.258
30
0
0
VERTEX
8
DRUCK
10
195.211
20
41.025
30
0
0
VERTEX
8
DRUCK
10
195.095
20
40.791
30
0
0
VERTEX
8
DRUCK
10
194.978
20
40.675
30
0
0
VERTEX
8
DRUCK
10
194.629
20
40.558
30
0
0
VERTEX
8
DRUCK
10
193.579
20
40.558
30
0
0
SEQEND
8
DRUCK
0
POLYLINE
8
DRUCK
66
1
70
0
0
VERTEX
8
DRUCK
10
194.395
20
40.558
30
0
0
VERTEX
8
DRUCK
10
195.211
20
39.276
30
0
0
SEQEND
8
DRUCK
0
POLYLINE
8
DRUCK
66
1
70
0
0
VERTEX
8
DRUCK
10
196.61
20
41.724
30
0
0
VERTEX
8
DRUCK
10
195.678
20
39.276
30
0
0
SEQEND
8
DRUCK
0
POLYLINE
8
DRUCK
66
1
70
0
0
VERTEX
8
DRUCK
10
196.61
20
41.724
30
0
0
VERTEX
8
DRUCK
10
197.543
20
39.276
30
0
0
SEQEND
8
DRUCK
0
POLYLINE
8
DRUCK
66
1
70
0
0
VERTEX
8
DRUCK
10
196.027
20
40.092
30
0
0
VERTEX
8
DRUCK
10
197.193
20
40.092
30
0
0
SEQEND
8
DRUCK
0
POLYLINE
8
DRUCK
66
1
70
0
0
VERTEX
8
DRUCK
10
198.126
20
41.724
30
0
0
VERTEX
8
DRUCK
10
198.126
20
39.276
30
0
0
SEQEND
8
DRUCK
0
POLYLINE
8
DRUCK
66
1
70
0
0
VERTEX
8
DRUCK
10
198.126
20
41.724
30
0
0
VERTEX
8
DRUCK
10
199.758
20
39.276
30
0
0
SEQEND
8
DRUCK
0
POLYLINE
8
DRUCK
66
1
70
0
0
VERTEX
8
DRUCK
10
199.758
20
41.724
30
0
0
VERTEX
8
DRUCK
10
199.758
20
39.276
30
0
0
SEQEND
8
DRUCK
0
POLYLINE
8
DRUCK
66
1
70
0
0
VERTEX
8
DRUCK
10
202.322
20
41.141
30
0
0
VERTEX
8
DRUCK
10
202.206
20
41.374
30
0
0
VERTEX
8
DRUCK
10
201.973
20
41.607
30
0
0
VERTEX
8
DRUCK
10
201.739
20
41.724
30
0
0
VERTEX
8
DRUCK
10
201.273
20
41.724
30
0
0
VERTEX
8
DRUCK
10
201.04
20
41.607
30
0
0
VERTEX
8
DRUCK
10
200.807
20
41.374
30
0
0
VERTEX
8
DRUCK
10
200.69
20
41.141
30
0
0
VERTEX
8
DRUCK
10
200.574
20
40.791
30
0
0
VERTEX
8
DRUCK
10
200.574
20
40.209
30
0
0
VERTEX
8
DRUCK
10
200.69
20
39.859
30
0
0
VERTEX
8
DRUCK
10
200.807
20
39.626
30
0
0
VERTEX
8
DRUCK
10
201.04
20
39.393
30
0
0
VERTEX
8
DRUCK
10
201.273
20
39.276
30
0
0
VERTEX
8
DRUCK
10
201.739
20
39.276
30
0
0
VERTEX
8
DRUCK
10
201.973
20
39.393
30
0
0
VERTEX
8
DRUCK
10
202.206
20
39.626
30
0
0
VERTEX
8
DRUCK
10
202.322
20
39.859
30
0
0
VERTEX
8
DRUCK
10
202.322
20
40.209
30
0
0
SEQEND
8
DRUCK
0
POLYLINE
8
DRUCK
66
1
70
0
0
VERTEX
8
DRUCK
10
201.739
20
40.209
30
0
0
VERTEX
8
DRUCK
10
202.322
20
40.209
30
0
0
SEQEND
8
DRUCK
0
POLYLINE
8
DRUCK
66
1
70
0
0
VERTEX
8
DRUCK
10
203.138
20
41.724
30
0
0
VERTEX
8
DRUCK
10
203.138
20
39.276
30
0
0
SEQEND
8
DRUCK
0
POLYLINE
8
DRUCK
66
1
70
0
0
VERTEX
8
DRUCK
10
203.138
20
41.724
30
0
0
VERTEX
8
DRUCK
10
204.654
20
41.724
30
0
0
SEQEND
8
DRUCK
0
POLYLINE
8
DRUCK
66
1
70
0
0
VERTEX
8
DRUCK
10
203.138
20
40.558
30
0
0
VERTEX
8
DRUCK
10
204.071
20
40.558
30
0
0
SEQEND
8
DRUCK
0
POLYLINE
8
DRUCK
66
1
70
0
0
VERTEX
8
DRUCK
10
203.138
20
39.276
30
0
0
VERTEX
8
DRUCK
10
204.654
20
39.276
30
0
0
SEQEND
8
DRUCK
0
LINE
8
DRUCK
10
239.4
20
46.204
30
0
11
237.9
21
43.606
31
0
0
LINE
8
DRUCK
10
233.104
20
52.5
30
0
11
230.506
21
51
31
0
0
LINE
8
DRUCK
10
230.8
20
61.1
30
0
11
227.8
21
61.1
31
0
0
LINE
8
DRUCK
10
233.104
20
69.7
30
0
11
230.506
21
71.2
31
0
0
LINE
8
DRUCK
10
239.4
20
75.996
30
0
11
237.9
21
78.594
31
0
0
LINE
8
DRUCK
10
248
20
78.3
30
0
11
248
21
81.3
31
0
0
LINE
8
DRUCK
10
256.6
20
75.996
30
0
11
258.1
21
78.594
31
0
0
LINE
8
DRUCK
10
262.896
20
69.7
30
0
11
265.494
21
71.2
31
0
0
LINE
8
DRUCK
10
265.2
20
61.1
30
0
11
268.2
21
61.1
31
0
0
LINE
8
DRUCK
10
262.896
20
52.5
30
0
11
265.494
21
51
31
0
0
LINE
8
DRUCK
10
256.6
20
46.204
30
0
11
258.1
21
43.606
31
0
0
LINE
8
DRUCK
10
237.067
20
46.052
30
0
11
236.127
21
44.758
31
0
0
LINE
8
DRUCK
10
235.554
20
47.278
30
0
11
234.484
21
46.088
31
0
0
LINE
8
DRUCK
10
234.178
20
48.654
30
0
11
232.988
21
47.584
31
0
0
LINE
8
DRUCK
10
232.952
20
50.167
30
0
11
231.658
21
49.227
31
0
0
LINE
8
DRUCK
10
231.008
20
53.535
30
0
11
229.546
21
52.884
31
0
0
LINE
8
DRUCK
10
230.31
20
55.352
30
0
11
228.789
21
54.858
31
0
0
LINE
8
DRUCK
10
229.806
20
57.233
30
0
11
228.241
21
56.9
31
0
0
LINE
8
DRUCK
10
229.502
20
59.156
30
0
11
227.911
21
58.989
31
0
0
LINE
8
DRUCK
10
229.502
20
63.044
30
0
11
227.911
21
63.211
31
0
0
LINE
8
DRUCK
10
229.806
20
64.967
30
0
11
228.241
21
65.3
31
0
0
LINE
8
DRUCK
10
230.31
20
66.848
30
0
11
228.789
21
67.342
31
0
0
LINE
8
DRUCK
10
231.008
20
68.665
30
0
11
229.546
21
69.316
31
0
0
LINE
8
DRUCK
10
232.952
20
72.033
30
0
11
231.658
21
72.973
31
0
0
LINE
8
DRUCK
10
234.178
20
73.546
30
0
11
232.988
21
74.616
31
0
0
LINE
8
DRUCK
10
235.554
20
74.922
30
0
11
234.484
21
76.112
31
0
0
LINE
8
DRUCK
10
237.067
20
76.148
30
0
11
236.127
21
77.442
31
0
0
LINE
8
DRUCK
10
240.435
20
78.092
30
0
11
239.784
21
79.554
31
0
0
LINE
8
DRUCK
10
242.252
20
78.79
30
0
11
241.758
21
80.311
31
0
0
LINE
8
DRUCK
10
244.133
20
79.294
30
0
11
243.8
21
80.859
31
0
0
LINE
8
DRUCK
10
246.056
20
79.598
30
0
11
245.889
21
81.189
31
0
0
LINE
8
DRUCK
10
249.944
20
79.598
30
0
11
250.111
21
81.189
31
0
0
LINE
8
DRUCK
10
251.867
20
79.294
30
0
11
252.2
21
80.859
31
0
0
LINE
8
DRUCK
10
253.748
20
78.79
30
0
11
254.242
21
80.311
31
0
0
LINE
8
DRUCK
10
255.565
20
78.092
30
0
11
256.216
21
79.554
31
0
0
LINE
8
DRUCK
10
258.933
20
76.148
30
0
11
259.873
21
77.442
31
0
0
LINE
8
DRUCK
10
260.446
20
74.922
30
0
11
261.516
21
76.112
31
0
0
LINE
8
DRUCK
10
261.822
20
73.546
30
0
11
263.012
21
74.616
31
0
0
LINE
8
DRUCK
10
263.048
20
72.033
30
0
11
264.342
21
72.973
31
0
0
LINE
8
DRUCK
10
264.992
20
68.665
30
0
11
266.454
21
69.316
31
0
0
LINE
8
DRUCK
10
265.69
20
66.848
30
0
11
267.211
21
67.342
31
0
0
LINE
8
DRUCK
10
266.194
20
64.967
30
0
11
267.759
21
65.3
31
0
0
LINE
8
DRUCK
10
266.498
20
63.044
30
0
11
268.089
21
63.211
31
0
0
LINE
8
DRUCK
10
266.498
20
59.156
30
0
11
268.089
21
58.989
31
0
0
LINE
8
DRUCK
10
266.194
20
57.233
30
0
11
267.759
21
56.9
31
0
0
LINE
8
DRUCK
10
265.69
20
55.352
30
0
11
267.211
21
54.858
31
0
0
LINE
8
DRUCK
10
264.992
20
53.535
30
0
11
266.454
21
52.884
31
0
0
LINE
8
DRUCK
10
263.048
20
50.167
30
0
11
264.342
21
49.227
31
0
0
LINE
8
DRUCK
10
261.822
20
48.654
30
0
11
263.012
21
47.584
31
0
0
LINE
8
DRUCK
10
260.446
20
47.278
30
0
11
261.516
21
46.088
31
0
0
LINE
8
DRUCK
10
258.933
20
46.052
30
0
11
259.873
21
44.758
31
0
0
ARC
8
DRUCK
10
248
20
61.1
30
0
40
20.2
50
-60
51
240
0
LINE
8
DRUCK
10
237.9
20
43.606
30
0
11
237.9
21
41.3
31
0
0
LINE
8
DRUCK
10
258.1
20
43.606
30
0
11
258.1
21
41.3
31
0
0
POLYLINE
8
DRUCK
66
1
70
0
0
VERTEX
8
DRUCK
10
226.431
20
49.556
30
0
0
VERTEX
8
DRUCK
10
228.159
20
49.556
30
0
0
SEQEND
8
DRUCK
0
POLYLINE
8
DRUCK
66
1
70
0
0
VERTEX
8
DRUCK
10
229.791
20
50.708
30
0
0
VERTEX
8
DRUCK
10
228.831
20
49.364
30
0
0
VERTEX
8
DRUCK
10
230.271
20
49.364
30
0
0
SEQEND
8
DRUCK
0
POLYLINE
8
DRUCK
66
1
70
0
0
VERTEX
8
DRUCK
10
229.791
20
50.708
30
0
0
VERTEX
8
DRUCK
10
229.791
20
48.692
30
0
0
SEQEND
8
DRUCK
0
POLYLINE
8
DRUCK
66
1
70
0
0
VERTEX
8
DRUCK
10
223.376
20
60.956
30
0
0
VERTEX
8
DRUCK
10
225.104
20
60.956
30
0
0
SEQEND
8
DRUCK
0
POLYLINE
8
DRUCK
66
1
70
0
0
VERTEX
8
DRUCK
10
225.968
20
62.108
30
0
0
VERTEX
8
DRUCK
10
227.024
20
62.108
30
0
0
VERTEX
8
DRUCK
10
226.448
20
61.34
30
0
0
VERTEX
8
DRUCK
10
226.736
20
61.34
30
0
0
VERTEX
8
DRUCK
10
226.928
20
61.244
30
0
0
VERTEX
8
DRUCK
10
227.024
20
61.148
30
0
0
VERTEX
8
DRUCK
10
227.12
20
60.86
30
0
0
VERTEX
8
DRUCK
10
227.12
20
60.668
30
0
0
VERTEX
8
DRUCK
10
227.024
20
60.38
30
0
0
VERTEX
8
DRUCK
10
226.832
20
60.188
30
0
0
VERTEX
8
DRUCK
10
226.544
20
60.092
30
0
0
VERTEX
8
DRUCK
10
226.256
20
60.092
30
0
0
VERTEX
8
DRUCK
10
225.968
20
60.188
30
0
0
VERTEX
8
DRUCK
10
225.872
20
60.284
30
0
0
VERTEX
8
DRUCK
10
225.776
20
60.476
30
0
0
SEQEND
8
DRUCK
0
POLYLINE
8
DRUCK
66
1
70
0
0
VERTEX
8
DRUCK
10
226.431
20
72.356
30
0
0
VERTEX
8
DRUCK
10
228.159
20
72.356
30
0
0
SEQEND
8
DRUCK
0
POLYLINE
8
DRUCK
66
1
70
0
0
VERTEX
8
DRUCK
10
228.927
20
73.028
30
0
0
VERTEX
8
DRUCK
10
228.927
20
73.124
30
0
0
VERTEX
8
DRUCK
10
229.023
20
73.316
30
0
0
VERTEX
8
DRUCK
10
229.119
20
73.412
30
0
0
VERTEX
8
DRUCK
10
229.311
20
73.508
30
0
0
VERTEX
8
DRUCK
10
229.695
20
73.508
30
0
0
VERTEX
8
DRUCK
10
229.887
20
73.412
30
0
0
VERTEX
8
DRUCK
10
229.983
20
73.316
30
0
0
VERTEX
8
DRUCK
10
230.079
20
73.124
30
0
0
VERTEX
8
DRUCK
10
230.079
20
72.932
30
0
0
VERTEX
8
DRUCK
10
229.983
20
72.74
30
0
0
VERTEX
8
DRUCK
10
229.791
20
72.452
30
0
0
VERTEX
8
DRUCK
10
228.831
20
71.492
30
0
0
VERTEX
8
DRUCK
10
230.175
20
71.492
30
0
0
SEQEND
8
DRUCK
0
POLYLINE
8
DRUCK
66
1
70
0
0
VERTEX
8
DRUCK
10
234.776
20
80.701
30
0
0
VERTEX
8
DRUCK
10
236.504
20
80.701
30
0
0
SEQEND
8
DRUCK
0
POLYLINE
8
DRUCK
66
1
70
0
0
VERTEX
8
DRUCK
10
237.464
20
81.469
30
0
0
VERTEX
8
DRUCK
10
237.656
20
81.565
30
0
0
VERTEX
8
DRUCK
10
237.944
20
81.853
30
0
0
VERTEX
8
DRUCK
10
237.944
20
79.837
30
0
0
SEQEND
8
DRUCK
0
POLYLINE
8
DRUCK
66
1
70
0
0
VERTEX
8
DRUCK
10
247.904
20
84.908
30
0
0
VERTEX
8
DRUCK
10
247.616
20
84.812
30
0
0
VERTEX
8
DRUCK
10
247.424
20
84.524
30
0
0
VERTEX
8
DRUCK
10
247.328
20
84.044
30
0
0
VERTEX
8
DRUCK
10
247.328
20
83.756
30
0
0
VERTEX
8
DRUCK
10
247.424
20
83.276
30
0
0
VERTEX
8
DRUCK
10
247.616
20
82.988
30
0
0
VERTEX
8
DRUCK
10
247.904
20
82.892
30
0
0
VERTEX
8
DRUCK
10
248.096
20
82.892
30
0
0
VERTEX
8
DRUCK
10
248.384
20
82.988
30
0
0
VERTEX
8
DRUCK
10
248.576
20
83.276
30
0
0
VERTEX
8
DRUCK
10
248.672
20
83.756
30
0
0
VERTEX
8
DRUCK
10
248.672
20
84.044
30
0
0
VERTEX
8
DRUCK
10
248.576
20
84.524
30
0
0
VERTEX
8
DRUCK
10
248.384
20
84.812
30
0
0
VERTEX
8
DRUCK
10
248.096
20
84.908
30
0
0
VERTEX
8
DRUCK
10
247.904
20
84.908
30
0
0
SEQEND
8
DRUCK
0
POLYLINE
8
DRUCK
66
1
70
0
0
VERTEX
8
DRUCK
10
258.44
20
81.565
30
0
0
VERTEX
8
DRUCK
10
258.44
20
79.837
30
0
0
SEQEND
8
DRUCK
0
POLYLINE
8
DRUCK
66
1
70
0
0
VERTEX
8
DRUCK
10
257.576
20
80.701
30
0
0
VERTEX
8
DRUCK
10
259.304
20
80.701
30
0
0
SEQEND
8
DRUCK
0
POLYLINE
8
DRUCK
66
1
70
0
0
VERTEX
8
DRUCK
10
260.264
20
81.469
30
0
0
VERTEX
8
DRUCK
10
260.456
20
81.565
30
0
0
VERTEX
8
DRUCK
10
260.744
20
81.853
30
0
0
VERTEX
8
DRUCK
10
260.744
20
79.837
30
0
0
SEQEND
8
DRUCK
0
POLYLINE
8
DRUCK
66
1
70
0
0
VERTEX
8
DRUCK
10
266.785
20
73.22
30
0
0
VERTEX
8
DRUCK
10
266.785
20
71.492
30
0
0
SEQEND
8
DRUCK
0
POLYLINE
8
DRUCK
66
1
70
0
0
VERTEX
8
DRUCK
10
265.921
20
72.356
30
0
0
VERTEX
8
DRUCK
10
267.649
20
72.356
30
0
0
SEQEND
8
DRUCK
0
POLYLINE
8
DRUCK
66
1
70
0
0
VERTEX
8
DRUCK
10
268.417
20
73.028
30
0
0
VERTEX
8
DRUCK
10
268.417
20
73.124
30
0
0
VERTEX
8
DRUCK
10
268.513
20
73.316
30
0
0
VERTEX
8
DRUCK
10
268.609
20
73.412
30
0
0
VERTEX
8
DRUCK
10
268.801
20
73.508
30
0
0
VERTEX
8
DRUCK
10
269.185
20
73.508
30
0
0
VERTEX
8
DRUCK
10
269.377
20
73.412
30
0
0
VERTEX
8
DRUCK
10
269.473
20
73.316
30
0
0
VERTEX
8
DRUCK
10
269.569
20
73.124
30
0
0
VERTEX
8
DRUCK
10
269.569
20
72.932
30
0
0
VERTEX
8
DRUCK
10
269.473
20
72.74
30
0
0
VERTEX
8
DRUCK
10
269.281
20
72.452
30
0
0
VERTEX
8
DRUCK
10
268.321
20
71.492
30
0
0
VERTEX
8
DRUCK
10
269.665
20
71.492
30
0
0
SEQEND
8
DRUCK
0
POLYLINE
8
DRUCK
66
1
70
0
0
VERTEX
8
DRUCK
10
269.84
20
61.82
30
0
0
VERTEX
8
DRUCK
10
269.84
20
60.092
30
0
0
SEQEND
8
DRUCK
0
POLYLINE
8
DRUCK
66
1
70
0
0
VERTEX
8
DRUCK
10
268.976
20
60.956
30
0
0
VERTEX
8
DRUCK
10
270.704
20
60.956
30
0
0
SEQEND
8
DRUCK
0
POLYLINE
8
DRUCK
66
1
70
0
0
VERTEX
8
DRUCK
10
271.568
20
62.108
30
0
0
VERTEX
8
DRUCK
10
272.624
20
62.108
30
0
0
VERTEX
8
DRUCK
10
272.048
20
61.34
30
0
0
VERTEX
8
DRUCK
10
272.336
20
61.34
30
0
0
VERTEX
8
DRUCK
10
272.528
20
61.244
30
0
0
VERTEX
8
DRUCK
10
272.624
20
61.148
30
0
0
VERTEX
8
DRUCK
10
272.72
20
60.86
30
0
0
VERTEX
8
DRUCK
10
272.72
20
60.668
30
0
0
VERTEX
8
DRUCK
10
272.624
20
60.38
30
0
0
VERTEX
8
DRUCK
10
272.432
20
60.188
30
0
0
VERTEX
8
DRUCK
10
272.144
20
60.092
30
0
0
VERTEX
8
DRUCK
10
271.856
20
60.092
30
0
0
VERTEX
8
DRUCK
10
271.568
20
60.188
30
0
0
VERTEX
8
DRUCK
10
271.472
20
60.284
30
0
0
VERTEX
8
DRUCK
10
271.376
20
60.476
30
0
0
SEQEND
8
DRUCK
0
POLYLINE
8
DRUCK
66
1
70
0
0
VERTEX
8
DRUCK
10
266.785
20
50.42
30
0
0
VERTEX
8
DRUCK
10
266.785
20
48.692
30
0
0
SEQEND
8
DRUCK
0
POLYLINE
8
DRUCK
66
1
70
0
0
VERTEX
8
DRUCK
10
265.921
20
49.556
30
0
0
VERTEX
8
DRUCK
10
267.649
20
49.556
30
0
0
SEQEND
8
DRUCK
0
POLYLINE
8
DRUCK
66
1
70
0
0
VERTEX
8
DRUCK
10
269.281
20
50.708
30
0
0
VERTEX
8
DRUCK
10
268.321
20
49.364
30
0
0
VERTEX
8
DRUCK
10
269.761
20
49.364
30
0
0
SEQEND
8
DRUCK
0
POLYLINE
8
DRUCK
66
1
70
0
0
VERTEX
8
DRUCK
10
269.281
20
50.708
30
0
0
VERTEX
8
DRUCK
10
269.281
20
48.692
30
0
0
SEQEND
8
DRUCK
0
POLYLINE
8
DRUCK
66
1
70
0
0
VERTEX
8
DRUCK
10
241.414
20
41.724
30
0
0
VERTEX
8
DRUCK
10
241.414
20
39.276
30
0
0
SEQEND
8
DRUCK
0
POLYLINE
8
DRUCK
66
1
70
0
0
VERTEX
8
DRUCK
10
241.414
20
41.724
30
0
0
VERTEX
8
DRUCK
10
242.346
20
39.276
30
0
0
SEQEND
8
DRUCK
0
POLYLINE
8
DRUCK
66
1
70
0
0
VERTEX
8
DRUCK
10
243.279
20
41.724
30
0
0
VERTEX
8
DRUCK
10
242.346
20
39.276
30
0
0
SEQEND
8
DRUCK
0
POLYLINE
8
DRUCK
66
1
70
0
0
VERTEX
8
DRUCK
10
243.279
20
41.724
30
0
0
VERTEX
8
DRUCK
10
243.279
20
39.276
30
0
0
SEQEND
8
DRUCK
0
POLYLINE
8
DRUCK
66
1
70
0
0
VERTEX
8
DRUCK
10
244.794
20
41.724
30
0
0
VERTEX
8
DRUCK
10
243.862
20
39.276
30
0
0
SEQEND
8
DRUCK
0
POLYLINE
8
DRUCK
66
1
70
0
0
VERTEX
8
DRUCK
10
244.794
20
41.724
30
0
0
VERTEX
8
DRUCK
10
245.727
20
39.276
30
0
0
SEQEND
8
DRUCK
0
POLYLINE
8
DRUCK
66
1
70
0
0
VERTEX
8
DRUCK
10
244.211
20
40.092
30
0
0
VERTEX
8
DRUCK
10
245.377
20
40.092
30
0
0
SEQEND
8
DRUCK
0
POLYLINE
8
DRUCK
66
1
70
0
0
VERTEX
8
DRUCK
10
246.31
20
41.724
30
0
0
VERTEX
8
DRUCK
10
246.31
20
39.276
30
0
0
SEQEND
8
DRUCK
0
POLYLINE
8
DRUCK
66
1
70
0
0
VERTEX
8
DRUCK
10
246.31
20
41.724
30
0
0
VERTEX
8
DRUCK
10
247.942
20
39.276
30
0
0
SEQEND
8
DRUCK
0
POLYLINE
8
DRUCK
66
1
70
0
0
VERTEX
8
DRUCK
10
247.942
20
41.724
30
0
0
VERTEX
8
DRUCK
10
247.942
20
39.276
30
0
0
SEQEND
8
DRUCK
0
POLYLINE
8
DRUCK
66
1
70
0
0
VERTEX
8
DRUCK
10
248.874
20
41.724
30
0
0
VERTEX
8
DRUCK
10
248.874
20
39.975
30
0
0
VERTEX
8
DRUCK
10
248.991
20
39.626
30
0
0
VERTEX
8
DRUCK
10
249.224
20
39.393
30
0
0
VERTEX
8
DRUCK
10
249.574
20
39.276
30
0
0
VERTEX
8
DRUCK
10
249.807
20
39.276
30
0
0
VERTEX
8
DRUCK
10
250.157
20
39.393
30
0
0
VERTEX
8
DRUCK
10
250.39
20
39.626
30
0
0
VERTEX
8
DRUCK
10
250.506
20
39.975
30
0
0
VERTEX
8
DRUCK
10
250.506
20
41.724
30
0
0
SEQEND
8
DRUCK
0
POLYLINE
8
DRUCK
66
1
70
0
0
VERTEX
8
DRUCK
10
252.022
20
41.724
30
0
0
VERTEX
8
DRUCK
10
251.089
20
39.276
30
0
0
SEQEND
8
DRUCK
0
POLYLINE
8
DRUCK
66
1
70
0
0
VERTEX
8
DRUCK
10
252.022
20
41.724
30
0
0
VERTEX
8
DRUCK
10
252.954
20
39.276
30
0
0
SEQEND
8
DRUCK
0
POLYLINE
8
DRUCK
66
1
70
0
0
VERTEX
8
DRUCK
10
251.439
20
40.092
30
0
0
VERTEX
8
DRUCK
10
252.605
20
40.092
30
0
0
SEQEND
8
DRUCK
0
POLYLINE
8
DRUCK
66
1
70
0
0
VERTEX
8
DRUCK
10
253.537
20
41.724
30
0
0
VERTEX
8
DRUCK
10
253.537
20
39.276
30
0
0
SEQEND
8
DRUCK
0
POLYLINE
8
DRUCK
66
1
70
0
0
VERTEX
8
DRUCK
10
253.537
20
39.276
30
0
0
VERTEX
8
DRUCK
10
254.936
20
39.276
30
0
0
SEQEND
8
DRUCK
0
LINE
8
DRUCK
10
193.85
20
12.18
30
0
11
193.1
21
10.881
31
0
0
LINE
8
DRUCK
10
190.08
20
15.95
30
0
11
188.781
21
15.2
31
0
0
LINE
8
DRUCK
10
188.7
20
21.1
30
0
11
187.2
21
21.1
31
0
0
LINE
8
DRUCK
10
190.08
20
26.25
30
0
11
188.781
21
27
31
0
0
LINE
8
DRUCK
10
193.85
20
30.02
30
0
11
193.1
21
31.319
31
0
0
LINE
8
DRUCK
10
199
20
31.4
30
0
11
199
21
32.9
31
0
0
LINE
8
DRUCK
10
204.15
20
30.02
30
0
11
204.9
21
31.319
31
0
0
LINE
8
DRUCK
10
207.92
20
26.25
30
0
11
209.219
21
27
31
0
0
LINE
8
DRUCK
10
209.3
20
21.1
30
0
11
210.8
21
21.1
31
0
0
LINE
8
DRUCK
10
207.92
20
15.95
30
0
11
209.219
21
15.2
31
0
0
LINE
8
DRUCK
10
204.15
20
12.18
30
0
11
204.9
21
10.881
31
0
0
POLYLINE
8
DRUCK
66
1
70
0
0
VERTEX
8
DRUCK
10
191.729
20
10.222
30
0
0
VERTEX
8
DRUCK
10
191.729
20
8.422
30
0
0
SEQEND
8
DRUCK
0
POLYLINE
8
DRUCK
66
1
70
0
0
VERTEX
8
DRUCK
10
191.729
20
9.365
30
0
0
VERTEX
8
DRUCK
10
191.9
20
9.536
30
0
0
VERTEX
8
DRUCK
10
192.071
20
9.622
30
0
0
VERTEX
8
DRUCK
10
192.329
20
9.622
30
0
0
VERTEX
8
DRUCK
10
192.5
20
9.536
30
0
0
VERTEX
8
DRUCK
10
192.671
20
9.365
30
0
0
VERTEX
8
DRUCK
10
192.757
20
9.108
30
0
0
VERTEX
8
DRUCK
10
192.757
20
8.936
30
0
0
VERTEX
8
DRUCK
10
192.671
20
8.679
30
0
0
VERTEX
8
DRUCK
10
192.5
20
8.508
30
0
0
VERTEX
8
DRUCK
10
192.329
20
8.422
30
0
0
VERTEX
8
DRUCK
10
192.071
20
8.422
30
0
0
VERTEX
8
DRUCK
10
191.9
20
8.508
30
0
0
VERTEX
8
DRUCK
10
191.729
20
8.679
30
0
0
SEQEND
8
DRUCK
0
POLYLINE
8
DRUCK
66
1
70
0
0
VERTEX
8
DRUCK
10
198.914
20
35.6
30
0
0
VERTEX
8
DRUCK
10
198.657
20
35.514
30
0
0
VERTEX
8
DRUCK
10
198.486
20
35.257
30
0
0
VERTEX
8
DRUCK
10
198.4
20
34.829
30
0
0
VERTEX
8
DRUCK
10
198.4
20
34.571
30
0
0
VERTEX
8
DRUCK
10
198.486
20
34.143
30
0
0
VERTEX
8
DRUCK
10
198.657
20
33.886
30
0
0
VERTEX
8
DRUCK
10
198.914
20
33.8
30
0
0
VERTEX
8
DRUCK
10
199.086
20
33.8
30
0
0
VERTEX
8
DRUCK
10
199.343
20
33.886
30
0
0
VERTEX
8
DRUCK
10
199.514
20
34.143
30
0
0
VERTEX
8
DRUCK
10
199.6
20
34.571
30
0
0
VERTEX
8
DRUCK
10
199.6
20
34.829
30
0
0
VERTEX
8
DRUCK
10
199.514
20
35.257
30
0
0
VERTEX
8
DRUCK
10
199.343
20
35.514
30
0
0
VERTEX
8
DRUCK
10
199.086
20
35.6
30
0
0
VERTEX
8
DRUCK
10
198.914
20
35.6
30
0
0
SEQEND
8
DRUCK
0
POLYLINE
8
DRUCK
66
1
70
0
0
VERTEX
8
DRUCK
10
205.843
20
10.565
30
0
0
VERTEX
8
DRUCK
10
205.243
20
7.822
30
0
0
SEQEND
8
DRUCK
0
POLYLINE
8
DRUCK
66
1
70
0
0
VERTEX
8
DRUCK
10
206.357
20
10.565
30
0
0
VERTEX
8
DRUCK
10
205.757
20
7.822
30
0
0
SEQEND
8
DRUCK
0
POLYLINE
8
DRUCK
66
1
70
0
0
VERTEX
8
DRUCK
10
205.243
20
9.451
30
0
0
VERTEX
8
DRUCK
10
206.443
20
9.451
30
0
0
SEQEND
8
DRUCK
0
POLYLINE
8
DRUCK
66
1
70
0
0
VERTEX
8
DRUCK
10
205.157
20
8.936
30
0
0
VERTEX
8
DRUCK
10
206.357
20
8.936
30
0
0
SEQEND
8
DRUCK
0
POLYLINE
8
DRUCK
66
1
70
0
0
VERTEX
8
DRUCK
10
190.665
20
6.324
30
0
0
VERTEX
8
DRUCK
10
190.665
20
3.876
30
0
0
SEQEND
8
DRUCK
0
POLYLINE
8
DRUCK
66
1
70
0
0
VERTEX
8
DRUCK
10
190.665
20
6.324
30
0
0
VERTEX
8
DRUCK
10
192.181
20
6.324
30
0
0
SEQEND
8
DRUCK
0
POLYLINE
8
DRUCK
66
1
70
0
0
VERTEX
8
DRUCK
10
190.665
20
5.158
30
0
0
VERTEX
8
DRUCK
10
191.598
20
5.158
30
0
0
SEQEND
8
DRUCK
0
POLYLINE
8
DRUCK
66
1
70
0
0
VERTEX
8
DRUCK
10
192.647
20
6.324
30
0
0
VERTEX
8
DRUCK
10
192.763
20
6.207
30
0
0
VERTEX
8
DRUCK
10
192.88
20
6.324
30
0
0
VERTEX
8
DRUCK
10
192.763
20
6.441
30
0
0
VERTEX
8
DRUCK
10
192.647
20
6.324
30
0
0
SEQEND
8
DRUCK
0
POLYLINE
8
DRUCK
66
1
70
0
0
VERTEX
8
DRUCK
10
192.763
20
5.508
30
0
0
VERTEX
8
DRUCK
10
192.763
20
3.876
30
0
0
SEQEND
8
DRUCK
0
POLYLINE
8
DRUCK
66
1
70
0
0
VERTEX
8
DRUCK
10
193.696
20
5.508
30
0
0
VERTEX
8
DRUCK
10
193.696
20
3.876
30
0
0
SEQEND
8
DRUCK
0
POLYLINE
8
DRUCK
66
1
70
0
0
VERTEX
8
DRUCK
10
193.696
20
5.042
30
0
0
VERTEX
8
DRUCK
10
194.046
20
5.391
30
0
0
VERTEX
8
DRUCK
10
194.279
20
5.508
30
0
0
VERTEX
8
DRUCK
10
194.629
20
5.508
30
0
0
VERTEX
8
DRUCK
10
194.862
20
5.391
30
0
0
VERTEX
8
DRUCK
10
194.978
20
5.042
30
0
0
VERTEX
8
DRUCK
10
194.978
20
3.876
30
0
0
SEQEND
8
DRUCK
0
POLYLINE
8
DRUCK
66
1
70
0
0
VERTEX
8
DRUCK
10
195.794
20
4.809
30
0
0
VERTEX
8
DRUCK
10
197.193
20
4.809
30
0
0
VERTEX
8
DRUCK
10
197.193
20
5.042
30
0
0
VERTEX
8
DRUCK
10
197.077
20
5.275
30
0
0
VERTEX
8
DRUCK
10
196.96
20
5.391
30
0
0
VERTEX
8
DRUCK
10
196.727
20
5.508
30
0
0
VERTEX
8
DRUCK
10
196.377
20
5.508
30
0
0
VERTEX
8
DRUCK
10
196.144
20
5.391
30
0
0
VERTEX
8
DRUCK
10
195.911
20
5.158
30
0
0
VERTEX
8
DRUCK
10
195.794
20
4.809
30
0
0
VERTEX
8
DRUCK
10
195.794
20
4.575
30
0
0
VERTEX
8
DRUCK
10
195.911
20
4.226
30
0
0
VERTEX
8
DRUCK
10
196.144
20
3.993
30
0
0
VERTEX
8
DRUCK
10
196.377
20
3.876
30
0
0
VERTEX
8
DRUCK
10
196.727
20
3.876
30
0
0
VERTEX
8
DRUCK
10
196.96
20
3.993
30
0
0
VERTEX
8
DRUCK
10
197.193
20
4.226
30
0
0
SEQEND
8
DRUCK
0
POLYLINE
8
DRUCK
66
1
70
0
0
VERTEX
8
DRUCK
10
200.341
20
6.324
30
0
0
VERTEX
8
DRUCK
10
200.341
20
3.876
30
0
0
SEQEND
8
DRUCK
0
POLYLINE
8
DRUCK
66
1
70
0
0
VERTEX
8
DRUCK
10
199.525
20
6.324
30
0
0
VERTEX
8
DRUCK
10
201.157
20
6.324
30
0
0
SEQEND
8
DRUCK
0
POLYLINE
8
DRUCK
66
1
70
0
0
VERTEX
8
DRUCK
10
201.739
20
5.508
30
0
0
VERTEX
8
DRUCK
10
201.739
20
4.342
30
0
0
VERTEX
8
DRUCK
10
201.856
20
3.993
30
0
0
VERTEX
8
DRUCK
10
202.089
20
3.876
30
0
0
VERTEX
8
DRUCK
10
202.439
20
3.876
30
0
0
VERTEX
8
DRUCK
10
202.672
20
3.993
30
0
0
VERTEX
8
DRUCK
10
203.022
20
4.342
30
0
0
SEQEND
8
DRUCK
0
POLYLINE
8
DRUCK
66
1
70
0
0
VERTEX
8
DRUCK
10
203.022
20
5.508
30
0
0
VERTEX
8
DRUCK
10
203.022
20
3.876
30
0
0
SEQEND
8
DRUCK
0
POLYLINE
8
DRUCK
66
1
70
0
0
VERTEX
8
DRUCK
10
203.954
20
5.508
30
0
0
VERTEX
8
DRUCK
10
203.954
20
3.876
30
0
0
SEQEND
8
DRUCK
0
POLYLINE
8
DRUCK
66
1
70
0
0
VERTEX
8
DRUCK
10
203.954
20
5.042
30
0
0
VERTEX
8
DRUCK
10
204.304
20
5.391
30
0
0
VERTEX
8
DRUCK
10
204.537
20
5.508
30
0
0
VERTEX
8
DRUCK
10
204.887
20
5.508
30
0
0
VERTEX
8
DRUCK
10
205.12
20
5.391
30
0
0
VERTEX
8
DRUCK
10
205.237
20
5.042
30
0
0
VERTEX
8
DRUCK
10
205.237
20
3.876
30
0
0
SEQEND
8
DRUCK
0
POLYLINE
8
DRUCK
66
1
70
0
0
VERTEX
8
DRUCK
10
206.053
20
4.809
30
0
0
VERTEX
8
DRUCK
10
207.451
20
4.809
30
0
0
VERTEX
8
DRUCK
10
207.451
20
5.042
30
0
0
VERTEX
8
DRUCK
10
207.335
20
5.275
30
0
0
VERTEX
8
DRUCK
10
207.218
20
5.391
30
0
0
VERTEX
8
DRUCK
10
206.985
20
5.508
30
0
0
VERTEX
8
DRUCK
10
206.635
20
5.508
30
0
0
VERTEX
8
DRUCK
10
206.402
20
5.391
30
0
0
VERTEX
8
DRUCK
10
206.169
20
5.158
30
0
0
VERTEX
8
DRUCK
10
206.053
20
4.809
30
0
0
VERTEX
8
DRUCK
10
206.053
20
4.575
30
0
0
VERTEX
8
DRUCK
10
206.169
20
4.226
30
0
0
VERTEX
8
DRUCK
10
206.402
20
3.993
30
0
0
VERTEX
8
DRUCK
10
206.635
20
3.876
30
0
0
VERTEX
8
DRUCK
10
206.985
20
3.876
30
0
0
VERTEX
8
DRUCK
10
207.218
20
3.993
30
0
0
VERTEX
8
DRUCK
10
207.451
20
4.226
30
0
0
SEQEND
8
DRUCK
0
LINE
8
DRUCK
10
242.85
20
12.18
30
0
11
242.1
21
10.881
31
0
0
LINE
8
DRUCK
10
239.08
20
15.95
30
0
11
237.781
21
15.2
31
0
0
LINE
8
DRUCK
10
237.7
20
21.1
30
0
11
236.2
21
21.1
31
0
0
LINE
8
DRUCK
10
239.08
20
26.25
30
0
11
237.781
21
27
31
0
0
LINE
8
DRUCK
10
242.85
20
30.02
30
0
11
242.1
21
31.319
31
0
0
LINE
8
DRUCK
10
248
20
31.4
30
0
11
248
21
32.9
31
0
0
LINE
8
DRUCK
10
253.15
20
30.02
30
0
11
253.9
21
31.319
31
0
0
LINE
8
DRUCK
10
256.92
20
26.25
30
0
11
258.219
21
27
31
0
0
LINE
8
DRUCK
10
258.3
20
21.1
30
0
11
259.8
21
21.1
31
0
0
LINE
8
DRUCK
10
256.92
20
15.95
30
0
11
258.219
21
15.2
31
0
0
LINE
8
DRUCK
10
253.15
20
12.18
30
0
11
253.9
21
10.881
31
0
0
POLYLINE
8
DRUCK
66
1
70
0
0
VERTEX
8
DRUCK
10
240.729
20
10.222
30
0
0
VERTEX
8
DRUCK
10
240.729
20
8.422
30
0
0
SEQEND
8
DRUCK
0
POLYLINE
8
DRUCK
66
1
70
0
0
VERTEX
8
DRUCK
10
240.729
20
9.365
30
0
0
VERTEX
8
DRUCK
10
240.9
20
9.536
30
0
0
VERTEX
8
DRUCK
10
241.071
20
9.622
30
0
0
VERTEX
8
DRUCK
10
241.329
20
9.622
30
0
0
VERTEX
8
DRUCK
10
241.5
20
9.536
30
0
0
VERTEX
8
DRUCK
10
241.671
20
9.365
30
0
0
VERTEX
8
DRUCK
10
241.757
20
9.108
30
0
0
VERTEX
8
DRUCK
10
241.757
20
8.936
30
0
0
VERTEX
8
DRUCK
10
241.671
20
8.679
30
0
0
VERTEX
8
DRUCK
10
241.5
20
8.508
30
0
0
VERTEX
8
DRUCK
10
241.329
20
8.422
30
0
0
VERTEX
8
DRUCK
10
241.071
20
8.422
30
0
0
VERTEX
8
DRUCK
10
240.9
20
8.508
30
0
0
VERTEX
8
DRUCK
10
240.729
20
8.679
30
0
0
SEQEND
8
DRUCK
0
POLYLINE
8
DRUCK
66
1
70
0
0
VERTEX
8
DRUCK
10
247.914
20
35.6
30
0
0
VERTEX
8
DRUCK
10
247.657
20
35.514
30
0
0
VERTEX
8
DRUCK
10
247.486
20
35.257
30
0
0
VERTEX
8
DRUCK
10
247.4
20
34.829
30
0
0
VERTEX
8
DRUCK
10
247.4
20
34.571
30
0
0
VERTEX
8
DRUCK
10
247.486
20
34.143
30
0
0
VERTEX
8
DRUCK
10
247.657
20
33.886
30
0
0
VERTEX
8
DRUCK
10
247.914
20
33.8
30
0
0
VERTEX
8
DRUCK
10
248.086
20
33.8
30
0
0
VERTEX
8
DRUCK
10
248.343
20
33.886
30
0
0
VERTEX
8
DRUCK
10
248.514
20
34.143
30
0
0
VERTEX
8
DRUCK
10
248.6
20
34.571
30
0
0
VERTEX
8
DRUCK
10
248.6
20
34.829
30
0
0
VERTEX
8
DRUCK
10
248.514
20
35.257
30
0
0
VERTEX
8
DRUCK
10
248.343
20
35.514
30
0
0
VERTEX
8
DRUCK
10
248.086
20
35.6
30
0
0
VERTEX
8
DRUCK
10
247.914
20
35.6
30
0
0
SEQEND
8
DRUCK
0
POLYLINE
8
DRUCK
66
1
70
0
0
VERTEX
8
DRUCK
10
254.843
20
10.565
30
0
0
VERTEX
8
DRUCK
10
254.243
20
7.822
30
0
0
SEQEND
8
DRUCK
0
POLYLINE
8
DRUCK
66
1
70
0
0
VERTEX
8
DRUCK
10
255.357
20
10.565
30
0
0
VERTEX
8
DRUCK
10
254.757
20
7.822
30
0
0
SEQEND
8
DRUCK
0
POLYLINE
8
DRUCK
66
1
70
0
0
VERTEX
8
DRUCK
10
254.243
20
9.451
30
0
0
VERTEX
8
DRUCK
10
255.443
20
9.451
30
0
0
SEQEND
8
DRUCK
0
POLYLINE
8
DRUCK
66
1
70
0
0
VERTEX
8
DRUCK
10
254.157
20
8.936
30
0
0
VERTEX
8
DRUCK
10
255.357
20
8.936
30
0
0
SEQEND
8
DRUCK
0
POLYLINE
8
DRUCK
66
1
70
0
0
VERTEX
8
DRUCK
10
239.665
20
6.324
30
0
0
VERTEX
8
DRUCK
10
239.665
20
3.876
30
0
0
SEQEND
8
DRUCK
0
POLYLINE
8
DRUCK
66
1
70
0
0
VERTEX
8
DRUCK
10
239.665
20
6.324
30
0
0
VERTEX
8
DRUCK
10
241.181
20
6.324
30
0
0
SEQEND
8
DRUCK
0
POLYLINE
8
DRUCK
66
1
70
0
0
VERTEX
8
DRUCK
10
239.665
20
5.158
30
0
0
VERTEX
8
DRUCK
10
240.598
20
5.158
30
0
0
SEQEND
8
DRUCK
0
POLYLINE
8
DRUCK
66
1
70
0
0
VERTEX
8
DRUCK
10
241.647
20
6.324
30
0
0
VERTEX
8
DRUCK
10
241.763
20
6.207
30
0
0
VERTEX
8
DRUCK
10
241.88
20
6.324
30
0
0
VERTEX
8
DRUCK
10
241.763
20
6.441
30
0
0
VERTEX
8
DRUCK
10
241.647
20
6.324
30
0
0
SEQEND
8
DRUCK
0
POLYLINE
8
DRUCK
66
1
70
0
0
VERTEX
8
DRUCK
10
241.763
20
5.508
30
0
0
VERTEX
8
DRUCK
10
241.763
20
3.876
30
0
0
SEQEND
8
DRUCK
0
POLYLINE
8
DRUCK
66
1
70
0
0
VERTEX
8
DRUCK
10
242.696
20
5.508
30
0
0
VERTEX
8
DRUCK
10
242.696
20
3.876
30
0
0
SEQEND
8
DRUCK
0
POLYLINE
8
DRUCK
66
1
70
0
0
VERTEX
8
DRUCK
10
242.696
20
5.042
30
0
0
VERTEX
8
DRUCK
10
243.046
20
5.391
30
0
0
VERTEX
8
DRUCK
10
243.279
20
5.508
30
0
0
VERTEX
8
DRUCK
10
243.629
20
5.508
30
0
0
VERTEX
8
DRUCK
10
243.862
20
5.391
30
0
0
VERTEX
8
DRUCK
10
243.978
20
5.042
30
0
0
VERTEX
8
DRUCK
10
243.978
20
3.876
30
0
0
SEQEND
8
DRUCK
0
POLYLINE
8
DRUCK
66
1
70
0
0
VERTEX
8
DRUCK
10
244.794
20
4.809
30
0
0
VERTEX
8
DRUCK
10
246.193
20
4.809
30
0
0
VERTEX
8
DRUCK
10
246.193
20
5.042
30
0
0
VERTEX
8
DRUCK
10
246.077
20
5.275
30
0
0
VERTEX
8
DRUCK
10
245.96
20
5.391
30
0
0
VERTEX
8
DRUCK
10
245.727
20
5.508
30
0
0
VERTEX
8
DRUCK
10
245.377
20
5.508
30
0
0
VERTEX
8
DRUCK
10
245.144
20
5.391
30
0
0
VERTEX
8
DRUCK
10
244.911
20
5.158
30
0
0
VERTEX
8
DRUCK
10
244.794
20
4.809
30
0
0
VERTEX
8
DRUCK
10
244.794
20
4.575
30
0
0
VERTEX
8
DRUCK
10
244.911
20
4.226
30
0
0
VERTEX
8
DRUCK
10
245.144
20
3.993
30
0
0
VERTEX
8
DRUCK
10
245.377
20
3.876
30
0
0
VERTEX
8
DRUCK
10
245.727
20
3.876
30
0
0
VERTEX
8
DRUCK
10
245.96
20
3.993
30
0
0
VERTEX
8
DRUCK
10
246.193
20
4.226
30
0
0
SEQEND
8
DRUCK
0
POLYLINE
8
DRUCK
66
1
70
0
0
VERTEX
8
DRUCK
10
249.341
20
6.324
30
0
0
VERTEX
8
DRUCK
10
249.341
20
3.876
30
0
0
SEQEND
8
DRUCK
0
POLYLINE
8
DRUCK
66
1
70
0
0
VERTEX
8
DRUCK
10
248.525
20
6.324
30
0
0
VERTEX
8
DRUCK
10
250.157
20
6.324
30
0
0
SEQEND
8
DRUCK
0
POLYLINE
8
DRUCK
66
1
70
0
0
VERTEX
8
DRUCK
10
250.739
20
5.508
30
0
0
VERTEX
8
DRUCK
10
250.739
20
4.342
30
0
0
VERTEX
8
DRUCK
10
250.856
20
3.993
30
0
0
VERTEX
8
DRUCK
10
251.089
20
3.876
30
0
0
VERTEX
8
DRUCK
10
251.439
20
3.876
30
0
0
VERTEX
8
DRUCK
10
251.672
20
3.993
30
0
0
VERTEX
8
DRUCK
10
252.022
20
4.342
30
0
0
SEQEND
8
DRUCK
0
POLYLINE
8
DRUCK
66
1
70
0
0
VERTEX
8
DRUCK
10
252.022
20
5.508
30
0
0
VERTEX
8
DRUCK
10
252.022
20
3.876
30
0
0
SEQEND
8
DRUCK
0
POLYLINE
8
DRUCK
66
1
70
0
0
VERTEX
8
DRUCK
10
252.954
20
5.508
30
0
0
VERTEX
8
DRUCK
10
252.954
20
3.876
30
0
0
SEQEND
8
DRUCK
0
POLYLINE
8
DRUCK
66
1
70
0
0
VERTEX
8
DRUCK
10
252.954
20
5.042
30
0
0
VERTEX
8
DRUCK
10
253.304
20
5.391
30
0
0
VERTEX
8
DRUCK
10
253.537
20
5.508
30
0
0
VERTEX
8
DRUCK
10
253.887
20
5.508
30
0
0
VERTEX
8
DRUCK
10
254.12
20
5.391
30
0
0
VERTEX
8
DRUCK
10
254.237
20
5.042
30
0
0
VERTEX
8
DRUCK
10
254.237
20
3.876
30
0
0
SEQEND
8
DRUCK
0
POLYLINE
8
DRUCK
66
1
70
0
0
VERTEX
8
DRUCK
10
255.053
20
4.809
30
0
0
VERTEX
8
DRUCK
10
256.451
20
4.809
30
0
0
VERTEX
8
DRUCK
10
256.451
20
5.042
30
0
0
VERTEX
8
DRUCK
10
256.335
20
5.275
30
0
0
VERTEX
8
DRUCK
10
256.218
20
5.391
30
0
0
VERTEX
8
DRUCK
10
255.985
20
5.508
30
0
0
VERTEX
8
DRUCK
10
255.635
20
5.508
30
0
0
VERTEX
8
DRUCK
10
255.402
20
5.391
30
0
0
VERTEX
8
DRUCK
10
255.169
20
5.158
30
0
0
VERTEX
8
DRUCK
10
255.053
20
4.809
30
0
0
VERTEX
8
DRUCK
10
255.053
20
4.575
30
0
0
VERTEX
8
DRUCK
10
255.169
20
4.226
30
0
0
VERTEX
8
DRUCK
10
255.402
20
3.993
30
0
0
VERTEX
8
DRUCK
10
255.635
20
3.876
30
0
0
VERTEX
8
DRUCK
10
255.985
20
3.876
30
0
0
VERTEX
8
DRUCK
10
256.218
20
3.993
30
0
0
VERTEX
8
DRUCK
10
256.451
20
4.226
30
0
0
SEQEND
8
DRUCK
0
POLYLINE
8
DRUCK
66
1
70
0
0
VERTEX
8
DRUCK
10
213.311
20
28.616
30
0
0
VERTEX
8
DRUCK
10
213.311
20
26.384
30
0
0
SEQEND
8
DRUCK
0
POLYLINE
8
DRUCK
66
1
70
0
0
VERTEX
8
DRUCK
10
213.311
20
28.616
30
0
0
VERTEX
8
DRUCK
10
214.693
20
28.616
30
0
0
SEQEND
8
DRUCK
0
POLYLINE
8
DRUCK
66
1
70
0
0
VERTEX
8
DRUCK
10
213.311
20
27.553
30
0
0
VERTEX
8
DRUCK
10
214.162
20
27.553
30
0
0
SEQEND
8
DRUCK
0
POLYLINE
8
DRUCK
66
1
70
0
0
VERTEX
8
DRUCK
10
215.225
20
27.872
30
0
0
VERTEX
8
DRUCK
10
215.225
20
26.384
30
0
0
SEQEND
8
DRUCK
0
POLYLINE
8
DRUCK
66
1
70
0
0
VERTEX
8
DRUCK
10
215.225
20
27.234
30
0
0
VERTEX
8
DRUCK
10
215.331
20
27.553
30
0
0
VERTEX
8
DRUCK
10
215.543
20
27.766
30
0
0
VERTEX
8
DRUCK
10
215.756
20
27.872
30
0
0
VERTEX
8
DRUCK
10
216.075
20
27.872
30
0
0
SEQEND
8
DRUCK
0
POLYLINE
8
DRUCK
66
1
70
0
0
VERTEX
8
DRUCK
10
216.5
20
27.234
30
0
0
VERTEX
8
DRUCK
10
217.775
20
27.234
30
0
0
VERTEX
8
DRUCK
10
217.775
20
27.447
30
0
0
VERTEX
8
DRUCK
10
217.669
20
27.659
30
0
0
VERTEX
8
DRUCK
10
217.563
20
27.766
30
0
0
VERTEX
8
DRUCK
10
217.35
20
27.872
30
0
0
VERTEX
8
DRUCK
10
217.031
20
27.872
30
0
0
VERTEX
8
DRUCK
10
216.819
20
27.766
30
0
0
VERTEX
8
DRUCK
10
216.606
20
27.553
30
0
0
VERTEX
8
DRUCK
10
216.5
20
27.234
30
0
0
VERTEX
8
DRUCK
10
216.5
20
27.022
30
0
0
VERTEX
8
DRUCK
10
216.606
20
26.703
30
0
0
VERTEX
8
DRUCK
10
216.819
20
26.49
30
0
0
VERTEX
8
DRUCK
10
217.031
20
26.384
30
0
0
VERTEX
8
DRUCK
10
217.35
20
26.384
30
0
0
VERTEX
8
DRUCK
10
217.563
20
26.49
30
0
0
VERTEX
8
DRUCK
10
217.775
20
26.703
30
0
0
SEQEND
8
DRUCK
0
POLYLINE
8
DRUCK
66
1
70
0
0
VERTEX
8
DRUCK
10
219.689
20
27.872
30
0
0
VERTEX
8
DRUCK
10
219.689
20
25.64
30
0
0
SEQEND
8
DRUCK
0
POLYLINE
8
DRUCK
66
1
70
0
0
VERTEX
8
DRUCK
10
219.689
20
27.553
30
0
0
VERTEX
8
DRUCK
10
219.476
20
27.766
30
0
0
VERTEX
8
DRUCK
10
219.263
20
27.872
30
0
0
VERTEX
8
DRUCK
10
218.945
20
27.872
30
0
0
VERTEX
8
DRUCK
10
218.732
20
27.766
30
0
0
VERTEX
8
DRUCK
10
218.519
20
27.553
30
0
0
VERTEX
8
DRUCK
10
218.413
20
27.234
30
0
0
VERTEX
8
DRUCK
10
218.413
20
27.022
30
0
0
VERTEX
8
DRUCK
10
218.519
20
26.703
30
0
0
VERTEX
8
DRUCK
10
218.732
20
26.49
30
0
0
VERTEX
8
DRUCK
10
218.945
20
26.384
30
0
0
VERTEX
8
DRUCK
10
219.263
20
26.384
30
0
0
VERTEX
8
DRUCK
10
219.476
20
26.49
30
0
0
VERTEX
8
DRUCK
10
219.689
20
26.703
30
0
0
SEQEND
8
DRUCK
0
POLYLINE
8
DRUCK
66
1
70
0
0
VERTEX
8
DRUCK
10
228.193
20
28.616
30
0
0
VERTEX
8
DRUCK
10
228.193
20
26.384
30
0
0
SEQEND
8
DRUCK
0
POLYLINE
8
DRUCK
66
1
70
0
0
VERTEX
8
DRUCK
10
228.193
20
28.616
30
0
0
VERTEX
8
DRUCK
10
228.937
20
28.616
30
0
0
VERTEX
8
DRUCK
10
229.256
20
28.51
30
0
0
VERTEX
8
DRUCK
10
229.469
20
28.297
30
0
0
VERTEX
8
DRUCK
10
229.575
20
28.085
30
0
0
VERTEX
8
DRUCK
10
229.681
20
27.766
30
0
0
VERTEX
8
DRUCK
10
229.681
20
27.234
30
0
0
VERTEX
8
DRUCK
10
229.575
20
26.915
30
0
0
VERTEX
8
DRUCK
10
229.469
20
26.703
30
0
0
VERTEX
8
DRUCK
10
229.256
20
26.49
30
0
0
VERTEX
8
DRUCK
10
228.937
20
26.384
30
0
0
VERTEX
8
DRUCK
10
228.193
20
26.384
30
0
0
SEQEND
8
DRUCK
0
POLYLINE
8
DRUCK
66
1
70
0
0
VERTEX
8
DRUCK
10
230.319
20
28.616
30
0
0
VERTEX
8
DRUCK
10
230.425
20
28.51
30
0
0
VERTEX
8
DRUCK
10
230.531
20
28.616
30
0
0
VERTEX
8
DRUCK
10
230.425
20
28.722
30
0
0
VERTEX
8
DRUCK
10
230.319
20
28.616
30
0
0
SEQEND
8
DRUCK
0
POLYLINE
8
DRUCK
66
1
70
0
0
VERTEX
8
DRUCK
10
230.425
20
27.872
30
0
0
VERTEX
8
DRUCK
10
230.425
20
26.384
30
0
0
SEQEND
8
DRUCK
0
POLYLINE
8
DRUCK
66
1
70
0
0
VERTEX
8
DRUCK
10
231.275
20
27.872
30
0
0
VERTEX
8
DRUCK
10
231.275
20
26.384
30
0
0
SEQEND
8
DRUCK
0
POLYLINE
8
DRUCK
66
1
70
0
0
VERTEX
8
DRUCK
10
231.275
20
27.234
30
0
0
VERTEX
8
DRUCK
10
231.382
20
27.553
30
0
0
VERTEX
8
DRUCK
10
231.594
20
27.766
30
0
0
VERTEX
8
DRUCK
10
231.807
20
27.872
30
0
0
VERTEX
8
DRUCK
10
232.126
20
27.872
30
0
0
SEQEND
8
DRUCK
0
LINE
8
DRUCK
10
281.85
20
52.68
30
0
11
281.1
21
51.381
31
0
0
LINE
8
DRUCK
10
278.08
20
56.45
30
0
11
276.781
21
55.7
31
0
0
LINE
8
DRUCK
10
276.7
20
61.6
30
0
11
275.2
21
61.6
31
0
0
LINE
8
DRUCK
10
278.08
20
66.75
30
0
11
276.781
21
67.5
31
0
0
LINE
8
DRUCK
10
281.85
20
70.52
30
0
11
281.1
21
71.819
31
0
0
LINE
8
DRUCK
10
287
20
71.9
30
0
11
287
21
73.4
31
0
0
LINE
8
DRUCK
10
292.15
20
70.52
30
0
11
292.9
21
71.819
31
0
0
LINE
8
DRUCK
10
295.92
20
66.75
30
0
11
297.219
21
67.5
31
0
0
LINE
8
DRUCK
10
297.3
20
61.6
30
0
11
298.8
21
61.6
31
0
0
LINE
8
DRUCK
10
295.92
20
56.45
30
0
11
297.219
21
55.7
31
0
0
LINE
8
DRUCK
10
292.15
20
52.68
30
0
11
292.9
21
51.381
31
0
0
POLYLINE
8
DRUCK
66
1
70
0
0
VERTEX
8
DRUCK
10
278.571
20
49.693
30
0
0
VERTEX
8
DRUCK
10
280.114
20
49.693
30
0
0
SEQEND
8
DRUCK
0
POLYLINE
8
DRUCK
66
1
70
0
0
VERTEX
8
DRUCK
10
281.743
20
50.722
30
0
0
VERTEX
8
DRUCK
10
280.886
20
50.722
30
0
0
VERTEX
8
DRUCK
10
280.8
20
49.951
30
0
0
VERTEX
8
DRUCK
10
280.886
20
50.036
30
0
0
VERTEX
8
DRUCK
10
281.143
20
50.122
30
0
0
VERTEX
8
DRUCK
10
281.4
20
50.122
30
0
0
VERTEX
8
DRUCK
10
281.657
20
50.036
30
0
0
VERTEX
8
DRUCK
10
281.829
20
49.865
30
0
0
VERTEX
8
DRUCK
10
281.914
20
49.608
30
0
0
VERTEX
8
DRUCK
10
281.914
20
49.436
30
0
0
VERTEX
8
DRUCK
10
281.829
20
49.179
30
0
0
VERTEX
8
DRUCK
10
281.657
20
49.008
30
0
0
VERTEX
8
DRUCK
10
281.4
20
48.922
30
0
0
VERTEX
8
DRUCK
10
281.143
20
48.922
30
0
0
VERTEX
8
DRUCK
10
280.886
20
49.008
30
0
0
VERTEX
8
DRUCK
10
280.8
20
49.093
30
0
0
VERTEX
8
DRUCK
10
280.714
20
49.265
30
0
0
SEQEND
8
DRUCK
0
POLYLINE
8
DRUCK
66
1
70
0
0
VERTEX
8
DRUCK
10
286.914
20
76.1
30
0
0
VERTEX
8
DRUCK
10
286.657
20
76.014
30
0
0
VERTEX
8
DRUCK
10
286.486
20
75.757
30
0
0
VERTEX
8
DRUCK
10
286.4
20
75.329
30
0
0
VERTEX
8
DRUCK
10
286.4
20
75.071
30
0
0
VERTEX
8
DRUCK
10
286.486
20
74.643
30
0
0
VERTEX
8
DRUCK
10
286.657
20
74.386
30
0
0
VERTEX
8
DRUCK
10
286.914
20
74.3
30
0
0
VERTEX
8
DRUCK
10
287.086
20
74.3
30
0
0
VERTEX
8
DRUCK
10
287.343
20
74.386
30
0
0
VERTEX
8
DRUCK
10
287.514
20
74.643
30
0
0
VERTEX
8
DRUCK
10
287.6
20
75.071
30
0
0
VERTEX
8
DRUCK
10
287.6
20
75.329
30
0
0
VERTEX
8
DRUCK
10
287.514
20
75.757
30
0
0
VERTEX
8
DRUCK
10
287.343
20
76.014
30
0
0
VERTEX
8
DRUCK
10
287.086
20
76.1
30
0
0
VERTEX
8
DRUCK
10
286.914
20
76.1
30
0
0
SEQEND
8
DRUCK
0
POLYLINE
8
DRUCK
66
1
70
0
0
VERTEX
8
DRUCK
10
292.943
20
50.465
30
0
0
VERTEX
8
DRUCK
10
292.943
20
48.922
30
0
0
SEQEND
8
DRUCK
0
POLYLINE
8
DRUCK
66
1
70
0
0
VERTEX
8
DRUCK
10
292.171
20
49.693
30
0
0
VERTEX
8
DRUCK
10
293.714
20
49.693
30
0
0
SEQEND
8
DRUCK
0
POLYLINE
8
DRUCK
66
1
70
0
0
VERTEX
8
DRUCK
10
295.343
20
50.722
30
0
0
VERTEX
8
DRUCK
10
294.486
20
50.722
30
0
0
VERTEX
8
DRUCK
10
294.4
20
49.951
30
0
0
VERTEX
8
DRUCK
10
294.486
20
50.036
30
0
0
VERTEX
8
DRUCK
10
294.743
20
50.122
30
0
0
VERTEX
8
DRUCK
10
295
20
50.122
30
0
0
VERTEX
8
DRUCK
10
295.257
20
50.036
30
0
0
VERTEX
8
DRUCK
10
295.429
20
49.865
30
0
0
VERTEX
8
DRUCK
10
295.514
20
49.608
30
0
0
VERTEX
8
DRUCK
10
295.514
20
49.436
30
0
0
VERTEX
8
DRUCK
10
295.429
20
49.179
30
0
0
VERTEX
8
DRUCK
10
295.257
20
49.008
30
0
0
VERTEX
8
DRUCK
10
295
20
48.922
30
0
0
VERTEX
8
DRUCK
10
294.743
20
48.922
30
0
0
VERTEX
8
DRUCK
10
294.486
20
49.008
30
0
0
VERTEX
8
DRUCK
10
294.4
20
49.093
30
0
0
VERTEX
8
DRUCK
10
294.314
20
49.265
30
0
0
SEQEND
8
DRUCK
0
POLYLINE
8
DRUCK
66
1
70
0
0
VERTEX
8
DRUCK
10
284.727
20
46.824
30
0
0
VERTEX
8
DRUCK
10
284.727
20
44.376
30
0
0
SEQEND
8
DRUCK
0
POLYLINE
8
DRUCK
66
1
70
0
0
VERTEX
8
DRUCK
10
284.727
20
44.376
30
0
0
VERTEX
8
DRUCK
10
286.126
20
44.376
30
0
0
SEQEND
8
DRUCK
0
POLYLINE
8
DRUCK
66
1
70
0
0
VERTEX
8
DRUCK
10
286.709
20
46.824
30
0
0
VERTEX
8
DRUCK
10
286.709
20
44.376
30
0
0
SEQEND
8
DRUCK
0
POLYLINE
8
DRUCK
66
1
70
0
0
VERTEX
8
DRUCK
10
287.641
20
46.824
30
0
0
VERTEX
8
DRUCK
10
287.641
20
44.376
30
0
0
SEQEND
8
DRUCK
0
POLYLINE
8
DRUCK
66
1
70
0
0
VERTEX
8
DRUCK
10
287.641
20
46.824
30
0
0
VERTEX
8
DRUCK
10
289.273
20
44.376
30
0
0
SEQEND
8
DRUCK
0
POLYLINE
8
DRUCK
66
1
70
0
0
VERTEX
8
DRUCK
10
289.273
20
46.824
30
0
0
VERTEX
8
DRUCK
10
289.273
20
44.376
30
0
0
SEQEND
8
DRUCK
0
POLYLINE
8
DRUCK
66
1
70
0
0
VERTEX
8
DRUCK
10
284.144
20
5.741
30
0
0
VERTEX
8
DRUCK
10
284.027
20
5.974
30
0
0
VERTEX
8
DRUCK
10
283.794
20
6.207
30
0
0
VERTEX
8
DRUCK
10
283.561
20
6.324
30
0
0
VERTEX
8
DRUCK
10
283.095
20
6.324
30
0
0
VERTEX
8
DRUCK
10
282.862
20
6.207
30
0
0
VERTEX
8
DRUCK
10
282.629
20
5.974
30
0
0
VERTEX
8
DRUCK
10
282.512
20
5.741
30
0
0
VERTEX
8
DRUCK
10
282.395
20
5.391
30
0
0
VERTEX
8
DRUCK
10
282.395
20
4.809
30
0
0
VERTEX
8
DRUCK
10
282.512
20
4.459
30
0
0
VERTEX
8
DRUCK
10
282.629
20
4.226
30
0
0
VERTEX
8
DRUCK
10
282.862
20
3.993
30
0
0
VERTEX
8
DRUCK
10
283.095
20
3.876
30
0
0
VERTEX
8
DRUCK
10
283.561
20
3.876
30
0
0
VERTEX
8
DRUCK
10
283.794
20
3.993
30
0
0
VERTEX
8
DRUCK
10
284.027
20
4.226
30
0
0
VERTEX
8
DRUCK
10
284.144
20
4.459
30
0
0
SEQEND
8
DRUCK
0
POLYLINE
8
DRUCK
66
1
70
0
0
VERTEX
8
DRUCK
10
284.61
20
6.324
30
0
0
VERTEX
8
DRUCK
10
285.543
20
3.876
30
0
0
SEQEND
8
DRUCK
0
POLYLINE
8
DRUCK
66
1
70
0
0
VERTEX
8
DRUCK
10
286.475
20
6.324
30
0
0
VERTEX
8
DRUCK
10
285.543
20
3.876
30
0
0
SEQEND
8
DRUCK
0
POLYLINE
8
DRUCK
66
1
70
0
0
VERTEX
8
DRUCK
10
288.923
20
6.324
30
0
0
VERTEX
8
DRUCK
10
288.923
20
3.876
30
0
0
SEQEND
8
DRUCK
0
POLYLINE
8
DRUCK
66
1
70
0
0
VERTEX
8
DRUCK
10
289.856
20
6.324
30
0
0
VERTEX
8
DRUCK
10
289.856
20
3.876
30
0
0
SEQEND
8
DRUCK
0
POLYLINE
8
DRUCK
66
1
70
0
0
VERTEX
8
DRUCK
10
289.856
20
6.324
30
0
0
VERTEX
8
DRUCK
10
291.488
20
3.876
30
0
0
SEQEND
8
DRUCK
0
POLYLINE
8
DRUCK
66
1
70
0
0
VERTEX
8
DRUCK
10
291.488
20
6.324
30
0
0
VERTEX
8
DRUCK
10
291.488
20
3.876
30
0
0
SEQEND
8
DRUCK
0
LINE
8
DRUCK
10
273
20
81.6
30
0
11
284
21
81.6
31
0
0
ARC
8
DRUCK
10
284
20
78.6
30
0
40
3
50
0
51
90
0
LINE
8
DRUCK
10
287
20
78.6
30
0
11
287
21
77.5
31
0
0
LINE
8
DRUCK
10
287
20
42.8
30
0
11
287
21
30.7
31
0
0
POLYLINE
8
DRUCK
66
1
70
0
0
VERTEX
8
DRUCK
10
315.396
20
83.016
30
0
0
VERTEX
8
DRUCK
10
315.396
20
80.784
30
0
0
SEQEND
8
DRUCK
0
POLYLINE
8
DRUCK
66
1
70
0
0
VERTEX
8
DRUCK
10
315.396
20
80.784
30
0
0
VERTEX
8
DRUCK
10
316.671
20
80.784
30
0
0
SEQEND
8
DRUCK
0
POLYLINE
8
DRUCK
66
1
70
0
0
VERTEX
8
DRUCK
10
317.203
20
83.016
30
0
0
VERTEX
8
DRUCK
10
317.203
20
80.784
30
0
0
SEQEND
8
DRUCK
0
POLYLINE
8
DRUCK
66
1
70
0
0
VERTEX
8
DRUCK
10
317.203
20
83.016
30
0
0
VERTEX
8
DRUCK
10
318.585
20
83.016
30
0
0
SEQEND
8
DRUCK
0
POLYLINE
8
DRUCK
66
1
70
0
0
VERTEX
8
DRUCK
10
317.203
20
81.953
30
0
0
VERTEX
8
DRUCK
10
318.053
20
81.953
30
0
0
SEQEND
8
DRUCK
0
POLYLINE
8
DRUCK
66
1
70
0
0
VERTEX
8
DRUCK
10
319.647
20
83.016
30
0
0
VERTEX
8
DRUCK
10
319.435
20
82.91
30
0
0
VERTEX
8
DRUCK
10
319.222
20
82.697
30
0
0
VERTEX
8
DRUCK
10
319.116
20
82.485
30
0
0
VERTEX
8
DRUCK
10
319.01
20
82.166
30
0
0
VERTEX
8
DRUCK
10
319.01
20
81.634
30
0
0
VERTEX
8
DRUCK
10
319.116
20
81.315
30
0
0
VERTEX
8
DRUCK
10
319.222
20
81.103
30
0
0
VERTEX
8
DRUCK
10
319.435
20
80.89
30
0
0
VERTEX
8
DRUCK
10
319.647
20
80.784
30
0
0
VERTEX
8
DRUCK
10
320.073
20
80.784
30
0
0
VERTEX
8
DRUCK
10
320.285
20
80.89
30
0
0
VERTEX
8
DRUCK
10
320.498
20
81.103
30
0
0
VERTEX
8
DRUCK
10
320.604
20
81.315
30
0
0
VERTEX
8
DRUCK
10
320.71
20
81.634
30
0
0
VERTEX
8
DRUCK
10
320.71
20
82.166
30
0
0
VERTEX
8
DRUCK
10
320.604
20
82.485
30
0
0
VERTEX
8
DRUCK
10
320.498
20
82.697
30
0
0
VERTEX
8
DRUCK
10
320.285
20
82.91
30
0
0
VERTEX
8
DRUCK
10
320.073
20
83.016
30
0
0
VERTEX
8
DRUCK
10
319.647
20
83.016
30
0
0
SEQEND
8
DRUCK
0
POLYLINE
8
DRUCK
66
1
70
0
0
VERTEX
8
DRUCK
10
314.174
20
79.316
30
0
0
VERTEX
8
DRUCK
10
314.174
20
77.084
30
0
0
SEQEND
8
DRUCK
0
POLYLINE
8
DRUCK
66
1
70
0
0
VERTEX
8
DRUCK
10
314.174
20
79.316
30
0
0
VERTEX
8
DRUCK
10
315.555
20
79.316
30
0
0
SEQEND
8
DRUCK
0
POLYLINE
8
DRUCK
66
1
70
0
0
VERTEX
8
DRUCK
10
314.174
20
78.253
30
0
0
VERTEX
8
DRUCK
10
315.024
20
78.253
30
0
0
SEQEND
8
DRUCK
0
POLYLINE
8
DRUCK
66
1
70
0
0
VERTEX
8
DRUCK
10
316.087
20
79.316
30
0
0
VERTEX
8
DRUCK
10
316.087
20
77.084
30
0
0
SEQEND
8
DRUCK
0
POLYLINE
8
DRUCK
66
1
70
0
0
VERTEX
8
DRUCK
10
316.087
20
79.316
30
0
0
VERTEX
8
DRUCK
10
317.043
20
79.316
30
0
0
VERTEX
8
DRUCK
10
317.362
20
79.21
30
0
0
VERTEX
8
DRUCK
10
317.469
20
79.103
30
0
0
VERTEX
8
DRUCK
10
317.575
20
78.891
30
0
0
VERTEX
8
DRUCK
10
317.575
20
78.678
30
0
0
VERTEX
8
DRUCK
10
317.469
20
78.466
30
0
0
VERTEX
8
DRUCK
10
317.362
20
78.359
30
0
0
VERTEX
8
DRUCK
10
317.043
20
78.253
30
0
0
VERTEX
8
DRUCK
10
316.087
20
78.253
30
0
0
SEQEND
8
DRUCK
0
POLYLINE
8
DRUCK
66
1
70
0
0
VERTEX
8
DRUCK
10
316.831
20
78.253
30
0
0
VERTEX
8
DRUCK
10
317.575
20
77.084
30
0
0
SEQEND
8
DRUCK
0
POLYLINE
8
DRUCK
66
1
70
0
0
VERTEX
8
DRUCK
10
318.319
20
79.316
30
0
0
VERTEX
8
DRUCK
10
318.319
20
77.084
30
0
0
SEQEND
8
DRUCK
0
POLYLINE
8
DRUCK
66
1
70
0
0
VERTEX
8
DRUCK
10
318.319
20
79.316
30
0
0
VERTEX
8
DRUCK
10
319.701
20
79.316
30
0
0
SEQEND
8
DRUCK
0
POLYLINE
8
DRUCK
66
1
70
0
0
VERTEX
8
DRUCK
10
318.319
20
78.253
30
0
0
VERTEX
8
DRUCK
10
319.169
20
78.253
30
0
0
SEQEND
8
DRUCK
0
POLYLINE
8
DRUCK
66
1
70
0
0
VERTEX
8
DRUCK
10
318.319
20
77.084
30
0
0
VERTEX
8
DRUCK
10
319.701
20
77.084
30
0
0
SEQEND
8
DRUCK
0
POLYLINE
8
DRUCK
66
1
70
0
0
VERTEX
8
DRUCK
10
320.87
20
79.316
30
0
0
VERTEX
8
DRUCK
10
320.657
20
79.21
30
0
0
VERTEX
8
DRUCK
10
320.445
20
78.997
30
0
0
VERTEX
8
DRUCK
10
320.338
20
78.785
30
0
0
VERTEX
8
DRUCK
10
320.232
20
78.466
30
0
0
VERTEX
8
DRUCK
10
320.232
20
77.934
30
0
0
VERTEX
8
DRUCK
10
320.338
20
77.615
30
0
0
VERTEX
8
DRUCK
10
320.445
20
77.403
30
0
0
VERTEX
8
DRUCK
10
320.657
20
77.19
30
0
0
VERTEX
8
DRUCK
10
320.87
20
77.084
30
0
0
VERTEX
8
DRUCK
10
321.295
20
77.084
30
0
0
VERTEX
8
DRUCK
10
321.507
20
77.19
30
0
0
VERTEX
8
DRUCK
10
321.72
20
77.403
30
0
0
VERTEX
8
DRUCK
10
321.826
20
77.615
30
0
0
VERTEX
8
DRUCK
10
321.933
20
77.934
30
0
0
VERTEX
8
DRUCK
10
321.933
20
78.466
30
0
0
VERTEX
8
DRUCK
10
321.826
20
78.785
30
0
0
VERTEX
8
DRUCK
10
321.72
20
78.997
30
0
0
VERTEX
8
DRUCK
10
321.507
20
79.21
30
0
0
VERTEX
8
DRUCK
10
321.295
20
79.316
30
0
0
VERTEX
8
DRUCK
10
320.87
20
79.316
30
0
0
SEQEND
8
DRUCK
0
POLYLINE
8
DRUCK
66
1
70
0
0
VERTEX
8
DRUCK
10
321.189
20
77.509
30
0
0
VERTEX
8
DRUCK
10
321.826
20
76.871
30
0
0
SEQEND
8
DRUCK
0
LINE
8
DRUCK
10
312.85
20
52.68
30
0
11
312.1
21
51.381
31
0
0
LINE
8
DRUCK
10
309.08
20
56.45
30
0
11
307.781
21
55.7
31
0
0
LINE
8
DRUCK
10
307.7
20
61.6
30
0
11
306.2
21
61.6
31
0
0
LINE
8
DRUCK
10
309.08
20
66.75
30
0
11
307.781
21
67.5
31
0
0
LINE
8
DRUCK
10
312.85
20
70.52
30
0
11
312.1
21
71.819
31
0
0
LINE
8
DRUCK
10
318
20
71.9
30
0
11
318
21
73.4
31
0
0
LINE
8
DRUCK
10
323.15
20
70.52
30
0
11
323.9
21
71.819
31
0
0
LINE
8
DRUCK
10
326.92
20
66.75
30
0
11
328.219
21
67.5
31
0
0
LINE
8
DRUCK
10
328.3
20
61.6
30
0
11
329.8
21
61.6
31
0
0
LINE
8
DRUCK
10
326.92
20
56.45
30
0
11
328.219
21
55.7
31
0
0
LINE
8
DRUCK
10
323.15
20
52.68
30
0
11
323.9
21
51.381
31
0
0
POLYLINE
8
DRUCK
66
1
70
0
0
VERTEX
8
DRUCK
10
311.114
20
50.722
30
0
0
VERTEX
8
DRUCK
10
310.857
20
50.636
30
0
0
VERTEX
8
DRUCK
10
310.686
20
50.379
30
0
0
VERTEX
8
DRUCK
10
310.6
20
49.951
30
0
0
VERTEX
8
DRUCK
10
310.6
20
49.693
30
0
0
VERTEX
8
DRUCK
10
310.686
20
49.265
30
0
0
VERTEX
8
DRUCK
10
310.857
20
49.008
30
0
0
VERTEX
8
DRUCK
10
311.114
20
48.922
30
0
0
VERTEX
8
DRUCK
10
311.286
20
48.922
30
0
0
VERTEX
8
DRUCK
10
311.543
20
49.008
30
0
0
VERTEX
8
DRUCK
10
311.714
20
49.265
30
0
0
VERTEX
8
DRUCK
10
311.8
20
49.693
30
0
0
VERTEX
8
DRUCK
10
311.8
20
49.951
30
0
0
VERTEX
8
DRUCK
10
311.714
20
50.379
30
0
0
VERTEX
8
DRUCK
10
311.543
20
50.636
30
0
0
VERTEX
8
DRUCK
10
311.286
20
50.722
30
0
0
VERTEX
8
DRUCK
10
311.114
20
50.722
30
0
0
SEQEND
8
DRUCK
0
POLYLINE
8
DRUCK
66
1
70
0
0
VERTEX
8
DRUCK
10
305.879
20
55.357
30
0
0
VERTEX
8
DRUCK
10
306.051
20
55.443
30
0
0
VERTEX
8
DRUCK
10
306.308
20
55.7
30
0
0
VERTEX
8
DRUCK
10
306.308
20
53.9
30
0
0
SEQEND
8
DRUCK
0
POLYLINE
8
DRUCK
66
1
70
0
0
VERTEX
8
DRUCK
10
303.886
20
62.071
30
0
0
VERTEX
8
DRUCK
10
303.886
20
62.157
30
0
0
VERTEX
8
DRUCK
10
303.971
20
62.329
30
0
0
VERTEX
8
DRUCK
10
304.057
20
62.414
30
0
0
VERTEX
8
DRUCK
10
304.229
20
62.5
30
0
0
VERTEX
8
DRUCK
10
304.571
20
62.5
30
0
0
VERTEX
8
DRUCK
10
304.743
20
62.414
30
0
0
VERTEX
8
DRUCK
10
304.829
20
62.329
30
0
0
VERTEX
8
DRUCK
10
304.914
20
62.157
30
0
0
VERTEX
8
DRUCK
10
304.914
20
61.986
30
0
0
VERTEX
8
DRUCK
10
304.829
20
61.814
30
0
0
VERTEX
8
DRUCK
10
304.657
20
61.557
30
0
0
VERTEX
8
DRUCK
10
303.8
20
60.7
30
0
0
VERTEX
8
DRUCK
10
305
20
60.7
30
0
0
SEQEND
8
DRUCK
0
POLYLINE
8
DRUCK
66
1
70
0
0
VERTEX
8
DRUCK
10
305.793
20
69.3
30
0
0
VERTEX
8
DRUCK
10
306.736
20
69.3
30
0
0
VERTEX
8
DRUCK
10
306.222
20
68.614
30
0
0
VERTEX
8
DRUCK
10
306.479
20
68.614
30
0
0
VERTEX
8
DRUCK
10
306.651
20
68.529
30
0
0
VERTEX
8
DRUCK
10
306.736
20
68.443
30
0
0
VERTEX
8
DRUCK
10
306.822
20
68.186
30
0
0
VERTEX
8
DRUCK
10
306.822
20
68.014
30
0
0
VERTEX
8
DRUCK
10
306.736
20
67.757
30
0
0
VERTEX
8
DRUCK
10
306.565
20
67.586
30
0
0
VERTEX
8
DRUCK
10
306.308
20
67.5
30
0
0
VERTEX
8
DRUCK
10
306.051
20
67.5
30
0
0
VERTEX
8
DRUCK
10
305.793
20
67.586
30
0
0
VERTEX
8
DRUCK
10
305.708
20
67.671
30
0
0
VERTEX
8
DRUCK
10
305.622
20
67.843
30
0
0
SEQEND
8
DRUCK
0
POLYLINE
8
DRUCK
66
1
70
0
0
VERTEX
8
DRUCK
10
311.457
20
74.278
30
0
0
VERTEX
8
DRUCK
10
310.6
20
73.078
30
0
0
VERTEX
8
DRUCK
10
311.886
20
73.078
30
0
0
SEQEND
8
DRUCK
0
POLYLINE
8
DRUCK
66
1
70
0
0
VERTEX
8
DRUCK
10
311.457
20
74.278
30
0
0
VERTEX
8
DRUCK
10
311.457
20
72.478
30
0
0
SEQEND
8
DRUCK
0
POLYLINE
8
DRUCK
66
1
70
0
0
VERTEX
8
DRUCK
10
318.429
20
76.1
30
0
0
VERTEX
8
DRUCK
10
317.571
20
76.1
30
0
0
VERTEX
8
DRUCK
10
317.486
20
75.329
30
0
0
VERTEX
8
DRUCK
10
317.571
20
75.414
30
0
0
VERTEX
8
DRUCK
10
317.829
20
75.5
30
0
0
VERTEX
8
DRUCK
10
318.086
20
75.5
30
0
0
VERTEX
8
DRUCK
10
318.343
20
75.414
30
0
0
VERTEX
8
DRUCK
10
318.514
20
75.243
30
0
0
VERTEX
8
DRUCK
10
318.6
20
74.986
30
0
0
VERTEX
8
DRUCK
10
318.6
20
74.814
30
0
0
VERTEX
8
DRUCK
10
318.514
20
74.557
30
0
0
VERTEX
8
DRUCK
10
318.343
20
74.386
30
0
0
VERTEX
8
DRUCK
10
318.086
20
74.3
30
0
0
VERTEX
8
DRUCK
10
317.829
20
74.3
30
0
0
VERTEX
8
DRUCK
10
317.571
20
74.386
30
0
0
VERTEX
8
DRUCK
10
317.486
20
74.471
30
0
0
VERTEX
8
DRUCK
10
317.4
20
74.643
30
0
0
SEQEND
8
DRUCK
0
POLYLINE
8
DRUCK
66
1
70
0
0
VERTEX
8
DRUCK
10
325.314
20
74.021
30
0
0
VERTEX
8
DRUCK
10
325.229
20
74.192
30
0
0
VERTEX
8
DRUCK
10
324.971
20
74.278
30
0
0
VERTEX
8
DRUCK
10
324.8
20
74.278
30
0
0
VERTEX
8
DRUCK
10
324.543
20
74.192
30
0
0
VERTEX
8
DRUCK
10
324.371
20
73.935
30
0
0
VERTEX
8
DRUCK
10
324.286
20
73.507
30
0
0
VERTEX
8
DRUCK
10
324.286
20
73.078
30
0
0
VERTEX
8
DRUCK
10
324.371
20
72.735
30
0
0
VERTEX
8
DRUCK
10
324.543
20
72.564
30
0
0
VERTEX
8
DRUCK
10
324.8
20
72.478
30
0
0
VERTEX
8
DRUCK
10
324.886
20
72.478
30
0
0
VERTEX
8
DRUCK
10
325.143
20
72.564
30
0
0
VERTEX
8
DRUCK
10
325.314
20
72.735
30
0
0
VERTEX
8
DRUCK
10
325.4
20
72.992
30
0
0
VERTEX
8
DRUCK
10
325.4
20
73.078
30
0
0
VERTEX
8
DRUCK
10
325.314
20
73.335
30
0
0
VERTEX
8
DRUCK
10
325.143
20
73.507
30
0
0
VERTEX
8
DRUCK
10
324.886
20
73.592
30
0
0
VERTEX
8
DRUCK
10
324.8
20
73.592
30
0
0
VERTEX
8
DRUCK
10
324.543
20
73.507
30
0
0
VERTEX
8
DRUCK
10
324.371
20
73.335
30
0
0
VERTEX
8
DRUCK
10
324.286
20
73.078
30
0
0
SEQEND
8
DRUCK
0
POLYLINE
8
DRUCK
66
1
70
0
0
VERTEX
8
DRUCK
10
330.378
20
69.3
30
0
0
VERTEX
8
DRUCK
10
329.521
20
67.5
30
0
0
SEQEND
8
DRUCK
0
POLYLINE
8
DRUCK
66
1
70
0
0
VERTEX
8
DRUCK
10
329.178
20
69.3
30
0
0
VERTEX
8
DRUCK
10
330.378
20
69.3
30
0
0
SEQEND
8
DRUCK
0
POLYLINE
8
DRUCK
66
1
70
0
0
VERTEX
8
DRUCK
10
331.429
20
62.5
30
0
0
VERTEX
8
DRUCK
10
331.171
20
62.414
30
0
0
VERTEX
8
DRUCK
10
331.086
20
62.243
30
0
0
VERTEX
8
DRUCK
10
331.086
20
62.071
30
0
0
VERTEX
8
DRUCK
10
331.171
20
61.9
30
0
0
VERTEX
8
DRUCK
10
331.343
20
61.814
30
0
0
VERTEX
8
DRUCK
10
331.686
20
61.729
30
0
0
VERTEX
8
DRUCK
10
331.943
20
61.643
30
0
0
VERTEX
8
DRUCK
10
332.114
20
61.471
30
0
0
VERTEX
8
DRUCK
10
332.2
20
61.3
30
0
0
VERTEX
8
DRUCK
10
332.2
20
61.043
30
0
0
VERTEX
8
DRUCK
10
332.114
20
60.871
30
0
0
VERTEX
8
DRUCK
10
332.029
20
60.786
30
0
0
VERTEX
8
DRUCK
10
331.771
20
60.7
30
0
0
VERTEX
8
DRUCK
10
331.429
20
60.7
30
0
0
VERTEX
8
DRUCK
10
331.171
20
60.786
30
0
0
VERTEX
8
DRUCK
10
331.086
20
60.871
30
0
0
VERTEX
8
DRUCK
10
331
20
61.043
30
0
0
VERTEX
8
DRUCK
10
331
20
61.3
30
0
0
VERTEX
8
DRUCK
10
331.086
20
61.471
30
0
0
VERTEX
8
DRUCK
10
331.257
20
61.643
30
0
0
VERTEX
8
DRUCK
10
331.514
20
61.729
30
0
0
VERTEX
8
DRUCK
10
331.857
20
61.814
30
0
0
VERTEX
8
DRUCK
10
332.029
20
61.9
30
0
0
VERTEX
8
DRUCK
10
332.114
20
62.071
30
0
0
VERTEX
8
DRUCK
10
332.114
20
62.243
30
0
0
VERTEX
8
DRUCK
10
332.029
20
62.414
30
0
0
VERTEX
8
DRUCK
10
331.771
20
62.5
30
0
0
VERTEX
8
DRUCK
10
331.429
20
62.5
30
0
0
SEQEND
8
DRUCK
0
POLYLINE
8
DRUCK
66
1
70
0
0
VERTEX
8
DRUCK
10
330.292
20
55.1
30
0
0
VERTEX
8
DRUCK
10
330.207
20
54.843
30
0
0
VERTEX
8
DRUCK
10
330.035
20
54.671
30
0
0
VERTEX
8
DRUCK
10
329.778
20
54.586
30
0
0
VERTEX
8
DRUCK
10
329.692
20
54.586
30
0
0
VERTEX
8
DRUCK
10
329.435
20
54.671
30
0
0
VERTEX
8
DRUCK
10
329.264
20
54.843
30
0
0
VERTEX
8
DRUCK
10
329.178
20
55.1
30
0
0
VERTEX
8
DRUCK
10
329.178
20
55.186
30
0
0
VERTEX
8
DRUCK
10
329.264
20
55.443
30
0
0
VERTEX
8
DRUCK
10
329.435
20
55.614
30
0
0
VERTEX
8
DRUCK
10
329.692
20
55.7
30
0
0
VERTEX
8
DRUCK
10
329.778
20
55.7
30
0
0
VERTEX
8
DRUCK
10
330.035
20
55.614
30
0
0
VERTEX
8
DRUCK
10
330.207
20
55.443
30
0
0
VERTEX
8
DRUCK
10
330.292
20
55.1
30
0
0
VERTEX
8
DRUCK
10
330.292
20
54.671
30
0
0
VERTEX
8
DRUCK
10
330.207
20
54.243
30
0
0
VERTEX
8
DRUCK
10
330.035
20
53.986
30
0
0
VERTEX
8
DRUCK
10
329.778
20
53.9
30
0
0
VERTEX
8
DRUCK
10
329.607
20
53.9
30
0
0
VERTEX
8
DRUCK
10
329.349
20
53.986
30
0
0
VERTEX
8
DRUCK
10
329.264
20
54.157
30
0
0
SEQEND
8
DRUCK
0
POLYLINE
8
DRUCK
66
1
70
0
0
VERTEX
8
DRUCK
10
323.6
20
50.379
30
0
0
VERTEX
8
DRUCK
10
323.771
20
50.465
30
0
0
VERTEX
8
DRUCK
10
324.029
20
50.722
30
0
0
VERTEX
8
DRUCK
10
324.029
20
48.922
30
0
0
SEQEND
8
DRUCK
0
POLYLINE
8
DRUCK
66
1
70
0
0
VERTEX
8
DRUCK
10
325.571
20
50.722
30
0
0
VERTEX
8
DRUCK
10
325.314
20
50.636
30
0
0
VERTEX
8
DRUCK
10
325.143
20
50.379
30
0
0
VERTEX
8
DRUCK
10
325.057
20
49.951
30
0
0
VERTEX
8
DRUCK
10
325.057
20
49.693
30
0
0
VERTEX
8
DRUCK
10
325.143
20
49.265
30
0
0
VERTEX
8
DRUCK
10
325.314
20
49.008
30
0
0
VERTEX
8
DRUCK
10
325.571
20
48.922
30
0
0
VERTEX
8
DRUCK
10
325.743
20
48.922
30
0
0
VERTEX
8
DRUCK
10
326
20
49.008
30
0
0
VERTEX
8
DRUCK
10
326.171
20
49.265
30
0
0
VERTEX
8
DRUCK
10
326.257
20
49.693
30
0
0
VERTEX
8
DRUCK
10
326.257
20
49.951
30
0
0
VERTEX
8
DRUCK
10
326.171
20
50.379
30
0
0
VERTEX
8
DRUCK
10
326
20
50.636
30
0
0
VERTEX
8
DRUCK
10
325.743
20
50.722
30
0
0
VERTEX
8
DRUCK
10
325.571
20
50.722
30
0
0
SEQEND
8
DRUCK
0
LINE
8
DRUCK
10
312.85
20
28.18
30
0
11
312.1
21
26.881
31
0
0
LINE
8
DRUCK
10
309.08
20
31.95
30
0
11
307.781
21
31.2
31
0
0
LINE
8
DRUCK
10
307.7
20
37.1
30
0
11
306.2
21
37.1
31
0
0
LINE
8
DRUCK
10
309.08
20
42.25
30
0
11
307.781
21
43
31
0
0
LINE
8
DRUCK
10
312.85
20
46.02
30
0
11
312.1
21
47.319
31
0
0
LINE
8
DRUCK
10
318
20
47.4
30
0
11
318
21
48.9
31
0
0
LINE
8
DRUCK
10
323.15
20
46.02
30
0
11
323.9
21
47.319
31
0
0
LINE
8
DRUCK
10
326.92
20
42.25
30
0
11
328.219
21
43
31
0
0
LINE
8
DRUCK
10
328.3
20
37.1
30
0
11
329.8
21
37.1
31
0
0
LINE
8
DRUCK
10
326.92
20
31.95
30
0
11
328.219
21
31.2
31
0
0
LINE
8
DRUCK
10
323.15
20
28.18
30
0
11
323.9
21
26.881
31
0
0
POLYLINE
8
DRUCK
66
1
70
0
0
VERTEX
8
DRUCK
10
311.114
20
26.222
30
0
0
VERTEX
8
DRUCK
10
310.857
20
26.136
30
0
0
VERTEX
8
DRUCK
10
310.686
20
25.879
30
0
0
VERTEX
8
DRUCK
10
310.6
20
25.451
30
0
0
VERTEX
8
DRUCK
10
310.6
20
25.193
30
0
0
VERTEX
8
DRUCK
10
310.686
20
24.765
30
0
0
VERTEX
8
DRUCK
10
310.857
20
24.508
30
0
0
VERTEX
8
DRUCK
10
311.114
20
24.422
30
0
0
VERTEX
8
DRUCK
10
311.286
20
24.422
30
0
0
VERTEX
8
DRUCK
10
311.543
20
24.508
30
0
0
VERTEX
8
DRUCK
10
311.714
20
24.765
30
0
0
VERTEX
8
DRUCK
10
311.8
20
25.193
30
0
0
VERTEX
8
DRUCK
10
311.8
20
25.451
30
0
0
VERTEX
8
DRUCK
10
311.714
20
25.879
30
0
0
VERTEX
8
DRUCK
10
311.543
20
26.136
30
0
0
VERTEX
8
DRUCK
10
311.286
20
26.222
30
0
0
VERTEX
8
DRUCK
10
311.114
20
26.222
30
0
0
SEQEND
8
DRUCK
0
POLYLINE
8
DRUCK
66
1
70
0
0
VERTEX
8
DRUCK
10
318.429
20
51.6
30
0
0
VERTEX
8
DRUCK
10
317.571
20
51.6
30
0
0
VERTEX
8
DRUCK
10
317.486
20
50.829
30
0
0
VERTEX
8
DRUCK
10
317.571
20
50.914
30
0
0
VERTEX
8
DRUCK
10
317.829
20
51
30
0
0
VERTEX
8
DRUCK
10
318.086
20
51
30
0
0
VERTEX
8
DRUCK
10
318.343
20
50.914
30
0
0
VERTEX
8
DRUCK
10
318.514
20
50.743
30
0
0
VERTEX
8
DRUCK
10
318.6
20
50.486
30
0
0
VERTEX
8
DRUCK
10
318.6
20
50.314
30
0
0
VERTEX
8
DRUCK
10
318.514
20
50.057
30
0
0
VERTEX
8
DRUCK
10
318.343
20
49.886
30
0
0
VERTEX
8
DRUCK
10
318.086
20
49.8
30
0
0
VERTEX
8
DRUCK
10
317.829
20
49.8
30
0
0
VERTEX
8
DRUCK
10
317.571
20
49.886
30
0
0
VERTEX
8
DRUCK
10
317.486
20
49.971
30
0
0
VERTEX
8
DRUCK
10
317.4
20
50.143
30
0
0
SEQEND
8
DRUCK
0
POLYLINE
8
DRUCK
66
1
70
0
0
VERTEX
8
DRUCK
10
323.6
20
25.879
30
0
0
VERTEX
8
DRUCK
10
323.771
20
25.965
30
0
0
VERTEX
8
DRUCK
10
324.029
20
26.222
30
0
0
VERTEX
8
DRUCK
10
324.029
20
24.422
30
0
0
SEQEND
8
DRUCK
0
POLYLINE
8
DRUCK
66
1
70
0
0
VERTEX
8
DRUCK
10
325.571
20
26.222
30
0
0
VERTEX
8
DRUCK
10
325.314
20
26.136
30
0
0
VERTEX
8
DRUCK
10
325.143
20
25.879
30
0
0
VERTEX
8
DRUCK
10
325.057
20
25.451
30
0
0
VERTEX
8
DRUCK
10
325.057
20
25.193
30
0
0
VERTEX
8
DRUCK
10
325.143
20
24.765
30
0
0
VERTEX
8
DRUCK
10
325.314
20
24.508
30
0
0
VERTEX
8
DRUCK
10
325.571
20
24.422
30
0
0
VERTEX
8
DRUCK
10
325.743
20
24.422
30
0
0
VERTEX
8
DRUCK
10
326
20
24.508
30
0
0
VERTEX
8
DRUCK
10
326.171
20
24.765
30
0
0
VERTEX
8
DRUCK
10
326.257
20
25.193
30
0
0
VERTEX
8
DRUCK
10
326.257
20
25.451
30
0
0
VERTEX
8
DRUCK
10
326.171
20
25.879
30
0
0
VERTEX
8
DRUCK
10
326
20
26.136
30
0
0
VERTEX
8
DRUCK
10
325.743
20
26.222
30
0
0
VERTEX
8
DRUCK
10
325.571
20
26.222
30
0
0
SEQEND
8
DRUCK
0
POLYLINE
8
DRUCK
66
1
70
0
0
VERTEX
8
DRUCK
10
309.374
20
22.324
30
0
0
VERTEX
8
DRUCK
10
308.441
20
19.876
30
0
0
SEQEND
8
DRUCK
0
POLYLINE
8
DRUCK
66
1
70
0
0
VERTEX
8
DRUCK
10
309.374
20
22.324
30
0
0
VERTEX
8
DRUCK
10
310.306
20
19.876
30
0
0
SEQEND
8
DRUCK
0
POLYLINE
8
DRUCK
66
1
70
0
0
VERTEX
8
DRUCK
10
308.791
20
20.692
30
0
0
VERTEX
8
DRUCK
10
309.957
20
20.692
30
0
0
SEQEND
8
DRUCK
0
POLYLINE
8
DRUCK
66
1
70
0
0
VERTEX
8
DRUCK
10
310.889
20
22.324
30
0
0
VERTEX
8
DRUCK
10
310.889
20
19.876
30
0
0
SEQEND
8
DRUCK
0
POLYLINE
8
DRUCK
66
1
70
0
0
VERTEX
8
DRUCK
10
310.889
20
22.324
30
0
0
VERTEX
8
DRUCK
10
311.822
20
19.876
30
0
0
SEQEND
8
DRUCK
0
POLYLINE
8
DRUCK
66
1
70
0
0
VERTEX
8
DRUCK
10
312.754
20
22.324
30
0
0
VERTEX
8
DRUCK
10
311.822
20
19.876
30
0
0
SEQEND
8
DRUCK
0
POLYLINE
8
DRUCK
66
1
70
0
0
VERTEX
8
DRUCK
10
312.754
20
22.324
30
0
0
VERTEX
8
DRUCK
10
312.754
20
19.876
30
0
0
SEQEND
8
DRUCK
0
POLYLINE
8
DRUCK
66
1
70
0
0
VERTEX
8
DRUCK
10
313.687
20
22.324
30
0
0
VERTEX
8
DRUCK
10
313.687
20
19.876
30
0
0
SEQEND
8
DRUCK
0
POLYLINE
8
DRUCK
66
1
70
0
0
VERTEX
8
DRUCK
10
313.687
20
22.324
30
0
0
VERTEX
8
DRUCK
10
314.736
20
22.324
30
0
0
VERTEX
8
DRUCK
10
315.086
20
22.207
30
0
0
VERTEX
8
DRUCK
10
315.202
20
22.091
30
0
0
VERTEX
8
DRUCK
10
315.319
20
21.858
30
0
0
VERTEX
8
DRUCK
10
315.319
20
21.508
30
0
0
VERTEX
8
DRUCK
10
315.202
20
21.275
30
0
0
VERTEX
8
DRUCK
10
315.086
20
21.158
30
0
0
VERTEX
8
DRUCK
10
314.736
20
21.042
30
0
0
VERTEX
8
DRUCK
10
313.687
20
21.042
30
0
0
SEQEND
8
DRUCK
0
POLYLINE
8
DRUCK
66
1
70
0
0
VERTEX
8
DRUCK
10
316.135
20
22.324
30
0
0
VERTEX
8
DRUCK
10
316.135
20
19.876
30
0
0
SEQEND
8
DRUCK
0
POLYLINE
8
DRUCK
66
1
70
0
0
VERTEX
8
DRUCK
10
316.135
20
19.876
30
0
0
VERTEX
8
DRUCK
10
317.534
20
19.876
30
0
0
SEQEND
8
DRUCK
0
POLYLINE
8
DRUCK
66
1
70
0
0
VERTEX
8
DRUCK
10
318.117
20
22.324
30
0
0
VERTEX
8
DRUCK
10
318.117
20
19.876
30
0
0
SEQEND
8
DRUCK
0
POLYLINE
8
DRUCK
66
1
70
0
0
VERTEX
8
DRUCK
10
319.515
20
22.324
30
0
0
VERTEX
8
DRUCK
10
319.515
20
19.876
30
0
0
SEQEND
8
DRUCK
0
POLYLINE
8
DRUCK
66
1
70
0
0
VERTEX
8
DRUCK
10
318.699
20
22.324
30
0
0
VERTEX
8
DRUCK
10
320.331
20
22.324
30
0
0
SEQEND
8
DRUCK
0
POLYLINE
8
DRUCK
66
1
70
0
0
VERTEX
8
DRUCK
10
320.914
20
22.324
30
0
0
VERTEX
8
DRUCK
10
320.914
20
20.575
30
0
0
VERTEX
8
DRUCK
10
321.031
20
20.226
30
0
0
VERTEX
8
DRUCK
10
321.264
20
19.993
30
0
0
VERTEX
8
DRUCK
10
321.614
20
19.876
30
0
0
VERTEX
8
DRUCK
10
321.847
20
19.876
30
0
0
VERTEX
8
DRUCK
10
322.197
20
19.993
30
0
0
VERTEX
8
DRUCK
10
322.43
20
20.226
30
0
0
VERTEX
8
DRUCK
10
322.546
20
20.575
30
0
0
VERTEX
8
DRUCK
10
322.546
20
22.324
30
0
0
SEQEND
8
DRUCK
0
POLYLINE
8
DRUCK
66
1
70
0
0
VERTEX
8
DRUCK
10
323.479
20
22.324
30
0
0
VERTEX
8
DRUCK
10
323.479
20
19.876
30
0
0
SEQEND
8
DRUCK
0
POLYLINE
8
DRUCK
66
1
70
0
0
VERTEX
8
DRUCK
10
323.479
20
22.324
30
0
0
VERTEX
8
DRUCK
10
324.295
20
22.324
30
0
0
VERTEX
8
DRUCK
10
324.645
20
22.207
30
0
0
VERTEX
8
DRUCK
10
324.878
20
21.974
30
0
0
VERTEX
8
DRUCK
10
324.994
20
21.741
30
0
0
VERTEX
8
DRUCK
10
325.111
20
21.391
30
0
0
VERTEX
8
DRUCK
10
325.111
20
20.809
30
0
0
VERTEX
8
DRUCK
10
324.994
20
20.459
30
0
0
VERTEX
8
DRUCK
10
324.878
20
20.226
30
0
0
VERTEX
8
DRUCK
10
324.645
20
19.993
30
0
0
VERTEX
8
DRUCK
10
324.295
20
19.876
30
0
0
VERTEX
8
DRUCK
10
323.479
20
19.876
30
0
0
SEQEND
8
DRUCK
0
POLYLINE
8
DRUCK
66
1
70
0
0
VERTEX
8
DRUCK
10
325.927
20
22.324
30
0
0
VERTEX
8
DRUCK
10
325.927
20
19.876
30
0
0
SEQEND
8
DRUCK
0
POLYLINE
8
DRUCK
66
1
70
0
0
VERTEX
8
DRUCK
10
325.927
20
22.324
30
0
0
VERTEX
8
DRUCK
10
327.442
20
22.324
30
0
0
SEQEND
8
DRUCK
0
POLYLINE
8
DRUCK
66
1
70
0
0
VERTEX
8
DRUCK
10
325.927
20
21.158
30
0
0
VERTEX
8
DRUCK
10
326.859
20
21.158
30
0
0
SEQEND
8
DRUCK
0
POLYLINE
8
DRUCK
66
1
70
0
0
VERTEX
8
DRUCK
10
325.927
20
19.876
30
0
0
VERTEX
8
DRUCK
10
327.442
20
19.876
30
0
0
SEQEND
8
DRUCK
0
POLYLINE
8
DRUCK
66
1
70
0
0
VERTEX
8
DRUCK
10
312.382
20
17.236
30
0
0
VERTEX
8
DRUCK
10
312.382
20
15.364
30
0
0
SEQEND
8
DRUCK
0
POLYLINE
8
DRUCK
66
1
70
0
0
VERTEX
8
DRUCK
10
312.382
20
17.236
30
0
0
VERTEX
8
DRUCK
10
313.541
20
17.236
30
0
0
SEQEND
8
DRUCK
0
POLYLINE
8
DRUCK
66
1
70
0
0
VERTEX
8
DRUCK
10
312.382
20
16.345
30
0
0
VERTEX
8
DRUCK
10
313.095
20
16.345
30
0
0
SEQEND
8
DRUCK
0
POLYLINE
8
DRUCK
66
1
70
0
0
VERTEX
8
DRUCK
10
312.382
20
15.364
30
0
0
VERTEX
8
DRUCK
10
313.541
20
15.364
30
0
0
SEQEND
8
DRUCK
0
POLYLINE
8
DRUCK
66
1
70
0
0
VERTEX
8
DRUCK
10
313.987
20
17.236
30
0
0
VERTEX
8
DRUCK
10
315.235
20
15.364
30
0
0
SEQEND
8
DRUCK
0
POLYLINE
8
DRUCK
66
1
70
0
0
VERTEX
8
DRUCK
10
315.235
20
17.236
30
0
0
VERTEX
8
DRUCK
10
313.987
20
15.364
30
0
0
SEQEND
8
DRUCK
0
POLYLINE
8
DRUCK
66
1
70
0
0
VERTEX
8
DRUCK
10
315.859
20
17.236
30
0
0
VERTEX
8
DRUCK
10
315.859
20
15.364
30
0
0
SEQEND
8
DRUCK
0
POLYLINE
8
DRUCK
66
1
70
0
0
VERTEX
8
DRUCK
10
315.859
20
17.236
30
0
0
VERTEX
8
DRUCK
10
316.661
20
17.236
30
0
0
VERTEX
8
DRUCK
10
316.929
20
17.147
30
0
0
VERTEX
8
DRUCK
10
317.018
20
17.058
30
0
0
VERTEX
8
DRUCK
10
317.107
20
16.879
30
0
0
VERTEX
8
DRUCK
10
317.107
20
16.612
30
0
0
VERTEX
8
DRUCK
10
317.018
20
16.434
30
0
0
VERTEX
8
DRUCK
10
316.929
20
16.345
30
0
0
VERTEX
8
DRUCK
10
316.661
20
16.255
30
0
0
VERTEX
8
DRUCK
10
315.859
20
16.255
30
0
0
SEQEND
8
DRUCK
0
POLYLINE
8
DRUCK
66
1
70
0
0
VERTEX
8
DRUCK
10
312.962
20
6.836
30
0
0
VERTEX
8
DRUCK
10
312.962
20
4.964
30
0
0
SEQEND
8
DRUCK
0
POLYLINE
8
DRUCK
66
1
70
0
0
VERTEX
8
DRUCK
10
312.962
20
4.964
30
0
0
VERTEX
8
DRUCK
10
314.031
20
4.964
30
0
0
SEQEND
8
DRUCK
0
POLYLINE
8
DRUCK
66
1
70
0
0
VERTEX
8
DRUCK
10
314.477
20
6.836
30
0
0
VERTEX
8
DRUCK
10
314.477
20
4.964
30
0
0
SEQEND
8
DRUCK
0
POLYLINE
8
DRUCK
66
1
70
0
0
VERTEX
8
DRUCK
10
315.19
20
6.836
30
0
0
VERTEX
8
DRUCK
10
315.19
20
4.964
30
0
0
SEQEND
8
DRUCK
0
POLYLINE
8
DRUCK
66
1
70
0
0
VERTEX
8
DRUCK
10
315.19
20
6.836
30
0
0
VERTEX
8
DRUCK
10
316.438
20
4.964
30
0
0
SEQEND
8
DRUCK
0
POLYLINE
8
DRUCK
66
1
70
0
0
VERTEX
8
DRUCK
10
316.438
20
6.836
30
0
0
VERTEX
8
DRUCK
10
316.438
20
4.964
30
0
0
SEQEND
8
DRUCK
0
POLYLINE
8
DRUCK
66
1
70
0
0
VERTEX
8
DRUCK
10
319.7
20
15.1
30
0
0
VERTEX
8
DRUCK
10
321.3
20
17.5
30
0
0
VERTEX
8
DRUCK
10
322.9
20
15.1
30
0
0
SEQEND
8
DRUCK
0
POLYLINE
8
DRUCK
66
1
70
0
0
VERTEX
8
DRUCK
10
319.7
20
4.5
30
0
0
VERTEX
8
DRUCK
10
319.7
20
7.1
30
0
0
VERTEX
8
DRUCK
10
322.9
20
7.1
30
0
0
VERTEX
8
DRUCK
10
322.9
20
4.5
30
0
0
SEQEND
8
DRUCK
0
POLYLINE
8
DRUCK
66
1
70
0
0
VERTEX
8
DRUCK
10
331.296
20
82.882
30
0
0
VERTEX
8
DRUCK
10
331.296
20
79.481
30
0
0
VERTEX
8
DRUCK
10
331.083
20
78.843
30
0
0
VERTEX
8
DRUCK
10
330.871
20
78.631
30
0
0
VERTEX
8
DRUCK
10
330.445
20
78.418
30
0
0
VERTEX
8
DRUCK
10
330.02
20
78.418
30
0
0
VERTEX
8
DRUCK
10
329.595
20
78.631
30
0
0
VERTEX
8
DRUCK
10
329.383
20
78.843
30
0
0
VERTEX
8
DRUCK
10
329.17
20
79.481
30
0
0
VERTEX
8
DRUCK
10
329.17
20
79.906
30
0
0
SEQEND
8
DRUCK
0
POLYLINE
8
DRUCK
66
1
70
0
0
VERTEX
8
DRUCK
10
332.996
20
82.882
30
0
0
VERTEX
8
DRUCK
10
332.996
20
78.418
30
0
0
SEQEND
8
DRUCK
0
POLYLINE
8
DRUCK
66
1
70
0
0
VERTEX
8
DRUCK
10
335.972
20
82.882
30
0
0
VERTEX
8
DRUCK
10
335.972
20
78.418
30
0
0
SEQEND
8
DRUCK
0
POLYLINE
8
DRUCK
66
1
70
0
0
VERTEX
8
DRUCK
10
332.996
20
80.756
30
0
0
VERTEX
8
DRUCK
10
335.972
20
80.756
30
0
0
SEQEND
8
DRUCK
0
POLYLINE
8
DRUCK
66
1
70
0
0
VERTEX
8
DRUCK
10
341.074
20
82.882
30
0
0
VERTEX
8
DRUCK
10
341.074
20
78.418
30
0
0
SEQEND
8
DRUCK
0
POLYLINE
8
DRUCK
66
1
70
0
0
VERTEX
8
DRUCK
10
341.074
20
82.882
30
0
0
VERTEX
8
DRUCK
10
343.837
20
82.882
30
0
0
SEQEND
8
DRUCK
0
POLYLINE
8
DRUCK
66
1
70
0
0
VERTEX
8
DRUCK
10
341.074
20
80.756
30
0
0
VERTEX
8
DRUCK
10
342.775
20
80.756
30
0
0
SEQEND
8
DRUCK
0
POLYLINE
8
DRUCK
66
1
70
0
0
VERTEX
8
DRUCK
10
347.664
20
82.244
30
0
0
VERTEX
8
DRUCK
10
347.239
20
82.669
30
0
0
VERTEX
8
DRUCK
10
346.601
20
82.882
30
0
0
VERTEX
8
DRUCK
10
345.751
20
82.882
30
0
0
VERTEX
8
DRUCK
10
345.113
20
82.669
30
0
0
VERTEX
8
DRUCK
10
344.688
20
82.244
30
0
0
VERTEX
8
DRUCK
10
344.688
20
81.819
30
0
0
VERTEX
8
DRUCK
10
344.9
20
81.394
30
0
0
VERTEX
8
DRUCK
10
345.113
20
81.181
30
0
0
VERTEX
8
DRUCK
10
345.538
20
80.969
30
0
0
VERTEX
8
DRUCK
10
346.813
20
80.544
30
0
0
VERTEX
8
DRUCK
10
347.239
20
80.331
30
0
0
VERTEX
8
DRUCK
10
347.451
20
80.119
30
0
0
VERTEX
8
DRUCK
10
347.664
20
79.693
30
0
0
VERTEX
8
DRUCK
10
347.664
20
79.056
30
0
0
VERTEX
8
DRUCK
10
347.239
20
78.631
30
0
0
VERTEX
8
DRUCK
10
346.601
20
78.418
30
0
0
VERTEX
8
DRUCK
10
345.751
20
78.418
30
0
0
VERTEX
8
DRUCK
10
345.113
20
78.631
30
0
0
VERTEX
8
DRUCK
10
344.688
20
79.056
30
0
0
SEQEND
8
DRUCK
0
POLYLINE
8
DRUCK
66
1
70
0
0
VERTEX
8
DRUCK
10
349.152
20
80.331
30
0
0
VERTEX
8
DRUCK
10
352.978
20
80.331
30
0
0
SEQEND
8
DRUCK
0
POLYLINE
8
DRUCK
66
1
70
0
0
VERTEX
8
DRUCK
10
355.104
20
82.032
30
0
0
VERTEX
8
DRUCK
10
355.529
20
82.244
30
0
0
VERTEX
8
DRUCK
10
356.167
20
82.882
30
0
0
VERTEX
8
DRUCK
10
356.167
20
78.418
30
0
0
SEQEND
8
DRUCK
0
POLYLINE
8
DRUCK
66
1
70
0
0
VERTEX
8
DRUCK
10
359.993
20
82.882
30
0
0
VERTEX
8
DRUCK
10
358.292
20
78.418
30
0
0
SEQEND
8
DRUCK
0
POLYLINE
8
DRUCK
66
1
70
0
0
VERTEX
8
DRUCK
10
359.993
20
82.882
30
0
0
VERTEX
8
DRUCK
10
361.693
20
78.418
30
0
0
SEQEND
8
DRUCK
0
POLYLINE
8
DRUCK
66
1
70
0
0
VERTEX
8
DRUCK
10
358.93
20
79.906
30
0
0
VERTEX
8
DRUCK
10
361.056
20
79.906
30
0
0
SEQEND
8
DRUCK
0
POLYLINE
8
DRUCK
66
1
70
0
0
VERTEX
8
DRUCK
10
366.157
20
82.882
30
0
0
VERTEX
8
DRUCK
10
366.157
20
78.418
30
0
0
SEQEND
8
DRUCK
0
POLYLINE
8
DRUCK
66
1
70
0
0
VERTEX
8
DRUCK
10
366.157
20
82.882
30
0
0
VERTEX
8
DRUCK
10
368.921
20
82.882
30
0
0
SEQEND
8
DRUCK
0
POLYLINE
8
DRUCK
66
1
70
0
0
VERTEX
8
DRUCK
10
366.157
20
80.756
30
0
0
VERTEX
8
DRUCK
10
367.858
20
80.756
30
0
0
SEQEND
8
DRUCK
0
POLYLINE
8
DRUCK
66
1
70
0
0
VERTEX
8
DRUCK
10
369.984
20
82.882
30
0
0
VERTEX
8
DRUCK
10
369.984
20
78.418
30
0
0
SEQEND
8
DRUCK
0
POLYLINE
8
DRUCK
66
1
70
0
0
VERTEX
8
DRUCK
10
369.984
20
82.882
30
0
0
VERTEX
8
DRUCK
10
371.897
20
82.882
30
0
0
VERTEX
8
DRUCK
10
372.535
20
82.669
30
0
0
VERTEX
8
DRUCK
10
372.747
20
82.457
30
0
0
VERTEX
8
DRUCK
10
372.96
20
82.032
30
0
0
VERTEX
8
DRUCK
10
372.96
20
81.607
30
0
0
VERTEX
8
DRUCK
10
372.747
20
81.181
30
0
0
VERTEX
8
DRUCK
10
372.535
20
80.969
30
0
0
VERTEX
8
DRUCK
10
371.897
20
80.756
30
0
0
VERTEX
8
DRUCK
10
369.984
20
80.756
30
0
0
SEQEND
8
DRUCK
0
POLYLINE
8
DRUCK
66
1
70
0
0
VERTEX
8
DRUCK
10
371.472
20
80.756
30
0
0
VERTEX
8
DRUCK
10
372.96
20
78.418
30
0
0
SEQEND
8
DRUCK
0
POLYLINE
8
DRUCK
66
1
70
0
0
VERTEX
8
DRUCK
10
374.448
20
82.882
30
0
0
VERTEX
8
DRUCK
10
374.448
20
78.418
30
0
0
SEQEND
8
DRUCK
0
POLYLINE
8
DRUCK
66
1
70
0
0
VERTEX
8
DRUCK
10
374.448
20
82.882
30
0
0
VERTEX
8
DRUCK
10
377.211
20
82.882
30
0
0
SEQEND
8
DRUCK
0
POLYLINE
8
DRUCK
66
1
70
0
0
VERTEX
8
DRUCK
10
374.448
20
80.756
30
0
0
VERTEX
8
DRUCK
10
376.148
20
80.756
30
0
0
SEQEND
8
DRUCK
0
POLYLINE
8
DRUCK
66
1
70
0
0
VERTEX
8
DRUCK
10
374.448
20
78.418
30
0
0
VERTEX
8
DRUCK
10
377.211
20
78.418
30
0
0
SEQEND
8
DRUCK
0
POLYLINE
8
DRUCK
66
1
70
0
0
VERTEX
8
DRUCK
10
379.549
20
82.882
30
0
0
VERTEX
8
DRUCK
10
379.124
20
82.669
30
0
0
VERTEX
8
DRUCK
10
378.699
20
82.244
30
0
0
VERTEX
8
DRUCK
10
378.487
20
81.819
30
0
0
VERTEX
8
DRUCK
10
378.274
20
81.181
30
0
0
VERTEX
8
DRUCK
10
378.274
20
80.119
30
0
0
VERTEX
8
DRUCK
10
378.487
20
79.481
30
0
0
VERTEX
8
DRUCK
10
378.699
20
79.056
30
0
0
VERTEX
8
DRUCK
10
379.124
20
78.631
30
0
0
VERTEX
8
DRUCK
10
379.549
20
78.418
30
0
0
VERTEX
8
DRUCK
10
380.4
20
78.418
30
0
0
VERTEX
8
DRUCK
10
380.825
20
78.631
30
0
0
VERTEX
8
DRUCK
10
381.25
20
79.056
30
0
0
VERTEX
8
DRUCK
10
381.463
20
79.481
30
0
0
VERTEX
8
DRUCK
10
381.675
20
80.119
30
0
0
VERTEX
8
DRUCK
10
381.675
20
81.181
30
0
0
VERTEX
8
DRUCK
10
381.463
20
81.819
30
0
0
VERTEX
8
DRUCK
10
381.25
20
82.244
30
0
0
VERTEX
8
DRUCK
10
380.825
20
82.669
30
0
0
VERTEX
8
DRUCK
10
380.4
20
82.882
30
0
0
VERTEX
8
DRUCK
10
379.549
20
82.882
30
0
0
SEQEND
8
DRUCK
0
POLYLINE
8
DRUCK
66
1
70
0
0
VERTEX
8
DRUCK
10
380.187
20
79.268
30
0
0
VERTEX
8
DRUCK
10
381.463
20
77.993
30
0
0
SEQEND
8
DRUCK
0
POLYLINE
8
DRUCK
66
1
70
0
0
VERTEX
8
DRUCK
10
383.163
20
82.882
30
0
0
VERTEX
8
DRUCK
10
383.163
20
79.693
30
0
0
VERTEX
8
DRUCK
10
383.376
20
79.056
30
0
0
VERTEX
8
DRUCK
10
383.801
20
78.631
30
0
0
VERTEX
8
DRUCK
10
384.439
20
78.418
30
0
0
VERTEX
8
DRUCK
10
384.864
20
78.418
30
0
0
VERTEX
8
DRUCK
10
385.501
20
78.631
30
0
0
VERTEX
8
DRUCK
10
385.927
20
79.056
30
0
0
VERTEX
8
DRUCK
10
386.139
20
79.693
30
0
0
VERTEX
8
DRUCK
10
386.139
20
82.882
30
0
0
SEQEND
8
DRUCK
0
POLYLINE
8
DRUCK
66
1
70
0
0
VERTEX
8
DRUCK
10
387.84
20
82.882
30
0
0
VERTEX
8
DRUCK
10
387.84
20
78.418
30
0
0
SEQEND
8
DRUCK
0
POLYLINE
8
DRUCK
66
1
70
0
0
VERTEX
8
DRUCK
10
387.84
20
82.882
30
0
0
VERTEX
8
DRUCK
10
390.603
20
82.882
30
0
0
SEQEND
8
DRUCK
0
POLYLINE
8
DRUCK
66
1
70
0
0
VERTEX
8
DRUCK
10
387.84
20
80.756
30
0
0
VERTEX
8
DRUCK
10
389.54
20
80.756
30
0
0
SEQEND
8
DRUCK
0
POLYLINE
8
DRUCK
66
1
70
0
0
VERTEX
8
DRUCK
10
387.84
20
78.418
30
0
0
VERTEX
8
DRUCK
10
390.603
20
78.418
30
0
0
SEQEND
8
DRUCK
0
POLYLINE
8
DRUCK
66
1
70
0
0
VERTEX
8
DRUCK
10
391.879
20
82.882
30
0
0
VERTEX
8
DRUCK
10
391.879
20
78.418
30
0
0
SEQEND
8
DRUCK
0
POLYLINE
8
DRUCK
66
1
70
0
0
VERTEX
8
DRUCK
10
391.879
20
82.882
30
0
0
VERTEX
8
DRUCK
10
394.855
20
78.418
30
0
0
SEQEND
8
DRUCK
0
POLYLINE
8
DRUCK
66
1
70
0
0
VERTEX
8
DRUCK
10
394.855
20
82.882
30
0
0
VERTEX
8
DRUCK
10
394.855
20
78.418
30
0
0
SEQEND
8
DRUCK
0
POLYLINE
8
DRUCK
66
1
70
0
0
VERTEX
8
DRUCK
10
399.531
20
81.819
30
0
0
VERTEX
8
DRUCK
10
399.319
20
82.244
30
0
0
VERTEX
8
DRUCK
10
398.893
20
82.669
30
0
0
VERTEX
8
DRUCK
10
398.468
20
82.882
30
0
0
VERTEX
8
DRUCK
10
397.618
20
82.882
30
0
0
VERTEX
8
DRUCK
10
397.193
20
82.669
30
0
0
VERTEX
8
DRUCK
10
396.768
20
82.244
30
0
0
VERTEX
8
DRUCK
10
396.555
20
81.819
30
0
0
VERTEX
8
DRUCK
10
396.343
20
81.181
30
0
0
VERTEX
8
DRUCK
10
396.343
20
80.119
30
0
0
VERTEX
8
DRUCK
10
396.555
20
79.481
30
0
0
VERTEX
8
DRUCK
10
396.768
20
79.056
30
0
0
VERTEX
8
DRUCK
10
397.193
20
78.631
30
0
0
VERTEX
8
DRUCK
10
397.618
20
78.418
30
0
0
VERTEX
8
DRUCK
10
398.468
20
78.418
30
0
0
VERTEX
8
DRUCK
10
398.893
20
78.631
30
0
0
VERTEX
8
DRUCK
10
399.319
20
79.056
30
0
0
VERTEX
8
DRUCK
10
399.531
20
79.481
30
0
0
SEQEND
8
DRUCK
0
POLYLINE
8
DRUCK
66
1
70
0
0
VERTEX
8
DRUCK
10
400.381
20
82.882
30
0
0
VERTEX
8
DRUCK
10
402.082
20
80.756
30
0
0
VERTEX
8
DRUCK
10
402.082
20
78.418
30
0
0
SEQEND
8
DRUCK
0
POLYLINE
8
DRUCK
66
1
70
0
0
VERTEX
8
DRUCK
10
403.783
20
82.882
30
0
0
VERTEX
8
DRUCK
10
402.082
20
80.756
30
0
0
SEQEND
8
DRUCK
0
POLYLINE
8
DRUCK
66
1
70
0
0
VERTEX
8
DRUCK
10
411.01
20
82.244
30
0
0
VERTEX
8
DRUCK
10
410.585
20
82.669
30
0
0
VERTEX
8
DRUCK
10
409.947
20
82.882
30
0
0
VERTEX
8
DRUCK
10
409.097
20
82.882
30
0
0
VERTEX
8
DRUCK
10
408.459
20
82.669
30
0
0
VERTEX
8
DRUCK
10
408.034
20
82.244
30
0
0
VERTEX
8
DRUCK
10
408.034
20
81.819
30
0
0
VERTEX
8
DRUCK
10
408.247
20
81.394
30
0
0
VERTEX
8
DRUCK
10
408.459
20
81.181
30
0
0
VERTEX
8
DRUCK
10
408.884
20
80.969
30
0
0
VERTEX
8
DRUCK
10
410.16
20
80.544
30
0
0
VERTEX
8
DRUCK
10
410.585
20
80.331
30
0
0
VERTEX
8
DRUCK
10
410.797
20
80.119
30
0
0
VERTEX
8
DRUCK
10
411.01
20
79.693
30
0
0
VERTEX
8
DRUCK
10
411.01
20
79.056
30
0
0
VERTEX
8
DRUCK
10
410.585
20
78.631
30
0
0
VERTEX
8
DRUCK
10
409.947
20
78.418
30
0
0
VERTEX
8
DRUCK
10
409.097
20
78.418
30
0
0
VERTEX
8
DRUCK
10
408.459
20
78.631
30
0
0
VERTEX
8
DRUCK
10
408.034
20
79.056
30
0
0
SEQEND
8
DRUCK
0
POLYLINE
8
DRUCK
66
1
70
0
0
VERTEX
8
DRUCK
10
412.498
20
82.882
30
0
0
VERTEX
8
DRUCK
10
412.498
20
78.418
30
0
0
SEQEND
8
DRUCK
0
POLYLINE
8
DRUCK
66
1
70
0
0
VERTEX
8
DRUCK
10
415.474
20
82.882
30
0
0
VERTEX
8
DRUCK
10
415.474
20
78.418
30
0
0
SEQEND
8
DRUCK
0
POLYLINE
8
DRUCK
66
1
70
0
0
VERTEX
8
DRUCK
10
412.498
20
80.756
30
0
0
VERTEX
8
DRUCK
10
415.474
20
80.756
30
0
0
SEQEND
8
DRUCK
0
POLYLINE
8
DRUCK
66
1
70
0
0
VERTEX
8
DRUCK
10
417.175
20
82.882
30
0
0
VERTEX
8
DRUCK
10
417.175
20
78.418
30
0
0
SEQEND
8
DRUCK
0
POLYLINE
8
DRUCK
66
1
70
0
0
VERTEX
8
DRUCK
10
418.875
20
82.882
30
0
0
VERTEX
8
DRUCK
10
418.875
20
78.418
30
0
0
SEQEND
8
DRUCK
0
POLYLINE
8
DRUCK
66
1
70
0
0
VERTEX
8
DRUCK
10
418.875
20
82.882
30
0
0
VERTEX
8
DRUCK
10
421.639
20
82.882
30
0
0
SEQEND
8
DRUCK
0
POLYLINE
8
DRUCK
66
1
70
0
0
VERTEX
8
DRUCK
10
418.875
20
80.756
30
0
0
VERTEX
8
DRUCK
10
420.576
20
80.756
30
0
0
SEQEND
8
DRUCK
0
POLYLINE
8
DRUCK
66
1
70
0
0
VERTEX
8
DRUCK
10
423.552
20
82.882
30
0
0
VERTEX
8
DRUCK
10
423.552
20
78.418
30
0
0
SEQEND
8
DRUCK
0
POLYLINE
8
DRUCK
66
1
70
0
0
VERTEX
8
DRUCK
10
422.064
20
82.882
30
0
0
VERTEX
8
DRUCK
10
425.04
20
82.882
30
0
0
SEQEND
8
DRUCK
0
POLYLINE
8
DRUCK
66
1
70
0
0
VERTEX
8
DRUCK
10
426.103
20
82.882
30
0
0
VERTEX
8
DRUCK
10
426.103
20
78.418
30
0
0
SEQEND
8
DRUCK
0
POLYLINE
8
DRUCK
66
1
70
0
0
VERTEX
8
DRUCK
10
426.103
20
82.882
30
0
0
VERTEX
8
DRUCK
10
428.866
20
82.882
30
0
0
SEQEND
8
DRUCK
0
POLYLINE
8
DRUCK
66
1
70
0
0
VERTEX
8
DRUCK
10
426.103
20
80.756
30
0
0
VERTEX
8
DRUCK
10
427.803
20
80.756
30
0
0
SEQEND
8
DRUCK
0
POLYLINE
8
DRUCK
66
1
70
0
0
VERTEX
8
DRUCK
10
426.103
20
78.418
30
0
0
VERTEX
8
DRUCK
10
428.866
20
78.418
30
0
0
SEQEND
8
DRUCK
0
POLYLINE
8
DRUCK
66
1
70
0
0
VERTEX
8
DRUCK
10
430.141
20
82.882
30
0
0
VERTEX
8
DRUCK
10
430.141
20
78.418
30
0
0
SEQEND
8
DRUCK
0
POLYLINE
8
DRUCK
66
1
70
0
0
VERTEX
8
DRUCK
10
430.141
20
82.882
30
0
0
VERTEX
8
DRUCK
10
432.055
20
82.882
30
0
0
VERTEX
8
DRUCK
10
432.692
20
82.669
30
0
0
VERTEX
8
DRUCK
10
432.905
20
82.457
30
0
0
VERTEX
8
DRUCK
10
433.117
20
82.032
30
0
0
VERTEX
8
DRUCK
10
433.117
20
81.607
30
0
0
VERTEX
8
DRUCK
10
432.905
20
81.181
30
0
0
VERTEX
8
DRUCK
10
432.692
20
80.969
30
0
0
VERTEX
8
DRUCK
10
432.055
20
80.756
30
0
0
VERTEX
8
DRUCK
10
430.141
20
80.756
30
0
0
SEQEND
8
DRUCK
0
POLYLINE
8
DRUCK
66
1
70
0
0
VERTEX
8
DRUCK
10
431.629
20
80.756
30
0
0
VERTEX
8
DRUCK
10
433.117
20
78.418
30
0
0
SEQEND
8
DRUCK
0
POLYLINE
8
DRUCK
66
1
70
0
0
VERTEX
8
DRUCK
10
360.391
20
42.396
30
0
0
VERTEX
8
DRUCK
10
360.391
20
39.804
30
0
0
SEQEND
8
DRUCK
0
POLYLINE
8
DRUCK
66
1
70
0
0
VERTEX
8
DRUCK
10
360.391
20
42.396
30
0
0
VERTEX
8
DRUCK
10
361.378
20
39.804
30
0
0
SEQEND
8
DRUCK
0
POLYLINE
8
DRUCK
66
1
70
0
0
VERTEX
8
DRUCK
10
362.365
20
42.396
30
0
0
VERTEX
8
DRUCK
10
361.378
20
39.804
30
0
0
SEQEND
8
DRUCK
0
POLYLINE
8
DRUCK
66
1
70
0
0
VERTEX
8
DRUCK
10
362.365
20
42.396
30
0
0
VERTEX
8
DRUCK
10
362.365
20
39.804
30
0
0
SEQEND
8
DRUCK
0
POLYLINE
8
DRUCK
66
1
70
0
0
VERTEX
8
DRUCK
10
364.711
20
41.532
30
0
0
VERTEX
8
DRUCK
10
364.711
20
39.804
30
0
0
SEQEND
8
DRUCK
0
POLYLINE
8
DRUCK
66
1
70
0
0
VERTEX
8
DRUCK
10
364.711
20
41.162
30
0
0
VERTEX
8
DRUCK
10
364.464
20
41.409
30
0
0
VERTEX
8
DRUCK
10
364.217
20
41.532
30
0
0
VERTEX
8
DRUCK
10
363.847
20
41.532
30
0
0
VERTEX
8
DRUCK
10
363.6
20
41.409
30
0
0
VERTEX
8
DRUCK
10
363.353
20
41.162
30
0
0
VERTEX
8
DRUCK
10
363.229
20
40.791
30
0
0
VERTEX
8
DRUCK
10
363.229
20
40.545
30
0
0
VERTEX
8
DRUCK
10
363.353
20
40.174
30
0
0
VERTEX
8
DRUCK
10
363.6
20
39.927
30
0
0
VERTEX
8
DRUCK
10
363.847
20
39.804
30
0
0
VERTEX
8
DRUCK
10
364.217
20
39.804
30
0
0
VERTEX
8
DRUCK
10
364.464
20
39.927
30
0
0
VERTEX
8
DRUCK
10
364.711
20
40.174
30
0
0
SEQEND
8
DRUCK
0
POLYLINE
8
DRUCK
66
1
70
0
0
VERTEX
8
DRUCK
10
367.056
20
42.396
30
0
0
VERTEX
8
DRUCK
10
367.056
20
39.804
30
0
0
SEQEND
8
DRUCK
0
POLYLINE
8
DRUCK
66
1
70
0
0
VERTEX
8
DRUCK
10
367.056
20
41.162
30
0
0
VERTEX
8
DRUCK
10
366.809
20
41.409
30
0
0
VERTEX
8
DRUCK
10
366.562
20
41.532
30
0
0
VERTEX
8
DRUCK
10
366.192
20
41.532
30
0
0
VERTEX
8
DRUCK
10
365.945
20
41.409
30
0
0
VERTEX
8
DRUCK
10
365.698
20
41.162
30
0
0
VERTEX
8
DRUCK
10
365.575
20
40.791
30
0
0
VERTEX
8
DRUCK
10
365.575
20
40.545
30
0
0
VERTEX
8
DRUCK
10
365.698
20
40.174
30
0
0
VERTEX
8
DRUCK
10
365.945
20
39.927
30
0
0
VERTEX
8
DRUCK
10
366.192
20
39.804
30
0
0
VERTEX
8
DRUCK
10
366.562
20
39.804
30
0
0
VERTEX
8
DRUCK
10
366.809
20
39.927
30
0
0
VERTEX
8
DRUCK
10
367.056
20
40.174
30
0
0
SEQEND
8
DRUCK
0
POLYLINE
8
DRUCK
66
1
70
0
0
VERTEX
8
DRUCK
10
367.92
20
40.791
30
0
0
VERTEX
8
DRUCK
10
369.401
20
40.791
30
0
0
VERTEX
8
DRUCK
10
369.401
20
41.038
30
0
0
VERTEX
8
DRUCK
10
369.277
20
41.285
30
0
0
VERTEX
8
DRUCK
10
369.154
20
41.409
30
0
0
VERTEX
8
DRUCK
10
368.907
20
41.532
30
0
0
VERTEX
8
DRUCK
10
368.537
20
41.532
30
0
0
VERTEX
8
DRUCK
10
368.29
20
41.409
30
0
0
VERTEX
8
DRUCK
10
368.043
20
41.162
30
0
0
VERTEX
8
DRUCK
10
367.92
20
40.791
30
0
0
VERTEX
8
DRUCK
10
367.92
20
40.545
30
0
0
VERTEX
8
DRUCK
10
368.043
20
40.174
30
0
0
VERTEX
8
DRUCK
10
368.29
20
39.927
30
0
0
VERTEX
8
DRUCK
10
368.537
20
39.804
30
0
0
VERTEX
8
DRUCK
10
368.907
20
39.804
30
0
0
VERTEX
8
DRUCK
10
369.154
20
39.927
30
0
0
VERTEX
8
DRUCK
10
369.401
20
40.174
30
0
0
SEQEND
8
DRUCK
0
POLYLINE
8
DRUCK
66
1
70
0
0
VERTEX
8
DRUCK
10
372.24
20
42.396
30
0
0
VERTEX
8
DRUCK
10
372.24
20
39.804
30
0
0
SEQEND
8
DRUCK
0
POLYLINE
8
DRUCK
66
1
70
0
0
VERTEX
8
DRUCK
10
372.24
20
41.162
30
0
0
VERTEX
8
DRUCK
10
372.487
20
41.409
30
0
0
VERTEX
8
DRUCK
10
372.733
20
41.532
30
0
0
VERTEX
8
DRUCK
10
373.104
20
41.532
30
0
0
VERTEX
8
DRUCK
10
373.351
20
41.409
30
0
0
VERTEX
8
DRUCK
10
373.597
20
41.162
30
0
0
VERTEX
8
DRUCK
10
373.721
20
40.791
30
0
0
VERTEX
8
DRUCK
10
373.721
20
40.545
30
0
0
VERTEX
8
DRUCK
10
373.597
20
40.174
30
0
0
VERTEX
8
DRUCK
10
373.351
20
39.927
30
0
0
VERTEX
8
DRUCK
10
373.104
20
39.804
30
0
0
VERTEX
8
DRUCK
10
372.733
20
39.804
30
0
0
VERTEX
8
DRUCK
10
372.487
20
39.927
30
0
0
VERTEX
8
DRUCK
10
372.24
20
40.174
30
0
0
SEQEND
8
DRUCK
0
POLYLINE
8
DRUCK
66
1
70
0
0
VERTEX
8
DRUCK
10
374.338
20
41.532
30
0
0
VERTEX
8
DRUCK
10
375.079
20
39.804
30
0
0
SEQEND
8
DRUCK
0
POLYLINE
8
DRUCK
66
1
70
0
0
VERTEX
8
DRUCK
10
375.819
20
41.532
30
0
0
VERTEX
8
DRUCK
10
375.079
20
39.804
30
0
0
VERTEX
8
DRUCK
10
374.832
20
39.31
30
0
0
VERTEX
8
DRUCK
10
374.585
20
39.063
30
0
0
VERTEX
8
DRUCK
10
374.338
20
38.94
30
0
0
VERTEX
8
DRUCK
10
374.215
20
38.94
30
0
0
SEQEND
8
DRUCK
0
POLYLINE
8
DRUCK
66
1
70
0
0
VERTEX
8
DRUCK
10
378.535
20
42.396
30
0
0
VERTEX
8
DRUCK
10
378.535
20
39.804
30
0
0
SEQEND
8
DRUCK
0
POLYLINE
8
DRUCK
66
1
70
0
0
VERTEX
8
DRUCK
10
378.535
20
42.396
30
0
0
VERTEX
8
DRUCK
10
379.399
20
42.396
30
0
0
VERTEX
8
DRUCK
10
379.769
20
42.273
30
0
0
VERTEX
8
DRUCK
10
380.016
20
42.026
30
0
0
VERTEX
8
DRUCK
10
380.139
20
41.779
30
0
0
VERTEX
8
DRUCK
10
380.263
20
41.409
30
0
0
VERTEX
8
DRUCK
10
380.263
20
40.791
30
0
0
VERTEX
8
DRUCK
10
380.139
20
40.421
30
0
0
VERTEX
8
DRUCK
10
380.016
20
40.174
30
0
0
VERTEX
8
DRUCK
10
379.769
20
39.927
30
0
0
VERTEX
8
DRUCK
10
379.399
20
39.804
30
0
0
VERTEX
8
DRUCK
10
378.535
20
39.804
30
0
0
SEQEND
8
DRUCK
0
POLYLINE
8
DRUCK
66
1
70
0
0
VERTEX
8
DRUCK
10
382.731
20
42.026
30
0
0
VERTEX
8
DRUCK
10
382.484
20
42.273
30
0
0
VERTEX
8
DRUCK
10
382.114
20
42.396
30
0
0
VERTEX
8
DRUCK
10
381.62
20
42.396
30
0
0
VERTEX
8
DRUCK
10
381.25
20
42.273
30
0
0
VERTEX
8
DRUCK
10
381.003
20
42.026
30
0
0
VERTEX
8
DRUCK
10
381.003
20
41.779
30
0
0
VERTEX
8
DRUCK
10
381.127
20
41.532
30
0
0
VERTEX
8
DRUCK
10
381.25
20
41.409
30
0
0
VERTEX
8
DRUCK
10
381.497
20
41.285
30
0
0
VERTEX
8
DRUCK
10
382.237
20
41.038
30
0
0
VERTEX
8
DRUCK
10
382.484
20
40.915
30
0
0
VERTEX
8
DRUCK
10
382.608
20
40.791
30
0
0
VERTEX
8
DRUCK
10
382.731
20
40.545
30
0
0
VERTEX
8
DRUCK
10
382.731
20
40.174
30
0
0
VERTEX
8
DRUCK
10
382.484
20
39.927
30
0
0
VERTEX
8
DRUCK
10
382.114
20
39.804
30
0
0
VERTEX
8
DRUCK
10
381.62
20
39.804
30
0
0
VERTEX
8
DRUCK
10
381.25
20
39.927
30
0
0
VERTEX
8
DRUCK
10
381.003
20
40.174
30
0
0
SEQEND
8
DRUCK
0
POLYLINE
8
DRUCK
66
1
70
0
0
VERTEX
8
DRUCK
10
383.595
20
42.396
30
0
0
VERTEX
8
DRUCK
10
383.595
20
39.804
30
0
0
SEQEND
8
DRUCK
0
POLYLINE
8
DRUCK
66
1
70
0
0
VERTEX
8
DRUCK
10
383.595
20
39.804
30
0
0
VERTEX
8
DRUCK
10
385.076
20
39.804
30
0
0
SEQEND
8
DRUCK
0
POLYLINE
8
DRUCK
66
1
70
0
0
VERTEX
8
DRUCK
10
385.693
20
40.915
30
0
0
VERTEX
8
DRUCK
10
387.915
20
40.915
30
0
0
SEQEND
8
DRUCK
0
POLYLINE
8
DRUCK
66
1
70
0
0
VERTEX
8
DRUCK
10
388.903
20
41.532
30
0
0
VERTEX
8
DRUCK
10
388.903
20
39.804
30
0
0
SEQEND
8
DRUCK
0
POLYLINE
8
DRUCK
66
1
70
0
0
VERTEX
8
DRUCK
10
388.903
20
41.038
30
0
0
VERTEX
8
DRUCK
10
389.273
20
41.409
30
0
0
VERTEX
8
DRUCK
10
389.52
20
41.532
30
0
0
VERTEX
8
DRUCK
10
389.89
20
41.532
30
0
0
VERTEX
8
DRUCK
10
390.137
20
41.409
30
0
0
VERTEX
8
DRUCK
10
390.26
20
41.038
30
0
0
VERTEX
8
DRUCK
10
390.26
20
39.804
30
0
0
SEQEND
8
DRUCK
0
POLYLINE
8
DRUCK
66
1
70
0
0
VERTEX
8
DRUCK
10
390.26
20
41.038
30
0
0
VERTEX
8
DRUCK
10
390.631
20
41.409
30
0
0
VERTEX
8
DRUCK
10
390.877
20
41.532
30
0
0
VERTEX
8
DRUCK
10
391.248
20
41.532
30
0
0
VERTEX
8
DRUCK
10
391.495
20
41.409
30
0
0
VERTEX
8
DRUCK
10
391.618
20
41.038
30
0
0
VERTEX
8
DRUCK
10
391.618
20
39.804
30
0
0
SEQEND
8
DRUCK
0
POLYLINE
8
DRUCK
66
1
70
0
0
VERTEX
8
DRUCK
10
393.963
20
41.532
30
0
0
VERTEX
8
DRUCK
10
393.963
20
39.804
30
0
0
SEQEND
8
DRUCK
0
POLYLINE
8
DRUCK
66
1
70
0
0
VERTEX
8
DRUCK
10
393.963
20
41.162
30
0
0
VERTEX
8
DRUCK
10
393.716
20
41.409
30
0
0
VERTEX
8
DRUCK
10
393.469
20
41.532
30
0
0
VERTEX
8
DRUCK
10
393.099
20
41.532
30
0
0
VERTEX
8
DRUCK
10
392.852
20
41.409
30
0
0
VERTEX
8
DRUCK
10
392.605
20
41.162
30
0
0
VERTEX
8
DRUCK
10
392.482
20
40.791
30
0
0
VERTEX
8
DRUCK
10
392.482
20
40.545
30
0
0
VERTEX
8
DRUCK
10
392.605
20
40.174
30
0
0
VERTEX
8
DRUCK
10
392.852
20
39.927
30
0
0
VERTEX
8
DRUCK
10
393.099
20
39.804
30
0
0
VERTEX
8
DRUCK
10
393.469
20
39.804
30
0
0
VERTEX
8
DRUCK
10
393.716
20
39.927
30
0
0
VERTEX
8
DRUCK
10
393.963
20
40.174
30
0
0
SEQEND
8
DRUCK
0
POLYLINE
8
DRUCK
66
1
70
0
0
VERTEX
8
DRUCK
10
394.951
20
41.532
30
0
0
VERTEX
8
DRUCK
10
394.951
20
39.804
30
0
0
SEQEND
8
DRUCK
0
POLYLINE
8
DRUCK
66
1
70
0
0
VERTEX
8
DRUCK
10
394.951
20
41.038
30
0
0
VERTEX
8
DRUCK
10
395.321
20
41.409
30
0
0
VERTEX
8
DRUCK
10
395.568
20
41.532
30
0
0
VERTEX
8
DRUCK
10
395.938
20
41.532
30
0
0
VERTEX
8
DRUCK
10
396.185
20
41.409
30
0
0
VERTEX
8
DRUCK
10
396.308
20
41.038
30
0
0
VERTEX
8
DRUCK
10
396.308
20
39.804
30
0
0
SEQEND
8
DRUCK
0
POLYLINE
8
DRUCK
66
1
70
0
0
VERTEX
8
DRUCK
10
397.419
20
40.051
30
0
0
VERTEX
8
DRUCK
10
397.296
20
39.927
30
0
0
VERTEX
8
DRUCK
10
397.419
20
39.804
30
0
0
VERTEX
8
DRUCK
10
397.543
20
39.927
30
0
0
VERTEX
8
DRUCK
10
397.419
20
40.051
30
0
0
SEQEND
8
DRUCK
0
POLYLINE
8
DRUCK
66
1
70
0
0
VERTEX
8
DRUCK
10
399.888
20
42.396
30
0
0
VERTEX
8
DRUCK
10
399.888
20
39.804
30
0
0
SEQEND
8
DRUCK
0
POLYLINE
8
DRUCK
66
1
70
0
0
VERTEX
8
DRUCK
10
399.888
20
41.162
30
0
0
VERTEX
8
DRUCK
10
399.641
20
41.409
30
0
0
VERTEX
8
DRUCK
10
399.394
20
41.532
30
0
0
VERTEX
8
DRUCK
10
399.024
20
41.532
30
0
0
VERTEX
8
DRUCK
10
398.777
20
41.409
30
0
0
VERTEX
8
DRUCK
10
398.53
20
41.162
30
0
0
VERTEX
8
DRUCK
10
398.407
20
40.791
30
0
0
VERTEX
8
DRUCK
10
398.407
20
40.545
30
0
0
VERTEX
8
DRUCK
10
398.53
20
40.174
30
0
0
VERTEX
8
DRUCK
10
398.777
20
39.927
30
0
0
VERTEX
8
DRUCK
10
399.024
20
39.804
30
0
0
VERTEX
8
DRUCK
10
399.394
20
39.804
30
0
0
VERTEX
8
DRUCK
10
399.641
20
39.927
30
0
0
VERTEX
8
DRUCK
10
399.888
20
40.174
30
0
0
SEQEND
8
DRUCK
0
POLYLINE
8
DRUCK
66
1
70
0
0
VERTEX
8
DRUCK
10
400.752
20
40.791
30
0
0
VERTEX
8
DRUCK
10
402.233
20
40.791
30
0
0
VERTEX
8
DRUCK
10
402.233
20
41.038
30
0
0
VERTEX
8
DRUCK
10
402.109
20
41.285
30
0
0
VERTEX
8
DRUCK
10
401.986
20
41.409
30
0
0
VERTEX
8
DRUCK
10
401.739
20
41.532
30
0
0
VERTEX
8
DRUCK
10
401.369
20
41.532
30
0
0
VERTEX
8
DRUCK
10
401.122
20
41.409
30
0
0
VERTEX
8
DRUCK
10
400.875
20
41.162
30
0
0
VERTEX
8
DRUCK
10
400.752
20
40.791
30
0
0
VERTEX
8
DRUCK
10
400.752
20
40.545
30
0
0
VERTEX
8
DRUCK
10
400.875
20
40.174
30
0
0
VERTEX
8
DRUCK
10
401.122
20
39.927
30
0
0
VERTEX
8
DRUCK
10
401.369
20
39.804
30
0
0
VERTEX
8
DRUCK
10
401.739
20
39.804
30
0
0
VERTEX
8
DRUCK
10
401.986
20
39.927
30
0
0
VERTEX
8
DRUCK
10
402.233
20
40.174
30
0
0
SEQEND
8
DRUCK
0
LINE
8
DRUCK
10
342.85
20
52.68
30
0
11
342.1
21
51.381
31
0
0
LINE
8
DRUCK
10
339.08
20
56.45
30
0
11
337.781
21
55.7
31
0
0
LINE
8
DRUCK
10
337.7
20
61.6
30
0
11
336.2
21
61.6
31
0
0
LINE
8
DRUCK
10
339.08
20
66.75
30
0
11
337.781
21
67.5
31
0
0
LINE
8
DRUCK
10
342.85
20
70.52
30
0
11
342.1
21
71.819
31
0
0
LINE
8
DRUCK
10
348
20
71.9
30
0
11
348
21
73.4
31
0
0
LINE
8
DRUCK
10
353.15
20
70.52
30
0
11
353.9
21
71.819
31
0
0
LINE
8
DRUCK
10
356.92
20
66.75
30
0
11
358.219
21
67.5
31
0
0
LINE
8
DRUCK
10
358.3
20
61.6
30
0
11
359.8
21
61.6
31
0
0
LINE
8
DRUCK
10
356.92
20
56.45
30
0
11
358.219
21
55.7
31
0
0
LINE
8
DRUCK
10
353.15
20
52.68
30
0
11
353.9
21
51.381
31
0
0
POLYLINE
8
DRUCK
66
1
70
0
0
VERTEX
8
DRUCK
10
340.429
20
50.722
30
0
0
VERTEX
8
DRUCK
10
340.429
20
48.922
30
0
0
SEQEND
8
DRUCK
0
POLYLINE
8
DRUCK
66
1
70
0
0
VERTEX
8
DRUCK
10
340.429
20
49.865
30
0
0
VERTEX
8
DRUCK
10
340.257
20
50.036
30
0
0
VERTEX
8
DRUCK
10
340.086
20
50.122
30
0
0
VERTEX
8
DRUCK
10
339.829
20
50.122
30
0
0
VERTEX
8
DRUCK
10
339.657
20
50.036
30
0
0
VERTEX
8
DRUCK
10
339.486
20
49.865
30
0
0
VERTEX
8
DRUCK
10
339.4
20
49.608
30
0
0
VERTEX
8
DRUCK
10
339.4
20
49.436
30
0
0
VERTEX
8
DRUCK
10
339.486
20
49.179
30
0
0
VERTEX
8
DRUCK
10
339.657
20
49.008
30
0
0
VERTEX
8
DRUCK
10
339.829
20
48.922
30
0
0
VERTEX
8
DRUCK
10
340.086
20
48.922
30
0
0
VERTEX
8
DRUCK
10
340.257
20
49.008
30
0
0
VERTEX
8
DRUCK
10
340.429
20
49.179
30
0
0
SEQEND
8
DRUCK
0
POLYLINE
8
DRUCK
66
1
70
0
0
VERTEX
8
DRUCK
10
341.114
20
50.122
30
0
0
VERTEX
8
DRUCK
10
341.114
20
48.922
30
0
0
SEQEND
8
DRUCK
0
POLYLINE
8
DRUCK
66
1
70
0
0
VERTEX
8
DRUCK
10
341.114
20
49.608
30
0
0
VERTEX
8
DRUCK
10
341.2
20
49.865
30
0
0
VERTEX
8
DRUCK
10
341.371
20
50.036
30
0
0
VERTEX
8
DRUCK
10
341.543
20
50.122
30
0
0
VERTEX
8
DRUCK
10
341.8
20
50.122
30
0
0
SEQEND
8
DRUCK
0
POLYLINE
8
DRUCK
66
1
70
0
0
VERTEX
8
DRUCK
10
342.057
20
50.122
30
0
0
VERTEX
8
DRUCK
10
342.571
20
48.922
30
0
0
SEQEND
8
DRUCK
0
POLYLINE
8
DRUCK
66
1
70
0
0
VERTEX
8
DRUCK
10
343.086
20
50.122
30
0
0
VERTEX
8
DRUCK
10
342.571
20
48.922
30
0
0
VERTEX
8
DRUCK
10
342.4
20
48.579
30
0
0
VERTEX
8
DRUCK
10
342.229
20
48.408
30
0
0
VERTEX
8
DRUCK
10
342.057
20
48.322
30
0
0
VERTEX
8
DRUCK
10
341.971
20
48.322
30
0
0
SEQEND
8
DRUCK
0
POLYLINE
8
DRUCK
66
1
70
0
0
VERTEX
8
DRUCK
10
352.829
20
50.122
30
0
0
VERTEX
8
DRUCK
10
353.171
20
48.922
30
0
0
SEQEND
8
DRUCK
0
POLYLINE
8
DRUCK
66
1
70
0
0
VERTEX
8
DRUCK
10
353.514
20
50.122
30
0
0
VERTEX
8
DRUCK
10
353.171
20
48.922
30
0
0
SEQEND
8
DRUCK
0
POLYLINE
8
DRUCK
66
1
70
0
0
VERTEX
8
DRUCK
10
353.514
20
50.122
30
0
0
VERTEX
8
DRUCK
10
353.857
20
48.922
30
0
0
SEQEND
8
DRUCK
0
POLYLINE
8
DRUCK
66
1
70
0
0
VERTEX
8
DRUCK
10
354.2
20
50.122
30
0
0
VERTEX
8
DRUCK
10
353.857
20
48.922
30
0
0
SEQEND
8
DRUCK
0
POLYLINE
8
DRUCK
66
1
70
0
0
VERTEX
8
DRUCK
10
354.714
20
49.608
30
0
0
VERTEX
8
DRUCK
10
355.743
20
49.608
30
0
0
VERTEX
8
DRUCK
10
355.743
20
49.779
30
0
0
VERTEX
8
DRUCK
10
355.657
20
49.951
30
0
0
VERTEX
8
DRUCK
10
355.571
20
50.036
30
0
0
VERTEX
8
DRUCK
10
355.4
20
50.122
30
0
0
VERTEX
8
DRUCK
10
355.143
20
50.122
30
0
0
VERTEX
8
DRUCK
10
354.971
20
50.036
30
0
0
VERTEX
8
DRUCK
10
354.8
20
49.865
30
0
0
VERTEX
8
DRUCK
10
354.714
20
49.608
30
0
0
VERTEX
8
DRUCK
10
354.714
20
49.436
30
0
0
VERTEX
8
DRUCK
10
354.8
20
49.179
30
0
0
VERTEX
8
DRUCK
10
354.971
20
49.008
30
0
0
VERTEX
8
DRUCK
10
355.143
20
48.922
30
0
0
VERTEX
8
DRUCK
10
355.4
20
48.922
30
0
0
VERTEX
8
DRUCK
10
355.571
20
49.008
30
0
0
VERTEX
8
DRUCK
10
355.743
20
49.179
30
0
0
SEQEND
8
DRUCK
0
POLYLINE
8
DRUCK
66
1
70
0
0
VERTEX
8
DRUCK
10
356.429
20
50.722
30
0
0
VERTEX
8
DRUCK
10
356.429
20
49.265
30
0
0
VERTEX
8
DRUCK
10
356.514
20
49.008
30
0
0
VERTEX
8
DRUCK
10
356.686
20
48.922
30
0
0
VERTEX
8
DRUCK
10
356.857
20
48.922
30
0
0
SEQEND
8
DRUCK
0
POLYLINE
8
DRUCK
66
1
70
0
0
VERTEX
8
DRUCK
10
356.171
20
50.122
30
0
0
VERTEX
8
DRUCK
10
356.771
20
50.122
30
0
0
SEQEND
8
DRUCK
0
POLYLINE
8
DRUCK
66
1
70
0
0
VERTEX
8
DRUCK
10
343.629
20
46.824
30
0
0
VERTEX
8
DRUCK
10
343.629
20
44.376
30
0
0
SEQEND
8
DRUCK
0
POLYLINE
8
DRUCK
66
1
70
0
0
VERTEX
8
DRUCK
10
343.629
20
46.824
30
0
0
VERTEX
8
DRUCK
10
344.561
20
44.376
30
0
0
SEQEND
8
DRUCK
0
POLYLINE
8
DRUCK
66
1
70
0
0
VERTEX
8
DRUCK
10
345.494
20
46.824
30
0
0
VERTEX
8
DRUCK
10
344.561
20
44.376
30
0
0
SEQEND
8
DRUCK
0
POLYLINE
8
DRUCK
66
1
70
0
0
VERTEX
8
DRUCK
10
345.494
20
46.824
30
0
0
VERTEX
8
DRUCK
10
345.494
20
44.376
30
0
0
SEQEND
8
DRUCK
0
POLYLINE
8
DRUCK
66
1
70
0
0
VERTEX
8
DRUCK
10
346.31
20
46.824
30
0
0
VERTEX
8
DRUCK
10
346.426
20
46.707
30
0
0
VERTEX
8
DRUCK
10
346.543
20
46.824
30
0
0
VERTEX
8
DRUCK
10
346.426
20
46.941
30
0
0
VERTEX
8
DRUCK
10
346.31
20
46.824
30
0
0
SEQEND
8
DRUCK
0
POLYLINE
8
DRUCK
66
1
70
0
0
VERTEX
8
DRUCK
10
346.426
20
46.008
30
0
0
VERTEX
8
DRUCK
10
346.426
20
44.376
30
0
0
SEQEND
8
DRUCK
0
POLYLINE
8
DRUCK
66
1
70
0
0
VERTEX
8
DRUCK
10
347.242
20
46.008
30
0
0
VERTEX
8
DRUCK
10
348.525
20
44.376
30
0
0
SEQEND
8
DRUCK
0
POLYLINE
8
DRUCK
66
1
70
0
0
VERTEX
8
DRUCK
10
348.525
20
46.008
30
0
0
VERTEX
8
DRUCK
10
347.242
20
44.376
30
0
0
SEQEND
8
DRUCK
0
POLYLINE
8
DRUCK
66
1
70
0
0
VERTEX
8
DRUCK
10
351.789
20
46.824
30
0
0
VERTEX
8
DRUCK
10
350.856
20
44.376
30
0
0
SEQEND
8
DRUCK
0
POLYLINE
8
DRUCK
66
1
70
0
0
VERTEX
8
DRUCK
10
351.789
20
46.824
30
0
0
VERTEX
8
DRUCK
10
352.721
20
44.376
30
0
0
SEQEND
8
DRUCK
0
POLYLINE
8
DRUCK
66
1
70
0
0
VERTEX
8
DRUCK
10
351.206
20
45.192
30
0
0
VERTEX
8
DRUCK
10
352.371
20
45.192
30
0
0
SEQEND
8
DRUCK
0
LINE
8
DRUCK
10
366.85
20
52.68
30
0
11
366.1
21
51.381
31
0
0
LINE
8
DRUCK
10
363.08
20
56.45
30
0
11
361.781
21
55.7
31
0
0
LINE
8
DRUCK
10
361.7
20
61.6
30
0
11
360.2
21
61.6
31
0
0
LINE
8
DRUCK
10
363.08
20
66.75
30
0
11
361.781
21
67.5
31
0
0
LINE
8
DRUCK
10
366.85
20
70.52
30
0
11
366.1
21
71.819
31
0
0
LINE
8
DRUCK
10
372
20
71.9
30
0
11
372
21
73.4
31
0
0
LINE
8
DRUCK
10
377.15
20
70.52
30
0
11
377.9
21
71.819
31
0
0
LINE
8
DRUCK
10
380.92
20
66.75
30
0
11
382.219
21
67.5
31
0
0
LINE
8
DRUCK
10
382.3
20
61.6
30
0
11
383.8
21
61.6
31
0
0
LINE
8
DRUCK
10
380.92
20
56.45
30
0
11
382.219
21
55.7
31
0
0
LINE
8
DRUCK
10
377.15
20
52.68
30
0
11
377.9
21
51.381
31
0
0
POLYLINE
8
DRUCK
66
1
70
0
0
VERTEX
8
DRUCK
10
365.114
20
50.722
30
0
0
VERTEX
8
DRUCK
10
364.857
20
50.636
30
0
0
VERTEX
8
DRUCK
10
364.686
20
50.379
30
0
0
VERTEX
8
DRUCK
10
364.6
20
49.951
30
0
0
VERTEX
8
DRUCK
10
364.6
20
49.693
30
0
0
VERTEX
8
DRUCK
10
364.686
20
49.265
30
0
0
VERTEX
8
DRUCK
10
364.857
20
49.008
30
0
0
VERTEX
8
DRUCK
10
365.114
20
48.922
30
0
0
VERTEX
8
DRUCK
10
365.286
20
48.922
30
0
0
VERTEX
8
DRUCK
10
365.543
20
49.008
30
0
0
VERTEX
8
DRUCK
10
365.714
20
49.265
30
0
0
VERTEX
8
DRUCK
10
365.8
20
49.693
30
0
0
VERTEX
8
DRUCK
10
365.8
20
49.951
30
0
0
VERTEX
8
DRUCK
10
365.714
20
50.379
30
0
0
VERTEX
8
DRUCK
10
365.543
20
50.636
30
0
0
VERTEX
8
DRUCK
10
365.286
20
50.722
30
0
0
VERTEX
8
DRUCK
10
365.114
20
50.722
30
0
0
SEQEND
8
DRUCK
0
POLYLINE
8
DRUCK
66
1
70
0
0
VERTEX
8
DRUCK
10
372.429
20
76.1
30
0
0
VERTEX
8
DRUCK
10
371.571
20
76.1
30
0
0
VERTEX
8
DRUCK
10
371.486
20
75.329
30
0
0
VERTEX
8
DRUCK
10
371.571
20
75.414
30
0
0
VERTEX
8
DRUCK
10
371.829
20
75.5
30
0
0
VERTEX
8
DRUCK
10
372.086
20
75.5
30
0
0
VERTEX
8
DRUCK
10
372.343
20
75.414
30
0
0
VERTEX
8
DRUCK
10
372.514
20
75.243
30
0
0
VERTEX
8
DRUCK
10
372.6
20
74.986
30
0
0
VERTEX
8
DRUCK
10
372.6
20
74.814
30
0
0
VERTEX
8
DRUCK
10
372.514
20
74.557
30
0
0
VERTEX
8
DRUCK
10
372.343
20
74.386
30
0
0
VERTEX
8
DRUCK
10
372.086
20
74.3
30
0
0
VERTEX
8
DRUCK
10
371.829
20
74.3
30
0
0
VERTEX
8
DRUCK
10
371.571
20
74.386
30
0
0
VERTEX
8
DRUCK
10
371.486
20
74.471
30
0
0
VERTEX
8
DRUCK
10
371.4
20
74.643
30
0
0
SEQEND
8
DRUCK
0
POLYLINE
8
DRUCK
66
1
70
0
0
VERTEX
8
DRUCK
10
377.6
20
50.379
30
0
0
VERTEX
8
DRUCK
10
377.771
20
50.465
30
0
0
VERTEX
8
DRUCK
10
378.029
20
50.722
30
0
0
VERTEX
8
DRUCK
10
378.029
20
48.922
30
0
0
SEQEND
8
DRUCK
0
POLYLINE
8
DRUCK
66
1
70
0
0
VERTEX
8
DRUCK
10
379.571
20
50.722
30
0
0
VERTEX
8
DRUCK
10
379.314
20
50.636
30
0
0
VERTEX
8
DRUCK
10
379.143
20
50.379
30
0
0
VERTEX
8
DRUCK
10
379.057
20
49.951
30
0
0
VERTEX
8
DRUCK
10
379.057
20
49.693
30
0
0
VERTEX
8
DRUCK
10
379.143
20
49.265
30
0
0
VERTEX
8
DRUCK
10
379.314
20
49.008
30
0
0
VERTEX
8
DRUCK
10
379.571
20
48.922
30
0
0
VERTEX
8
DRUCK
10
379.743
20
48.922
30
0
0
VERTEX
8
DRUCK
10
380
20
49.008
30
0
0
VERTEX
8
DRUCK
10
380.171
20
49.265
30
0
0
VERTEX
8
DRUCK
10
380.257
20
49.693
30
0
0
VERTEX
8
DRUCK
10
380.257
20
49.951
30
0
0
VERTEX
8
DRUCK
10
380.171
20
50.379
30
0
0
VERTEX
8
DRUCK
10
380
20
50.636
30
0
0
VERTEX
8
DRUCK
10
379.743
20
50.722
30
0
0
VERTEX
8
DRUCK
10
379.571
20
50.722
30
0
0
SEQEND
8
DRUCK
0
POLYLINE
8
DRUCK
66
1
70
0
0
VERTEX
8
DRUCK
10
367.512
20
46.824
30
0
0
VERTEX
8
DRUCK
10
368.445
20
44.376
30
0
0
SEQEND
8
DRUCK
0
POLYLINE
8
DRUCK
66
1
70
0
0
VERTEX
8
DRUCK
10
369.377
20
46.824
30
0
0
VERTEX
8
DRUCK
10
368.445
20
44.376
30
0
0
SEQEND
8
DRUCK
0
POLYLINE
8
DRUCK
66
1
70
0
0
VERTEX
8
DRUCK
10
370.426
20
46.008
30
0
0
VERTEX
8
DRUCK
10
370.193
20
45.891
30
0
0
VERTEX
8
DRUCK
10
369.96
20
45.658
30
0
0
VERTEX
8
DRUCK
10
369.843
20
45.309
30
0
0
VERTEX
8
DRUCK
10
369.843
20
45.075
30
0
0
VERTEX
8
DRUCK
10
369.96
20
44.726
30
0
0
VERTEX
8
DRUCK
10
370.193
20
44.493
30
0
0
VERTEX
8
DRUCK
10
370.426
20
44.376
30
0
0
VERTEX
8
DRUCK
10
370.776
20
44.376
30
0
0
VERTEX
8
DRUCK
10
371.009
20
44.493
30
0
0
VERTEX
8
DRUCK
10
371.242
20
44.726
30
0
0
VERTEX
8
DRUCK
10
371.359
20
45.075
30
0
0
VERTEX
8
DRUCK
10
371.359
20
45.309
30
0
0
VERTEX
8
DRUCK
10
371.242
20
45.658
30
0
0
VERTEX
8
DRUCK
10
371.009
20
45.891
30
0
0
VERTEX
8
DRUCK
10
370.776
20
46.008
30
0
0
VERTEX
8
DRUCK
10
370.426
20
46.008
30
0
0
SEQEND
8
DRUCK
0
POLYLINE
8
DRUCK
66
1
70
0
0
VERTEX
8
DRUCK
10
372.175
20
46.824
30
0
0
VERTEX
8
DRUCK
10
372.175
20
44.376
30
0
0
SEQEND
8
DRUCK
0
POLYLINE
8
DRUCK
66
1
70
0
0
VERTEX
8
DRUCK
10
375.555
20
46.824
30
0
0
VERTEX
8
DRUCK
10
374.623
20
44.376
30
0
0
SEQEND
8
DRUCK
0
POLYLINE
8
DRUCK
66
1
70
0
0
VERTEX
8
DRUCK
10
375.555
20
46.824
30
0
0
VERTEX
8
DRUCK
10
376.488
20
44.376
30
0
0
SEQEND
8
DRUCK
0
POLYLINE
8
DRUCK
66
1
70
0
0
VERTEX
8
DRUCK
10
374.973
20
45.192
30
0
0
VERTEX
8
DRUCK
10
376.138
20
45.192
30
0
0
SEQEND
8
DRUCK
0
POLYLINE
8
DRUCK
66
1
70
0
0
VERTEX
8
DRUCK
10
387.246
20
70.716
30
0
0
VERTEX
8
DRUCK
10
387.246
20
69.122
30
0
0
VERTEX
8
DRUCK
10
387.353
20
68.803
30
0
0
VERTEX
8
DRUCK
10
387.565
20
68.59
30
0
0
VERTEX
8
DRUCK
10
387.884
20
68.484
30
0
0
VERTEX
8
DRUCK
10
388.097
20
68.484
30
0
0
VERTEX
8
DRUCK
10
388.415
20
68.59
30
0
0
VERTEX
8
DRUCK
10
388.628
20
68.803
30
0
0
VERTEX
8
DRUCK
10
388.734
20
69.122
30
0
0
VERTEX
8
DRUCK
10
388.734
20
70.716
30
0
0
SEQEND
8
DRUCK
0
POLYLINE
8
DRUCK
66
1
70
0
0
VERTEX
8
DRUCK
10
389.585
20
69.972
30
0
0
VERTEX
8
DRUCK
10
389.585
20
67.74
30
0
0
SEQEND
8
DRUCK
0
POLYLINE
8
DRUCK
66
1
70
0
0
VERTEX
8
DRUCK
10
389.585
20
69.653
30
0
0
VERTEX
8
DRUCK
10
389.797
20
69.866
30
0
0
VERTEX
8
DRUCK
10
390.01
20
69.972
30
0
0
VERTEX
8
DRUCK
10
390.329
20
69.972
30
0
0
VERTEX
8
DRUCK
10
390.541
20
69.866
30
0
0
VERTEX
8
DRUCK
10
390.754
20
69.653
30
0
0
VERTEX
8
DRUCK
10
390.86
20
69.334
30
0
0
VERTEX
8
DRUCK
10
390.86
20
69.122
30
0
0
VERTEX
8
DRUCK
10
390.754
20
68.803
30
0
0
VERTEX
8
DRUCK
10
390.541
20
68.59
30
0
0
VERTEX
8
DRUCK
10
390.329
20
68.484
30
0
0
VERTEX
8
DRUCK
10
390.01
20
68.484
30
0
0
VERTEX
8
DRUCK
10
389.797
20
68.59
30
0
0
VERTEX
8
DRUCK
10
389.585
20
68.803
30
0
0
SEQEND
8
DRUCK
0
POLYLINE
8
DRUCK
66
1
70
0
0
VERTEX
8
DRUCK
10
385.121
20
54.716
30
0
0
VERTEX
8
DRUCK
10
385.121
20
52.484
30
0
0
SEQEND
8
DRUCK
0
POLYLINE
8
DRUCK
66
1
70
0
0
VERTEX
8
DRUCK
10
385.121
20
54.716
30
0
0
VERTEX
8
DRUCK
10
385.865
20
54.716
30
0
0
VERTEX
8
DRUCK
10
386.183
20
54.61
30
0
0
VERTEX
8
DRUCK
10
386.396
20
54.397
30
0
0
VERTEX
8
DRUCK
10
386.502
20
54.185
30
0
0
VERTEX
8
DRUCK
10
386.609
20
53.866
30
0
0
VERTEX
8
DRUCK
10
386.609
20
53.334
30
0
0
VERTEX
8
DRUCK
10
386.502
20
53.015
30
0
0
VERTEX
8
DRUCK
10
386.396
20
52.803
30
0
0
VERTEX
8
DRUCK
10
386.183
20
52.59
30
0
0
VERTEX
8
DRUCK
10
385.865
20
52.484
30
0
0
VERTEX
8
DRUCK
10
385.121
20
52.484
30
0
0
SEQEND
8
DRUCK
0
POLYLINE
8
DRUCK
66
1
70
0
0
VERTEX
8
DRUCK
10
387.778
20
53.972
30
0
0
VERTEX
8
DRUCK
10
387.565
20
53.866
30
0
0
VERTEX
8
DRUCK
10
387.353
20
53.653
30
0
0
VERTEX
8
DRUCK
10
387.246
20
53.334
30
0
0
VERTEX
8
DRUCK
10
387.246
20
53.122
30
0
0
VERTEX
8
DRUCK
10
387.353
20
52.803
30
0
0
VERTEX
8
DRUCK
10
387.565
20
52.59
30
0
0
VERTEX
8
DRUCK
10
387.778
20
52.484
30
0
0
VERTEX
8
DRUCK
10
388.097
20
52.484
30
0
0
VERTEX
8
DRUCK
10
388.309
20
52.59
30
0
0
VERTEX
8
DRUCK
10
388.522
20
52.803
30
0
0
VERTEX
8
DRUCK
10
388.628
20
53.122
30
0
0
VERTEX
8
DRUCK
10
388.628
20
53.334
30
0
0
VERTEX
8
DRUCK
10
388.522
20
53.653
30
0
0
VERTEX
8
DRUCK
10
388.309
20
53.866
30
0
0
VERTEX
8
DRUCK
10
388.097
20
53.972
30
0
0
VERTEX
8
DRUCK
10
387.778
20
53.972
30
0
0
SEQEND
8
DRUCK
0
POLYLINE
8
DRUCK
66
1
70
0
0
VERTEX
8
DRUCK
10
389.266
20
53.972
30
0
0
VERTEX
8
DRUCK
10
389.691
20
52.484
30
0
0
SEQEND
8
DRUCK
0
POLYLINE
8
DRUCK
66
1
70
0
0
VERTEX
8
DRUCK
10
390.116
20
53.972
30
0
0
VERTEX
8
DRUCK
10
389.691
20
52.484
30
0
0
SEQEND
8
DRUCK
0
POLYLINE
8
DRUCK
66
1
70
0
0
VERTEX
8
DRUCK
10
390.116
20
53.972
30
0
0
VERTEX
8
DRUCK
10
390.541
20
52.484
30
0
0
SEQEND
8
DRUCK
0
POLYLINE
8
DRUCK
66
1
70
0
0
VERTEX
8
DRUCK
10
390.966
20
53.972
30
0
0
VERTEX
8
DRUCK
10
390.541
20
52.484
30
0
0
SEQEND
8
DRUCK
0
POLYLINE
8
DRUCK
66
1
70
0
0
VERTEX
8
DRUCK
10
391.71
20
53.972
30
0
0
VERTEX
8
DRUCK
10
391.71
20
52.484
30
0
0
SEQEND
8
DRUCK
0
POLYLINE
8
DRUCK
66
1
70
0
0
VERTEX
8
DRUCK
10
391.71
20
53.547
30
0
0
VERTEX
8
DRUCK
10
392.029
20
53.866
30
0
0
VERTEX
8
DRUCK
10
392.242
20
53.972
30
0
0
VERTEX
8
DRUCK
10
392.561
20
53.972
30
0
0
VERTEX
8
DRUCK
10
392.773
20
53.866
30
0
0
VERTEX
8
DRUCK
10
392.879
20
53.547
30
0
0
VERTEX
8
DRUCK
10
392.879
20
52.484
30
0
0
SEQEND
8
DRUCK
0
POLYLINE
8
DRUCK
66
1
70
0
0
VERTEX
8
DRUCK
10
396.633
20
54.716
30
0
0
VERTEX
8
DRUCK
10
396.633
20
52.484
30
0
0
SEQEND
8
DRUCK
0
POLYLINE
8
DRUCK
66
1
70
0
0
VERTEX
8
DRUCK
10
396.633
20
54.716
30
0
0
VERTEX
8
DRUCK
10
397.589
20
54.716
30
0
0
VERTEX
8
DRUCK
10
397.908
20
54.61
30
0
0
VERTEX
8
DRUCK
10
398.014
20
54.503
30
0
0
VERTEX
8
DRUCK
10
398.121
20
54.291
30
0
0
VERTEX
8
DRUCK
10
398.121
20
54.078
30
0
0
VERTEX
8
DRUCK
10
398.014
20
53.866
30
0
0
VERTEX
8
DRUCK
10
397.908
20
53.759
30
0
0
VERTEX
8
DRUCK
10
397.589
20
53.653
30
0
0
SEQEND
8
DRUCK
0
POLYLINE
8
DRUCK
66
1
70
0
0
VERTEX
8
DRUCK
10
396.633
20
53.653
30
0
0
VERTEX
8
DRUCK
10
397.589
20
53.653
30
0
0
VERTEX
8
DRUCK
10
397.908
20
53.547
30
0
0
VERTEX
8
DRUCK
10
398.014
20
53.441
30
0
0
VERTEX
8
DRUCK
10
398.121
20
53.228
30
0
0
VERTEX
8
DRUCK
10
398.121
20
52.909
30
0
0
VERTEX
8
DRUCK
10
398.014
20
52.697
30
0
0
VERTEX
8
DRUCK
10
397.908
20
52.59
30
0
0
VERTEX
8
DRUCK
10
397.589
20
52.484
30
0
0
VERTEX
8
DRUCK
10
396.633
20
52.484
30
0
0
SEQEND
8
DRUCK
0
POLYLINE
8
DRUCK
66
1
70
0
0
VERTEX
8
DRUCK
10
398.652
20
53.972
30
0
0
VERTEX
8
DRUCK
10
399.29
20
52.484
30
0
0
SEQEND
8
DRUCK
0
POLYLINE
8
DRUCK
66
1
70
0
0
VERTEX
8
DRUCK
10
399.927
20
53.972
30
0
0
VERTEX
8
DRUCK
10
399.29
20
52.484
30
0
0
VERTEX
8
DRUCK
10
399.077
20
52.059
30
0
0
VERTEX
8
DRUCK
10
398.865
20
51.846
30
0
0
VERTEX
8
DRUCK
10
398.652
20
51.74
30
0
0
VERTEX
8
DRUCK
10
398.546
20
51.74
30
0
0
SEQEND
8
DRUCK
0
POLYLINE
8
DRUCK
66
1
70
0
0
VERTEX
8
DRUCK
10
400.565
20
53.972
30
0
0
VERTEX
8
DRUCK
10
400.565
20
51.74
30
0
0
SEQEND
8
DRUCK
0
POLYLINE
8
DRUCK
66
1
70
0
0
VERTEX
8
DRUCK
10
400.565
20
53.653
30
0
0
VERTEX
8
DRUCK
10
400.778
20
53.866
30
0
0
VERTEX
8
DRUCK
10
400.99
20
53.972
30
0
0
VERTEX
8
DRUCK
10
401.309
20
53.972
30
0
0
VERTEX
8
DRUCK
10
401.522
20
53.866
30
0
0
VERTEX
8
DRUCK
10
401.734
20
53.653
30
0
0
VERTEX
8
DRUCK
10
401.841
20
53.334
30
0
0
VERTEX
8
DRUCK
10
401.841
20
53.122
30
0
0
VERTEX
8
DRUCK
10
401.734
20
52.803
30
0
0
VERTEX
8
DRUCK
10
401.522
20
52.59
30
0
0
VERTEX
8
DRUCK
10
401.309
20
52.484
30
0
0
VERTEX
8
DRUCK
10
400.99
20
52.484
30
0
0
VERTEX
8
DRUCK
10
400.778
20
52.59
30
0
0
VERTEX
8
DRUCK
10
400.565
20
52.803
30
0
0
SEQEND
8
DRUCK
0
POLYLINE
8
DRUCK
66
1
70
0
0
VERTEX
8
DRUCK
10
403.754
20
53.972
30
0
0
VERTEX
8
DRUCK
10
403.754
20
52.484
30
0
0
SEQEND
8
DRUCK
0
POLYLINE
8
DRUCK
66
1
70
0
0
VERTEX
8
DRUCK
10
403.754
20
53.653
30
0
0
VERTEX
8
DRUCK
10
403.541
20
53.866
30
0
0
VERTEX
8
DRUCK
10
403.329
20
53.972
30
0
0
VERTEX
8
DRUCK
10
403.01
20
53.972
30
0
0
VERTEX
8
DRUCK
10
402.797
20
53.866
30
0
0
VERTEX
8
DRUCK
10
402.585
20
53.653
30
0
0
VERTEX
8
DRUCK
10
402.478
20
53.334
30
0
0
VERTEX
8
DRUCK
10
402.478
20
53.122
30
0
0
VERTEX
8
DRUCK
10
402.585
20
52.803
30
0
0
VERTEX
8
DRUCK
10
402.797
20
52.59
30
0
0
VERTEX
8
DRUCK
10
403.01
20
52.484
30
0
0
VERTEX
8
DRUCK
10
403.329
20
52.484
30
0
0
VERTEX
8
DRUCK
10
403.541
20
52.59
30
0
0
VERTEX
8
DRUCK
10
403.754
20
52.803
30
0
0
SEQEND
8
DRUCK
0
POLYLINE
8
DRUCK
66
1
70
0
0
VERTEX
8
DRUCK
10
405.667
20
53.653
30
0
0
VERTEX
8
DRUCK
10
405.561
20
53.866
30
0
0
VERTEX
8
DRUCK
10
405.242
20
53.972
30
0
0
VERTEX
8
DRUCK
10
404.923
20
53.972
30
0
0
VERTEX
8
DRUCK
10
404.604
20
53.866
30
0
0
VERTEX
8
DRUCK
10
404.498
20
53.653
30
0
0
VERTEX
8
DRUCK
10
404.604
20
53.441
30
0
0
VERTEX
8
DRUCK
10
404.817
20
53.334
30
0
0
VERTEX
8
DRUCK
10
405.348
20
53.228
30
0
0
VERTEX
8
DRUCK
10
405.561
20
53.122
30
0
0
VERTEX
8
DRUCK
10
405.667
20
52.909
30
0
0
VERTEX
8
DRUCK
10
405.667
20
52.803
30
0
0
VERTEX
8
DRUCK
10
405.561
20
52.59
30
0
0
VERTEX
8
DRUCK
10
405.242
20
52.484
30
0
0
VERTEX
8
DRUCK
10
404.923
20
52.484
30
0
0
VERTEX
8
DRUCK
10
404.604
20
52.59
30
0
0
VERTEX
8
DRUCK
10
404.498
20
52.803
30
0
0
SEQEND
8
DRUCK
0
POLYLINE
8
DRUCK
66
1
70
0
0
VERTEX
8
DRUCK
10
407.474
20
53.653
30
0
0
VERTEX
8
DRUCK
10
407.367
20
53.866
30
0
0
VERTEX
8
DRUCK
10
407.049
20
53.972
30
0
0
VERTEX
8
DRUCK
10
406.73
20
53.972
30
0
0
VERTEX
8
DRUCK
10
406.411
20
53.866
30
0
0
VERTEX
8
DRUCK
10
406.305
20
53.653
30
0
0
VERTEX
8
DRUCK
10
406.411
20
53.441
30
0
0
VERTEX
8
DRUCK
10
406.623
20
53.334
30
0
0
VERTEX
8
DRUCK
10
407.155
20
53.228
30
0
0
VERTEX
8
DRUCK
10
407.367
20
53.122
30
0
0
VERTEX
8
DRUCK
10
407.474
20
52.909
30
0
0
VERTEX
8
DRUCK
10
407.474
20
52.803
30
0
0
VERTEX
8
DRUCK
10
407.367
20
52.59
30
0
0
VERTEX
8
DRUCK
10
407.049
20
52.484
30
0
0
VERTEX
8
DRUCK
10
406.73
20
52.484
30
0
0
VERTEX
8
DRUCK
10
406.411
20
52.59
30
0
0
VERTEX
8
DRUCK
10
406.305
20
52.803
30
0
0
SEQEND
8
DRUCK
0
POLYLINE
8
DRUCK
66
1
70
0
0
VERTEX
8
DRUCK
10
412.07
20
46.824
30
0
0
VERTEX
8
DRUCK
10
411.837
20
46.707
30
0
0
VERTEX
8
DRUCK
10
411.604
20
46.474
30
0
0
VERTEX
8
DRUCK
10
411.487
20
46.241
30
0
0
VERTEX
8
DRUCK
10
411.371
20
45.891
30
0
0
VERTEX
8
DRUCK
10
411.371
20
45.309
30
0
0
VERTEX
8
DRUCK
10
411.487
20
44.959
30
0
0
VERTEX
8
DRUCK
10
411.604
20
44.726
30
0
0
VERTEX
8
DRUCK
10
411.837
20
44.493
30
0
0
VERTEX
8
DRUCK
10
412.07
20
44.376
30
0
0
VERTEX
8
DRUCK
10
412.537
20
44.376
30
0
0
VERTEX
8
DRUCK
10
412.77
20
44.493
30
0
0
VERTEX
8
DRUCK
10
413.003
20
44.726
30
0
0
VERTEX
8
DRUCK
10
413.119
20
44.959
30
0
0
VERTEX
8
DRUCK
10
413.236
20
45.309
30
0
0
VERTEX
8
DRUCK
10
413.236
20
45.891
30
0
0
VERTEX
8
DRUCK
10
413.119
20
46.241
30
0
0
VERTEX
8
DRUCK
10
413.003
20
46.474
30
0
0
VERTEX
8
DRUCK
10
412.77
20
46.707
30
0
0
VERTEX
8
DRUCK
10
412.537
20
46.824
30
0
0
VERTEX
8
DRUCK
10
412.07
20
46.824
30
0
0
SEQEND
8
DRUCK
0
POLYLINE
8
DRUCK
66
1
70
0
0
VERTEX
8
DRUCK
10
414.052
20
46.824
30
0
0
VERTEX
8
DRUCK
10
414.052
20
45.075
30
0
0
VERTEX
8
DRUCK
10
414.169
20
44.726
30
0
0
VERTEX
8
DRUCK
10
414.402
20
44.493
30
0
0
VERTEX
8
DRUCK
10
414.751
20
44.376
30
0
0
VERTEX
8
DRUCK
10
414.985
20
44.376
30
0
0
VERTEX
8
DRUCK
10
415.334
20
44.493
30
0
0
VERTEX
8
DRUCK
10
415.567
20
44.726
30
0
0
VERTEX
8
DRUCK
10
415.684
20
45.075
30
0
0
VERTEX
8
DRUCK
10
415.684
20
46.824
30
0
0
SEQEND
8
DRUCK
0
POLYLINE
8
DRUCK
66
1
70
0
0
VERTEX
8
DRUCK
10
417.083
20
46.824
30
0
0
VERTEX
8
DRUCK
10
417.083
20
44.376
30
0
0
SEQEND
8
DRUCK
0
POLYLINE
8
DRUCK
66
1
70
0
0
VERTEX
8
DRUCK
10
416.267
20
46.824
30
0
0
VERTEX
8
DRUCK
10
417.899
20
46.824
30
0
0
SEQEND
8
DRUCK
0
POLYLINE
8
DRUCK
66
1
70
0
0
VERTEX
8
DRUCK
10
420.93
20
46.824
30
0
0
VERTEX
8
DRUCK
10
419.997
20
44.376
30
0
0
SEQEND
8
DRUCK
0
POLYLINE
8
DRUCK
66
1
70
0
0
VERTEX
8
DRUCK
10
420.93
20
46.824
30
0
0
VERTEX
8
DRUCK
10
421.862
20
44.376
30
0
0
SEQEND
8
DRUCK
0
POLYLINE
8
DRUCK
66
1
70
0
0
VERTEX
8
DRUCK
10
420.347
20
45.192
30
0
0
VERTEX
8
DRUCK
10
421.513
20
45.192
30
0
0
SEQEND
8
DRUCK
0
LINE
8
DRUCK
10
342.85
20
12.18
30
0
11
342.1
21
10.881
31
0
0
LINE
8
DRUCK
10
339.08
20
15.95
30
0
11
337.781
21
15.2
31
0
0
LINE
8
DRUCK
10
337.7
20
21.1
30
0
11
336.2
21
21.1
31
0
0
LINE
8
DRUCK
10
339.08
20
26.25
30
0
11
337.781
21
27
31
0
0
LINE
8
DRUCK
10
342.85
20
30.02
30
0
11
342.1
21
31.319
31
0
0
LINE
8
DRUCK
10
348
20
31.4
30
0
11
348
21
32.9
31
0
0
LINE
8
DRUCK
10
353.15
20
30.02
30
0
11
353.9
21
31.319
31
0
0
LINE
8
DRUCK
10
356.92
20
26.25
30
0
11
358.219
21
27
31
0
0
LINE
8
DRUCK
10
358.3
20
21.1
30
0
11
359.8
21
21.1
31
0
0
LINE
8
DRUCK
10
356.92
20
15.95
30
0
11
358.219
21
15.2
31
0
0
LINE
8
DRUCK
10
353.15
20
12.18
30
0
11
353.9
21
10.881
31
0
0
POLYLINE
8
DRUCK
66
1
70
0
0
VERTEX
8
DRUCK
10
340.429
20
10.222
30
0
0
VERTEX
8
DRUCK
10
340.429
20
8.422
30
0
0
SEQEND
8
DRUCK
0
POLYLINE
8
DRUCK
66
1
70
0
0
VERTEX
8
DRUCK
10
340.429
20
9.365
30
0
0
VERTEX
8
DRUCK
10
340.257
20
9.536
30
0
0
VERTEX
8
DRUCK
10
340.086
20
9.622
30
0
0
VERTEX
8
DRUCK
10
339.829
20
9.622
30
0
0
VERTEX
8
DRUCK
10
339.657
20
9.536
30
0
0
VERTEX
8
DRUCK
10
339.486
20
9.365
30
0
0
VERTEX
8
DRUCK
10
339.4
20
9.108
30
0
0
VERTEX
8
DRUCK
10
339.4
20
8.936
30
0
0
VERTEX
8
DRUCK
10
339.486
20
8.679
30
0
0
VERTEX
8
DRUCK
10
339.657
20
8.508
30
0
0
VERTEX
8
DRUCK
10
339.829
20
8.422
30
0
0
VERTEX
8
DRUCK
10
340.086
20
8.422
30
0
0
VERTEX
8
DRUCK
10
340.257
20
8.508
30
0
0
VERTEX
8
DRUCK
10
340.429
20
8.679
30
0
0
SEQEND
8
DRUCK
0
POLYLINE
8
DRUCK
66
1
70
0
0
VERTEX
8
DRUCK
10
341.114
20
9.622
30
0
0
VERTEX
8
DRUCK
10
341.114
20
8.422
30
0
0
SEQEND
8
DRUCK
0
POLYLINE
8
DRUCK
66
1
70
0
0
VERTEX
8
DRUCK
10
341.114
20
9.108
30
0
0
VERTEX
8
DRUCK
10
341.2
20
9.365
30
0
0
VERTEX
8
DRUCK
10
341.371
20
9.536
30
0
0
VERTEX
8
DRUCK
10
341.543
20
9.622
30
0
0
VERTEX
8
DRUCK
10
341.8
20
9.622
30
0
0
SEQEND
8
DRUCK
0
POLYLINE
8
DRUCK
66
1
70
0
0
VERTEX
8
DRUCK
10
342.057
20
9.622
30
0
0
VERTEX
8
DRUCK
10
342.571
20
8.422
30
0
0
SEQEND
8
DRUCK
0
POLYLINE
8
DRUCK
66
1
70
0
0
VERTEX
8
DRUCK
10
343.086
20
9.622
30
0
0
VERTEX
8
DRUCK
10
342.571
20
8.422
30
0
0
VERTEX
8
DRUCK
10
342.4
20
8.079
30
0
0
VERTEX
8
DRUCK
10
342.229
20
7.908
30
0
0
VERTEX
8
DRUCK
10
342.057
20
7.822
30
0
0
VERTEX
8
DRUCK
10
341.971
20
7.822
30
0
0
SEQEND
8
DRUCK
0
POLYLINE
8
DRUCK
66
1
70
0
0
VERTEX
8
DRUCK
10
352.829
20
9.622
30
0
0
VERTEX
8
DRUCK
10
353.171
20
8.422
30
0
0
SEQEND
8
DRUCK
0
POLYLINE
8
DRUCK
66
1
70
0
0
VERTEX
8
DRUCK
10
353.514
20
9.622
30
0
0
VERTEX
8
DRUCK
10
353.171
20
8.422
30
0
0
SEQEND
8
DRUCK
0
POLYLINE
8
DRUCK
66
1
70
0
0
VERTEX
8
DRUCK
10
353.514
20
9.622
30
0
0
VERTEX
8
DRUCK
10
353.857
20
8.422
30
0
0
SEQEND
8
DRUCK
0
POLYLINE
8
DRUCK
66
1
70
0
0
VERTEX
8
DRUCK
10
354.2
20
9.622
30
0
0
VERTEX
8
DRUCK
10
353.857
20
8.422
30
0
0
SEQEND
8
DRUCK
0
POLYLINE
8
DRUCK
66
1
70
0
0
VERTEX
8
DRUCK
10
354.714
20
9.108
30
0
0
VERTEX
8
DRUCK
10
355.743
20
9.108
30
0
0
VERTEX
8
DRUCK
10
355.743
20
9.279
30
0
0
VERTEX
8
DRUCK
10
355.657
20
9.451
30
0
0
VERTEX
8
DRUCK
10
355.571
20
9.536
30
0
0
VERTEX
8
DRUCK
10
355.4
20
9.622
30
0
0
VERTEX
8
DRUCK
10
355.143
20
9.622
30
0
0
VERTEX
8
DRUCK
10
354.971
20
9.536
30
0
0
VERTEX
8
DRUCK
10
354.8
20
9.365
30
0
0
VERTEX
8
DRUCK
10
354.714
20
9.108
30
0
0
VERTEX
8
DRUCK
10
354.714
20
8.936
30
0
0
VERTEX
8
DRUCK
10
354.8
20
8.679
30
0
0
VERTEX
8
DRUCK
10
354.971
20
8.508
30
0
0
VERTEX
8
DRUCK
10
355.143
20
8.422
30
0
0
VERTEX
8
DRUCK
10
355.4
20
8.422
30
0
0
VERTEX
8
DRUCK
10
355.571
20
8.508
30
0
0
VERTEX
8
DRUCK
10
355.743
20
8.679
30
0
0
SEQEND
8
DRUCK
0
POLYLINE
8
DRUCK
66
1
70
0
0
VERTEX
8
DRUCK
10
356.429
20
10.222
30
0
0
VERTEX
8
DRUCK
10
356.429
20
8.765
30
0
0
VERTEX
8
DRUCK
10
356.514
20
8.508
30
0
0
VERTEX
8
DRUCK
10
356.686
20
8.422
30
0
0
VERTEX
8
DRUCK
10
356.857
20
8.422
30
0
0
SEQEND
8
DRUCK
0
POLYLINE
8
DRUCK
66
1
70
0
0
VERTEX
8
DRUCK
10
356.171
20
9.622
30
0
0
VERTEX
8
DRUCK
10
356.771
20
9.622
30
0
0
SEQEND
8
DRUCK
0
POLYLINE
8
DRUCK
66
1
70
0
0
VERTEX
8
DRUCK
10
343.454
20
6.324
30
0
0
VERTEX
8
DRUCK
10
343.454
20
3.876
30
0
0
SEQEND
8
DRUCK
0
POLYLINE
8
DRUCK
66
1
70
0
0
VERTEX
8
DRUCK
10
343.454
20
6.324
30
0
0
VERTEX
8
DRUCK
10
344.386
20
3.876
30
0
0
SEQEND
8
DRUCK
0
POLYLINE
8
DRUCK
66
1
70
0
0
VERTEX
8
DRUCK
10
345.319
20
6.324
30
0
0
VERTEX
8
DRUCK
10
344.386
20
3.876
30
0
0
SEQEND
8
DRUCK
0
POLYLINE
8
DRUCK
66
1
70
0
0
VERTEX
8
DRUCK
10
345.319
20
6.324
30
0
0
VERTEX
8
DRUCK
10
345.319
20
3.876
30
0
0
SEQEND
8
DRUCK
0
POLYLINE
8
DRUCK
66
1
70
0
0
VERTEX
8
DRUCK
10
346.135
20
6.324
30
0
0
VERTEX
8
DRUCK
10
346.251
20
6.207
30
0
0
VERTEX
8
DRUCK
10
346.368
20
6.324
30
0
0
VERTEX
8
DRUCK
10
346.251
20
6.441
30
0
0
VERTEX
8
DRUCK
10
346.135
20
6.324
30
0
0
SEQEND
8
DRUCK
0
POLYLINE
8
DRUCK
66
1
70
0
0
VERTEX
8
DRUCK
10
346.251
20
5.508
30
0
0
VERTEX
8
DRUCK
10
346.251
20
3.876
30
0
0
SEQEND
8
DRUCK
0
POLYLINE
8
DRUCK
66
1
70
0
0
VERTEX
8
DRUCK
10
347.067
20
5.508
30
0
0
VERTEX
8
DRUCK
10
348.35
20
3.876
30
0
0
SEQEND
8
DRUCK
0
POLYLINE
8
DRUCK
66
1
70
0
0
VERTEX
8
DRUCK
10
348.35
20
5.508
30
0
0
VERTEX
8
DRUCK
10
347.067
20
3.876
30
0
0
SEQEND
8
DRUCK
0
POLYLINE
8
DRUCK
66
1
70
0
0
VERTEX
8
DRUCK
10
351.031
20
6.324
30
0
0
VERTEX
8
DRUCK
10
351.031
20
3.876
30
0
0
SEQEND
8
DRUCK
0
POLYLINE
8
DRUCK
66
1
70
0
0
VERTEX
8
DRUCK
10
351.031
20
6.324
30
0
0
VERTEX
8
DRUCK
10
352.08
20
6.324
30
0
0
VERTEX
8
DRUCK
10
352.43
20
6.207
30
0
0
VERTEX
8
DRUCK
10
352.546
20
6.091
30
0
0
VERTEX
8
DRUCK
10
352.663
20
5.858
30
0
0
VERTEX
8
DRUCK
10
352.663
20
5.625
30
0
0
VERTEX
8
DRUCK
10
352.546
20
5.391
30
0
0
VERTEX
8
DRUCK
10
352.43
20
5.275
30
0
0
VERTEX
8
DRUCK
10
352.08
20
5.158
30
0
0
SEQEND
8
DRUCK
0
POLYLINE
8
DRUCK
66
1
70
0
0
VERTEX
8
DRUCK
10
351.031
20
5.158
30
0
0
VERTEX
8
DRUCK
10
352.08
20
5.158
30
0
0
VERTEX
8
DRUCK
10
352.43
20
5.042
30
0
0
VERTEX
8
DRUCK
10
352.546
20
4.925
30
0
0
VERTEX
8
DRUCK
10
352.663
20
4.692
30
0
0
VERTEX
8
DRUCK
10
352.663
20
4.342
30
0
0
VERTEX
8
DRUCK
10
352.546
20
4.109
30
0
0
VERTEX
8
DRUCK
10
352.43
20
3.993
30
0
0
VERTEX
8
DRUCK
10
352.08
20
3.876
30
0
0
VERTEX
8
DRUCK
10
351.031
20
3.876
30
0
0
SEQEND
8
DRUCK
0
LINE
8
DRUCK
10
366.85
20
12.18
30
0
11
366.1
21
10.881
31
0
0
LINE
8
DRUCK
10
363.08
20
15.95
30
0
11
361.781
21
15.2
31
0
0
LINE
8
DRUCK
10
361.7
20
21.1
30
0
11
360.2
21
21.1
31
0
0
LINE
8
DRUCK
10
363.08
20
26.25
30
0
11
361.781
21
27
31
0
0
LINE
8
DRUCK
10
366.85
20
30.02
30
0
11
366.1
21
31.319
31
0
0
LINE
8
DRUCK
10
372
20
31.4
30
0
11
372
21
32.9
31
0
0
LINE
8
DRUCK
10
377.15
20
30.02
30
0
11
377.9
21
31.319
31
0
0
LINE
8
DRUCK
10
380.92
20
26.25
30
0
11
382.219
21
27
31
0
0
LINE
8
DRUCK
10
382.3
20
21.1
30
0
11
383.8
21
21.1
31
0
0
LINE
8
DRUCK
10
380.92
20
15.95
30
0
11
382.219
21
15.2
31
0
0
LINE
8
DRUCK
10
377.15
20
12.18
30
0
11
377.9
21
10.881
31
0
0
POLYLINE
8
DRUCK
66
1
70
0
0
VERTEX
8
DRUCK
10
365.114
20
10.222
30
0
0
VERTEX
8
DRUCK
10
364.857
20
10.136
30
0
0
VERTEX
8
DRUCK
10
364.686
20
9.879
30
0
0
VERTEX
8
DRUCK
10
364.6
20
9.451
30
0
0
VERTEX
8
DRUCK
10
364.6
20
9.193
30
0
0
VERTEX
8
DRUCK
10
364.686
20
8.765
30
0
0
VERTEX
8
DRUCK
10
364.857
20
8.508
30
0
0
VERTEX
8
DRUCK
10
365.114
20
8.422
30
0
0
VERTEX
8
DRUCK
10
365.286
20
8.422
30
0
0
VERTEX
8
DRUCK
10
365.543
20
8.508
30
0
0
VERTEX
8
DRUCK
10
365.714
20
8.765
30
0
0
VERTEX
8
DRUCK
10
365.8
20
9.193
30
0
0
VERTEX
8
DRUCK
10
365.8
20
9.451
30
0
0
VERTEX
8
DRUCK
10
365.714
20
9.879
30
0
0
VERTEX
8
DRUCK
10
365.543
20
10.136
30
0
0
VERTEX
8
DRUCK
10
365.286
20
10.222
30
0
0
VERTEX
8
DRUCK
10
365.114
20
10.222
30
0
0
SEQEND
8
DRUCK
0
POLYLINE
8
DRUCK
66
1
70
0
0
VERTEX
8
DRUCK
10
372.429
20
35.6
30
0
0
VERTEX
8
DRUCK
10
371.571
20
35.6
30
0
0
VERTEX
8
DRUCK
10
371.486
20
34.829
30
0
0
VERTEX
8
DRUCK
10
371.571
20
34.914
30
0
0
VERTEX
8
DRUCK
10
371.829
20
35
30
0
0
VERTEX
8
DRUCK
10
372.086
20
35
30
0
0
VERTEX
8
DRUCK
10
372.343
20
34.914
30
0
0
VERTEX
8
DRUCK
10
372.514
20
34.743
30
0
0
VERTEX
8
DRUCK
10
372.6
20
34.486
30
0
0
VERTEX
8
DRUCK
10
372.6
20
34.314
30
0
0
VERTEX
8
DRUCK
10
372.514
20
34.057
30
0
0
VERTEX
8
DRUCK
10
372.343
20
33.886
30
0
0
VERTEX
8
DRUCK
10
372.086
20
33.8
30
0
0
VERTEX
8
DRUCK
10
371.829
20
33.8
30
0
0
VERTEX
8
DRUCK
10
371.571
20
33.886
30
0
0
VERTEX
8
DRUCK
10
371.486
20
33.971
30
0
0
VERTEX
8
DRUCK
10
371.4
20
34.143
30
0
0
SEQEND
8
DRUCK
0
POLYLINE
8
DRUCK
66
1
70
0
0
VERTEX
8
DRUCK
10
377.6
20
9.879
30
0
0
VERTEX
8
DRUCK
10
377.771
20
9.965
30
0
0
VERTEX
8
DRUCK
10
378.029
20
10.222
30
0
0
VERTEX
8
DRUCK
10
378.029
20
8.422
30
0
0
SEQEND
8
DRUCK
0
POLYLINE
8
DRUCK
66
1
70
0
0
VERTEX
8
DRUCK
10
379.571
20
10.222
30
0
0
VERTEX
8
DRUCK
10
379.314
20
10.136
30
0
0
VERTEX
8
DRUCK
10
379.143
20
9.879
30
0
0
VERTEX
8
DRUCK
10
379.057
20
9.451
30
0
0
VERTEX
8
DRUCK
10
379.057
20
9.193
30
0
0
VERTEX
8
DRUCK
10
379.143
20
8.765
30
0
0
VERTEX
8
DRUCK
10
379.314
20
8.508
30
0
0
VERTEX
8
DRUCK
10
379.571
20
8.422
30
0
0
VERTEX
8
DRUCK
10
379.743
20
8.422
30
0
0
VERTEX
8
DRUCK
10
380
20
8.508
30
0
0
VERTEX
8
DRUCK
10
380.171
20
8.765
30
0
0
VERTEX
8
DRUCK
10
380.257
20
9.193
30
0
0
VERTEX
8
DRUCK
10
380.257
20
9.451
30
0
0
VERTEX
8
DRUCK
10
380.171
20
9.879
30
0
0
VERTEX
8
DRUCK
10
380
20
10.136
30
0
0
VERTEX
8
DRUCK
10
379.743
20
10.222
30
0
0
VERTEX
8
DRUCK
10
379.571
20
10.222
30
0
0
SEQEND
8
DRUCK
0
POLYLINE
8
DRUCK
66
1
70
0
0
VERTEX
8
DRUCK
10
367.337
20
6.324
30
0
0
VERTEX
8
DRUCK
10
368.27
20
3.876
30
0
0
SEQEND
8
DRUCK
0
POLYLINE
8
DRUCK
66
1
70
0
0
VERTEX
8
DRUCK
10
369.202
20
6.324
30
0
0
VERTEX
8
DRUCK
10
368.27
20
3.876
30
0
0
SEQEND
8
DRUCK
0
POLYLINE
8
DRUCK
66
1
70
0
0
VERTEX
8
DRUCK
10
370.251
20
5.508
30
0
0
VERTEX
8
DRUCK
10
370.018
20
5.391
30
0
0
VERTEX
8
DRUCK
10
369.785
20
5.158
30
0
0
VERTEX
8
DRUCK
10
369.669
20
4.809
30
0
0
VERTEX
8
DRUCK
10
369.669
20
4.575
30
0
0
VERTEX
8
DRUCK
10
369.785
20
4.226
30
0
0
VERTEX
8
DRUCK
10
370.018
20
3.993
30
0
0
VERTEX
8
DRUCK
10
370.251
20
3.876
30
0
0
VERTEX
8
DRUCK
10
370.601
20
3.876
30
0
0
VERTEX
8
DRUCK
10
370.834
20
3.993
30
0
0
VERTEX
8
DRUCK
10
371.067
20
4.226
30
0
0
VERTEX
8
DRUCK
10
371.184
20
4.575
30
0
0
VERTEX
8
DRUCK
10
371.184
20
4.809
30
0
0
VERTEX
8
DRUCK
10
371.067
20
5.158
30
0
0
VERTEX
8
DRUCK
10
370.834
20
5.391
30
0
0
VERTEX
8
DRUCK
10
370.601
20
5.508
30
0
0
VERTEX
8
DRUCK
10
370.251
20
5.508
30
0
0
SEQEND
8
DRUCK
0
POLYLINE
8
DRUCK
66
1
70
0
0
VERTEX
8
DRUCK
10
372
20
6.324
30
0
0
VERTEX
8
DRUCK
10
372
20
3.876
30
0
0
SEQEND
8
DRUCK
0
POLYLINE
8
DRUCK
66
1
70
0
0
VERTEX
8
DRUCK
10
374.798
20
6.324
30
0
0
VERTEX
8
DRUCK
10
374.798
20
3.876
30
0
0
SEQEND
8
DRUCK
0
POLYLINE
8
DRUCK
66
1
70
0
0
VERTEX
8
DRUCK
10
374.798
20
6.324
30
0
0
VERTEX
8
DRUCK
10
375.847
20
6.324
30
0
0
VERTEX
8
DRUCK
10
376.197
20
6.207
30
0
0
VERTEX
8
DRUCK
10
376.313
20
6.091
30
0
0
VERTEX
8
DRUCK
10
376.43
20
5.858
30
0
0
VERTEX
8
DRUCK
10
376.43
20
5.625
30
0
0
VERTEX
8
DRUCK
10
376.313
20
5.391
30
0
0
VERTEX
8
DRUCK
10
376.197
20
5.275
30
0
0
VERTEX
8
DRUCK
10
375.847
20
5.158
30
0
0
SEQEND
8
DRUCK
0
POLYLINE
8
DRUCK
66
1
70
0
0
VERTEX
8
DRUCK
10
374.798
20
5.158
30
0
0
VERTEX
8
DRUCK
10
375.847
20
5.158
30
0
0
VERTEX
8
DRUCK
10
376.197
20
5.042
30
0
0
VERTEX
8
DRUCK
10
376.313
20
4.925
30
0
0
VERTEX
8
DRUCK
10
376.43
20
4.692
30
0
0
VERTEX
8
DRUCK
10
376.43
20
4.342
30
0
0
VERTEX
8
DRUCK
10
376.313
20
4.109
30
0
0
VERTEX
8
DRUCK
10
376.197
20
3.993
30
0
0
VERTEX
8
DRUCK
10
375.847
20
3.876
30
0
0
VERTEX
8
DRUCK
10
374.798
20
3.876
30
0
0
SEQEND
8
DRUCK
0
POLYLINE
8
DRUCK
66
1
70
0
0
VERTEX
8
DRUCK
10
387.246
20
30.216
30
0
0
VERTEX
8
DRUCK
10
387.246
20
28.622
30
0
0
VERTEX
8
DRUCK
10
387.353
20
28.303
30
0
0
VERTEX
8
DRUCK
10
387.565
20
28.09
30
0
0
VERTEX
8
DRUCK
10
387.884
20
27.984
30
0
0
VERTEX
8
DRUCK
10
388.097
20
27.984
30
0
0
VERTEX
8
DRUCK
10
388.415
20
28.09
30
0
0
VERTEX
8
DRUCK
10
388.628
20
28.303
30
0
0
VERTEX
8
DRUCK
10
388.734
20
28.622
30
0
0
VERTEX
8
DRUCK
10
388.734
20
30.216
30
0
0
SEQEND
8
DRUCK
0
POLYLINE
8
DRUCK
66
1
70
0
0
VERTEX
8
DRUCK
10
389.585
20
29.472
30
0
0
VERTEX
8
DRUCK
10
389.585
20
27.24
30
0
0
SEQEND
8
DRUCK
0
POLYLINE
8
DRUCK
66
1
70
0
0
VERTEX
8
DRUCK
10
389.585
20
29.153
30
0
0
VERTEX
8
DRUCK
10
389.797
20
29.366
30
0
0
VERTEX
8
DRUCK
10
390.01
20
29.472
30
0
0
VERTEX
8
DRUCK
10
390.329
20
29.472
30
0
0
VERTEX
8
DRUCK
10
390.541
20
29.366
30
0
0
VERTEX
8
DRUCK
10
390.754
20
29.153
30
0
0
VERTEX
8
DRUCK
10
390.86
20
28.834
30
0
0
VERTEX
8
DRUCK
10
390.86
20
28.622
30
0
0
VERTEX
8
DRUCK
10
390.754
20
28.303
30
0
0
VERTEX
8
DRUCK
10
390.541
20
28.09
30
0
0
VERTEX
8
DRUCK
10
390.329
20
27.984
30
0
0
VERTEX
8
DRUCK
10
390.01
20
27.984
30
0
0
VERTEX
8
DRUCK
10
389.797
20
28.09
30
0
0
VERTEX
8
DRUCK
10
389.585
20
28.303
30
0
0
SEQEND
8
DRUCK
0
POLYLINE
8
DRUCK
66
1
70
0
0
VERTEX
8
DRUCK
10
385.121
20
14.216
30
0
0
VERTEX
8
DRUCK
10
385.121
20
11.984
30
0
0
SEQEND
8
DRUCK
0
POLYLINE
8
DRUCK
66
1
70
0
0
VERTEX
8
DRUCK
10
385.121
20
14.216
30
0
0
VERTEX
8
DRUCK
10
385.865
20
14.216
30
0
0
VERTEX
8
DRUCK
10
386.183
20
14.11
30
0
0
VERTEX
8
DRUCK
10
386.396
20
13.897
30
0
0
VERTEX
8
DRUCK
10
386.502
20
13.685
30
0
0
VERTEX
8
DRUCK
10
386.609
20
13.366
30
0
0
VERTEX
8
DRUCK
10
386.609
20
12.834
30
0
0
VERTEX
8
DRUCK
10
386.502
20
12.515
30
0
0
VERTEX
8
DRUCK
10
386.396
20
12.303
30
0
0
VERTEX
8
DRUCK
10
386.183
20
12.09
30
0
0
VERTEX
8
DRUCK
10
385.865
20
11.984
30
0
0
VERTEX
8
DRUCK
10
385.121
20
11.984
30
0
0
SEQEND
8
DRUCK
0
POLYLINE
8
DRUCK
66
1
70
0
0
VERTEX
8
DRUCK
10
387.778
20
13.472
30
0
0
VERTEX
8
DRUCK
10
387.565
20
13.366
30
0
0
VERTEX
8
DRUCK
10
387.353
20
13.153
30
0
0
VERTEX
8
DRUCK
10
387.246
20
12.834
30
0
0
VERTEX
8
DRUCK
10
387.246
20
12.622
30
0
0
VERTEX
8
DRUCK
10
387.353
20
12.303
30
0
0
VERTEX
8
DRUCK
10
387.565
20
12.09
30
0
0
VERTEX
8
DRUCK
10
387.778
20
11.984
30
0
0
VERTEX
8
DRUCK
10
388.097
20
11.984
30
0
0
VERTEX
8
DRUCK
10
388.309
20
12.09
30
0
0
VERTEX
8
DRUCK
10
388.522
20
12.303
30
0
0
VERTEX
8
DRUCK
10
388.628
20
12.622
30
0
0
VERTEX
8
DRUCK
10
388.628
20
12.834
30
0
0
VERTEX
8
DRUCK
10
388.522
20
13.153
30
0
0
VERTEX
8
DRUCK
10
388.309
20
13.366
30
0
0
VERTEX
8
DRUCK
10
388.097
20
13.472
30
0
0
VERTEX
8
DRUCK
10
387.778
20
13.472
30
0
0
SEQEND
8
DRUCK
0
POLYLINE
8
DRUCK
66
1
70
0
0
VERTEX
8
DRUCK
10
389.266
20
13.472
30
0
0
VERTEX
8
DRUCK
10
389.691
20
11.984
30
0
0
SEQEND
8
DRUCK
0
POLYLINE
8
DRUCK
66
1
70
0
0
VERTEX
8
DRUCK
10
390.116
20
13.472
30
0
0
VERTEX
8
DRUCK
10
389.691
20
11.984
30
0
0
SEQEND
8
DRUCK
0
POLYLINE
8
DRUCK
66
1
70
0
0
VERTEX
8
DRUCK
10
390.116
20
13.472
30
0
0
VERTEX
8
DRUCK
10
390.541
20
11.984
30
0
0
SEQEND
8
DRUCK
0
POLYLINE
8
DRUCK
66
1
70
0
0
VERTEX
8
DRUCK
10
390.966
20
13.472
30
0
0
VERTEX
8
DRUCK
10
390.541
20
11.984
30
0
0
SEQEND
8
DRUCK
0
POLYLINE
8
DRUCK
66
1
70
0
0
VERTEX
8
DRUCK
10
391.71
20
13.472
30
0
0
VERTEX
8
DRUCK
10
391.71
20
11.984
30
0
0
SEQEND
8
DRUCK
0
POLYLINE
8
DRUCK
66
1
70
0
0
VERTEX
8
DRUCK
10
391.71
20
13.047
30
0
0
VERTEX
8
DRUCK
10
392.029
20
13.366
30
0
0
VERTEX
8
DRUCK
10
392.242
20
13.472
30
0
0
VERTEX
8
DRUCK
10
392.561
20
13.472
30
0
0
VERTEX
8
DRUCK
10
392.773
20
13.366
30
0
0
VERTEX
8
DRUCK
10
392.879
20
13.047
30
0
0
VERTEX
8
DRUCK
10
392.879
20
11.984
30
0
0
SEQEND
8
DRUCK
0
POLYLINE
8
DRUCK
66
1
70
0
0
VERTEX
8
DRUCK
10
396.633
20
14.216
30
0
0
VERTEX
8
DRUCK
10
396.633
20
11.984
30
0
0
SEQEND
8
DRUCK
0
POLYLINE
8
DRUCK
66
1
70
0
0
VERTEX
8
DRUCK
10
396.633
20
14.216
30
0
0
VERTEX
8
DRUCK
10
397.589
20
14.216
30
0
0
VERTEX
8
DRUCK
10
397.908
20
14.11
30
0
0
VERTEX
8
DRUCK
10
398.014
20
14.003
30
0
0
VERTEX
8
DRUCK
10
398.121
20
13.791
30
0
0
VERTEX
8
DRUCK
10
398.121
20
13.578
30
0
0
VERTEX
8
DRUCK
10
398.014
20
13.366
30
0
0
VERTEX
8
DRUCK
10
397.908
20
13.259
30
0
0
VERTEX
8
DRUCK
10
397.589
20
13.153
30
0
0
SEQEND
8
DRUCK
0
POLYLINE
8
DRUCK
66
1
70
0
0
VERTEX
8
DRUCK
10
396.633
20
13.153
30
0
0
VERTEX
8
DRUCK
10
397.589
20
13.153
30
0
0
VERTEX
8
DRUCK
10
397.908
20
13.047
30
0
0
VERTEX
8
DRUCK
10
398.014
20
12.941
30
0
0
VERTEX
8
DRUCK
10
398.121
20
12.728
30
0
0
VERTEX
8
DRUCK
10
398.121
20
12.409
30
0
0
VERTEX
8
DRUCK
10
398.014
20
12.197
30
0
0
VERTEX
8
DRUCK
10
397.908
20
12.09
30
0
0
VERTEX
8
DRUCK
10
397.589
20
11.984
30
0
0
VERTEX
8
DRUCK
10
396.633
20
11.984
30
0
0
SEQEND
8
DRUCK
0
POLYLINE
8
DRUCK
66
1
70
0
0
VERTEX
8
DRUCK
10
398.652
20
13.472
30
0
0
VERTEX
8
DRUCK
10
399.29
20
11.984
30
0
0
SEQEND
8
DRUCK
0
POLYLINE
8
DRUCK
66
1
70
0
0
VERTEX
8
DRUCK
10
399.927
20
13.472
30
0
0
VERTEX
8
DRUCK
10
399.29
20
11.984
30
0
0
VERTEX
8
DRUCK
10
399.077
20
11.559
30
0
0
VERTEX
8
DRUCK
10
398.865
20
11.346
30
0
0
VERTEX
8
DRUCK
10
398.652
20
11.24
30
0
0
VERTEX
8
DRUCK
10
398.546
20
11.24
30
0
0
SEQEND
8
DRUCK
0
POLYLINE
8
DRUCK
66
1
70
0
0
VERTEX
8
DRUCK
10
400.565
20
13.472
30
0
0
VERTEX
8
DRUCK
10
400.565
20
11.24
30
0
0
SEQEND
8
DRUCK
0
POLYLINE
8
DRUCK
66
1
70
0
0
VERTEX
8
DRUCK
10
400.565
20
13.153
30
0
0
VERTEX
8
DRUCK
10
400.778
20
13.366
30
0
0
VERTEX
8
DRUCK
10
400.99
20
13.472
30
0
0
VERTEX
8
DRUCK
10
401.309
20
13.472
30
0
0
VERTEX
8
DRUCK
10
401.522
20
13.366
30
0
0
VERTEX
8
DRUCK
10
401.734
20
13.153
30
0
0
VERTEX
8
DRUCK
10
401.841
20
12.834
30
0
0
VERTEX
8
DRUCK
10
401.841
20
12.622
30
0
0
VERTEX
8
DRUCK
10
401.734
20
12.303
30
0
0
VERTEX
8
DRUCK
10
401.522
20
12.09
30
0
0
VERTEX
8
DRUCK
10
401.309
20
11.984
30
0
0
VERTEX
8
DRUCK
10
400.99
20
11.984
30
0
0
VERTEX
8
DRUCK
10
400.778
20
12.09
30
0
0
VERTEX
8
DRUCK
10
400.565
20
12.303
30
0
0
SEQEND
8
DRUCK
0
POLYLINE
8
DRUCK
66
1
70
0
0
VERTEX
8
DRUCK
10
403.754
20
13.472
30
0
0
VERTEX
8
DRUCK
10
403.754
20
11.984
30
0
0
SEQEND
8
DRUCK
0
POLYLINE
8
DRUCK
66
1
70
0
0
VERTEX
8
DRUCK
10
403.754
20
13.153
30
0
0
VERTEX
8
DRUCK
10
403.541
20
13.366
30
0
0
VERTEX
8
DRUCK
10
403.329
20
13.472
30
0
0
VERTEX
8
DRUCK
10
403.01
20
13.472
30
0
0
VERTEX
8
DRUCK
10
402.797
20
13.366
30
0
0
VERTEX
8
DRUCK
10
402.585
20
13.153
30
0
0
VERTEX
8
DRUCK
10
402.478
20
12.834
30
0
0
VERTEX
8
DRUCK
10
402.478
20
12.622
30
0
0
VERTEX
8
DRUCK
10
402.585
20
12.303
30
0
0
VERTEX
8
DRUCK
10
402.797
20
12.09
30
0
0
VERTEX
8
DRUCK
10
403.01
20
11.984
30
0
0
VERTEX
8
DRUCK
10
403.329
20
11.984
30
0
0
VERTEX
8
DRUCK
10
403.541
20
12.09
30
0
0
VERTEX
8
DRUCK
10
403.754
20
12.303
30
0
0
SEQEND
8
DRUCK
0
POLYLINE
8
DRUCK
66
1
70
0
0
VERTEX
8
DRUCK
10
405.667
20
13.153
30
0
0
VERTEX
8
DRUCK
10
405.561
20
13.366
30
0
0
VERTEX
8
DRUCK
10
405.242
20
13.472
30
0
0
VERTEX
8
DRUCK
10
404.923
20
13.472
30
0
0
VERTEX
8
DRUCK
10
404.604
20
13.366
30
0
0
VERTEX
8
DRUCK
10
404.498
20
13.153
30
0
0
VERTEX
8
DRUCK
10
404.604
20
12.941
30
0
0
VERTEX
8
DRUCK
10
404.817
20
12.834
30
0
0
VERTEX
8
DRUCK
10
405.348
20
12.728
30
0
0
VERTEX
8
DRUCK
10
405.561
20
12.622
30
0
0
VERTEX
8
DRUCK
10
405.667
20
12.409
30
0
0
VERTEX
8
DRUCK
10
405.667
20
12.303
30
0
0
VERTEX
8
DRUCK
10
405.561
20
12.09
30
0
0
VERTEX
8
DRUCK
10
405.242
20
11.984
30
0
0
VERTEX
8
DRUCK
10
404.923
20
11.984
30
0
0
VERTEX
8
DRUCK
10
404.604
20
12.09
30
0
0
VERTEX
8
DRUCK
10
404.498
20
12.303
30
0
0
SEQEND
8
DRUCK
0
POLYLINE
8
DRUCK
66
1
70
0
0
VERTEX
8
DRUCK
10
407.474
20
13.153
30
0
0
VERTEX
8
DRUCK
10
407.367
20
13.366
30
0
0
VERTEX
8
DRUCK
10
407.049
20
13.472
30
0
0
VERTEX
8
DRUCK
10
406.73
20
13.472
30
0
0
VERTEX
8
DRUCK
10
406.411
20
13.366
30
0
0
VERTEX
8
DRUCK
10
406.305
20
13.153
30
0
0
VERTEX
8
DRUCK
10
406.411
20
12.941
30
0
0
VERTEX
8
DRUCK
10
406.623
20
12.834
30
0
0
VERTEX
8
DRUCK
10
407.155
20
12.728
30
0
0
VERTEX
8
DRUCK
10
407.367
20
12.622
30
0
0
VERTEX
8
DRUCK
10
407.474
20
12.409
30
0
0
VERTEX
8
DRUCK
10
407.474
20
12.303
30
0
0
VERTEX
8
DRUCK
10
407.367
20
12.09
30
0
0
VERTEX
8
DRUCK
10
407.049
20
11.984
30
0
0
VERTEX
8
DRUCK
10
406.73
20
11.984
30
0
0
VERTEX
8
DRUCK
10
406.411
20
12.09
30
0
0
VERTEX
8
DRUCK
10
406.305
20
12.303
30
0
0
SEQEND
8
DRUCK
0
POLYLINE
8
DRUCK
66
1
70
0
0
VERTEX
8
DRUCK
10
411.895
20
6.324
30
0
0
VERTEX
8
DRUCK
10
411.662
20
6.207
30
0
0
VERTEX
8
DRUCK
10
411.429
20
5.974
30
0
0
VERTEX
8
DRUCK
10
411.313
20
5.741
30
0
0
VERTEX
8
DRUCK
10
411.196
20
5.391
30
0
0
VERTEX
8
DRUCK
10
411.196
20
4.809
30
0
0
VERTEX
8
DRUCK
10
411.313
20
4.459
30
0
0
VERTEX
8
DRUCK
10
411.429
20
4.226
30
0
0
VERTEX
8
DRUCK
10
411.662
20
3.993
30
0
0
VERTEX
8
DRUCK
10
411.895
20
3.876
30
0
0
VERTEX
8
DRUCK
10
412.362
20
3.876
30
0
0
VERTEX
8
DRUCK
10
412.595
20
3.993
30
0
0
VERTEX
8
DRUCK
10
412.828
20
4.226
30
0
0
VERTEX
8
DRUCK
10
412.945
20
4.459
30
0
0
VERTEX
8
DRUCK
10
413.061
20
4.809
30
0
0
VERTEX
8
DRUCK
10
413.061
20
5.391
30
0
0
VERTEX
8
DRUCK
10
412.945
20
5.741
30
0
0
VERTEX
8
DRUCK
10
412.828
20
5.974
30
0
0
VERTEX
8
DRUCK
10
412.595
20
6.207
30
0
0
VERTEX
8
DRUCK
10
412.362
20
6.324
30
0
0
VERTEX
8
DRUCK
10
411.895
20
6.324
30
0
0
SEQEND
8
DRUCK
0
POLYLINE
8
DRUCK
66
1
70
0
0
VERTEX
8
DRUCK
10
413.877
20
6.324
30
0
0
VERTEX
8
DRUCK
10
413.877
20
4.575
30
0
0
VERTEX
8
DRUCK
10
413.994
20
4.226
30
0
0
VERTEX
8
DRUCK
10
414.227
20
3.993
30
0
0
VERTEX
8
DRUCK
10
414.577
20
3.876
30
0
0
VERTEX
8
DRUCK
10
414.81
20
3.876
30
0
0
VERTEX
8
DRUCK
10
415.159
20
3.993
30
0
0
VERTEX
8
DRUCK
10
415.393
20
4.226
30
0
0
VERTEX
8
DRUCK
10
415.509
20
4.575
30
0
0
VERTEX
8
DRUCK
10
415.509
20
6.324
30
0
0
SEQEND
8
DRUCK
0
POLYLINE
8
DRUCK
66
1
70
0
0
VERTEX
8
DRUCK
10
416.908
20
6.324
30
0
0
VERTEX
8
DRUCK
10
416.908
20
3.876
30
0
0
SEQEND
8
DRUCK
0
POLYLINE
8
DRUCK
66
1
70
0
0
VERTEX
8
DRUCK
10
416.092
20
6.324
30
0
0
VERTEX
8
DRUCK
10
417.724
20
6.324
30
0
0
SEQEND
8
DRUCK
0
POLYLINE
8
DRUCK
66
1
70
0
0
VERTEX
8
DRUCK
10
420.172
20
6.324
30
0
0
VERTEX
8
DRUCK
10
420.172
20
3.876
30
0
0
SEQEND
8
DRUCK
0
POLYLINE
8
DRUCK
66
1
70
0
0
VERTEX
8
DRUCK
10
420.172
20
6.324
30
0
0
VERTEX
8
DRUCK
10
421.221
20
6.324
30
0
0
VERTEX
8
DRUCK
10
421.571
20
6.207
30
0
0
VERTEX
8
DRUCK
10
421.687
20
6.091
30
0
0
VERTEX
8
DRUCK
10
421.804
20
5.858
30
0
0
VERTEX
8
DRUCK
10
421.804
20
5.625
30
0
0
VERTEX
8
DRUCK
10
421.687
20
5.391
30
0
0
VERTEX
8
DRUCK
10
421.571
20
5.275
30
0
0
VERTEX
8
DRUCK
10
421.221
20
5.158
30
0
0
SEQEND
8
DRUCK
0
POLYLINE
8
DRUCK
66
1
70
0
0
VERTEX
8
DRUCK
10
420.172
20
5.158
30
0
0
VERTEX
8
DRUCK
10
421.221
20
5.158
30
0
0
VERTEX
8
DRUCK
10
421.571
20
5.042
30
0
0
VERTEX
8
DRUCK
10
421.687
20
4.925
30
0
0
VERTEX
8
DRUCK
10
421.804
20
4.692
30
0
0
VERTEX
8
DRUCK
10
421.804
20
4.342
30
0
0
VERTEX
8
DRUCK
10
421.687
20
4.109
30
0
0
VERTEX
8
DRUCK
10
421.571
20
3.993
30
0
0
VERTEX
8
DRUCK
10
421.221
20
3.876
30
0
0
VERTEX
8
DRUCK
10
420.172
20
3.876
30
0
0
SEQEND
8
DRUCK
0
ENDSEC
0
EOF
