ISO-10303-21;
HEADER;
FILE_DESCRIPTION(('FreeCAD Model'),'2;1');
FILE_NAME('Open CASCADE Shape Model','2026-09-22T15:40:44',(''),(''),
  'Open CASCADE STEP processor 7.8','FreeCAD','Unknown');
FILE_SCHEMA(('AUTOMOTIVE_DESIGN { 1 0 10303 214 1 1 1 1 }'));
ENDSEC;
DATA;
#1 = APPLICATION_PROTOCOL_DEFINITION('international standard',
  'automotive_design',2000,#2);
#2 = APPLICATION_CONTEXT(
  'core data for automotive mechanical design processes');
#3 = SHAPE_DEFINITION_REPRESENTATION(#4,#10);
#4 = PRODUCT_DEFINITION_SHAPE('','',#5);
#5 = PRODUCT_DEFINITION('design','',#6,#9);
#6 = PRODUCT_DEFINITION_FORMATION('','',#7);
#7 = PRODUCT('FS1A','FS1A','',(#8));
#8 = PRODUCT_CONTEXT('',#2,'mechanical');
#9 = PRODUCT_DEFINITION_CONTEXT('part definition',#2,'design');
#10 = SHAPE_REPRESENTATION('',(#11,#15,#19,#23,#27,#31,#35),#39);
#11 = AXIS2_PLACEMENT_3D('',#12,#13,#14);
#12 = CARTESIAN_POINT('',(0.,0.,0.));
#13 = DIRECTION('',(0.,0.,1.));
#14 = DIRECTION('',(1.,0.,-0.));
#15 = AXIS2_PLACEMENT_3D('',#16,#17,#18);
#16 = CARTESIAN_POINT('',(0.,-2.,0.));
#17 = DIRECTION('',(0.,0.,1.));
#18 = DIRECTION('',(1.,0.,0.));
#19 = AXIS2_PLACEMENT_3D('',#20,#21,#22);
#20 = CARTESIAN_POINT('',(22.8,250.,0.));
#21 = DIRECTION('',(0.,0.,1.));
#22 = DIRECTION('',(1.,0.,0.));
#23 = AXIS2_PLACEMENT_3D('',#24,#25,#26);
#24 = CARTESIAN_POINT('',(0.,0.,0.));
#25 = DIRECTION('',(0.,0.,1.));
#26 = DIRECTION('',(1.,0.,0.));
#27 = AXIS2_PLACEMENT_3D('',#28,#29,#30);
#28 = CARTESIAN_POINT('',(0.,0.,0.));
#29 = DIRECTION('',(0.,0.,1.));
#30 = DIRECTION('',(1.,0.,0.));
#31 = AXIS2_PLACEMENT_3D('',#32,#33,#34);
#32 = CARTESIAN_POINT('',(0.,0.,0.));
#33 = DIRECTION('',(0.,0.,1.));
#34 = DIRECTION('',(1.,0.,0.));
#35 = AXIS2_PLACEMENT_3D('',#36,#37,#38);
#36 = CARTESIAN_POINT('',(0.,0.,0.));
#37 = DIRECTION('',(0.,0.,1.));
#38 = DIRECTION('',(1.,0.,0.));
#39 = ( GEOMETRIC_REPRESENTATION_CONTEXT(3) 
GLOBAL_UNCERTAINTY_ASSIGNED_CONTEXT((#43)) GLOBAL_UNIT_ASSIGNED_CONTEXT(
(#40,#41,#42)) REPRESENTATION_CONTEXT('Context #1',
  '3D Context with UNIT and UNCERTAINTY') );
#40 = ( LENGTH_UNIT() NAMED_UNIT(*) SI_UNIT(.MILLI.,.METRE.) );
#41 = ( NAMED_UNIT(*) PLANE_ANGLE_UNIT() SI_UNIT($,.RADIAN.) );
#42 = ( NAMED_UNIT(*) SI_UNIT($,.STERADIAN.) SOLID_ANGLE_UNIT() );
#43 = UNCERTAINTY_MEASURE_WITH_UNIT(LENGTH_MEASURE(1.E-07),#40,
  'distance_accuracy_value','confusion accuracy');
#44 = PRODUCT_RELATED_PRODUCT_CATEGORY('part',$,(#7));
#45 = SHAPE_DEFINITION_REPRESENTATION(#46,#52);
#46 = PRODUCT_DEFINITION_SHAPE('','',#47);
#47 = PRODUCT_DEFINITION('design','',#48,#51);
#48 = PRODUCT_DEFINITION_FORMATION('','',#49);
#49 = PRODUCT('Frontplatte','Frontplatte','',(#50));
#50 = PRODUCT_CONTEXT('',#2,'mechanical');
#51 = PRODUCT_DEFINITION_CONTEXT('part definition',#2,'design');
#52 = ADVANCED_BREP_SHAPE_REPRESENTATION('',(#11,#53),#2856);
#53 = MANIFOLD_SOLID_BREP('',#54);
#54 = CLOSED_SHELL('',(#55,#95,#849,#874,#899,#1637,#1654,#1671,#1688,
    #1705,#1717,#1739,#1756,#1773,#1785,#1802,#1819,#1836,#1853,#1870,
    #1887,#1904,#1921,#1938,#1955,#1972,#1989,#2006,#2023,#2040,#2057,
    #2074,#2091,#2113,#2130,#2147,#2159,#2176,#2193,#2210,#2227,#2244,
    #2261,#2278,#2295,#2312,#2329,#2346,#2363,#2380,#2397,#2414,#2431,
    #2453,#2470,#2487,#2499,#2521,#2538,#2555,#2572,#2589,#2606,#2623,
    #2635,#2652,#2669,#2686,#2703,#2720,#2737,#2754,#2771,#2788,#2810,
    #2827,#2844));
#55 = ADVANCED_FACE('',(#56),#90,.F.);
#56 = FACE_BOUND('',#57,.F.);
#57 = EDGE_LOOP('',(#58,#68,#76,#84));
#58 = ORIENTED_EDGE('',*,*,#59,.F.);
#59 = EDGE_CURVE('',#60,#62,#64,.T.);
#60 = VERTEX_POINT('',#61);
#61 = CARTESIAN_POINT('',(-4.440892098501E-16,0.,2.));
#62 = VERTEX_POINT('',#63);
#63 = CARTESIAN_POINT('',(-4.440892098501E-16,0.,86.1));
#64 = LINE('',#65,#66);
#65 = CARTESIAN_POINT('',(0.,0.,0.));
#66 = VECTOR('',#67,1.);
#67 = DIRECTION('',(0.,0.,1.));
#68 = ORIENTED_EDGE('',*,*,#69,.T.);
#69 = EDGE_CURVE('',#60,#70,#72,.T.);
#70 = VERTEX_POINT('',#71);
#71 = CARTESIAN_POINT('',(-4.440892098501E-16,2.,2.));
#72 = LINE('',#73,#74);
#73 = CARTESIAN_POINT('',(-4.440892098501E-16,0.,2.));
#74 = VECTOR('',#75,1.);
#75 = DIRECTION('',(-0.,1.,0.));
#76 = ORIENTED_EDGE('',*,*,#77,.T.);
#77 = EDGE_CURVE('',#70,#78,#80,.T.);
#78 = VERTEX_POINT('',#79);
#79 = CARTESIAN_POINT('',(-4.440892098501E-16,2.,86.1));
#80 = LINE('',#81,#82);
#81 = CARTESIAN_POINT('',(0.,2.,0.));
#82 = VECTOR('',#83,1.);
#83 = DIRECTION('',(0.,0.,1.));
#84 = ORIENTED_EDGE('',*,*,#85,.F.);
#85 = EDGE_CURVE('',#62,#78,#86,.T.);
#86 = LINE('',#87,#88);
#87 = CARTESIAN_POINT('',(-4.440892098501E-16,0.,86.1));
#88 = VECTOR('',#89,1.);
#89 = DIRECTION('',(-0.,1.,0.));
#90 = PLANE('',#91);
#91 = AXIS2_PLACEMENT_3D('',#92,#93,#94);
#92 = CARTESIAN_POINT('',(0.,0.,0.));
#93 = DIRECTION('',(1.,0.,-0.));
#94 = DIRECTION('',(0.,0.,1.));
#95 = ADVANCED_FACE('',(#96,#157,#193,#204,#215,#226,#237,#248,#259,#270
    ,#281,#292,#303,#314,#325,#336,#347,#358,#369,#380,#391,#427,#438,
    #449,#460,#471,#482,#493,#504,#515,#526,#537,#548,#559,#570,#581,
    #592,#603,#639,#709,#720,#731,#742,#753,#764,#775,#786,#797,#808),
  #844,.F.);
#96 = FACE_BOUND('',#97,.F.);
#97 = EDGE_LOOP('',(#98,#108,#115,#116,#125,#133,#142,#150));
#98 = ORIENTED_EDGE('',*,*,#99,.F.);
#99 = EDGE_CURVE('',#100,#102,#104,.T.);
#100 = VERTEX_POINT('',#101);
#101 = CARTESIAN_POINT('',(2.,0.,-4.440892098501E-16));
#102 = VERTEX_POINT('',#103);
#103 = CARTESIAN_POINT('',(480.6,0.,-4.440892098501E-16));
#104 = LINE('',#105,#106);
#105 = CARTESIAN_POINT('',(0.,0.,0.));
#106 = VECTOR('',#107,1.);
#107 = DIRECTION('',(1.,0.,-0.));
#108 = ORIENTED_EDGE('',*,*,#109,.F.);
#109 = EDGE_CURVE('',#60,#100,#110,.T.);
#110 = CIRCLE('',#111,2.);
#111 = AXIS2_PLACEMENT_3D('',#112,#113,#114);
#112 = CARTESIAN_POINT('',(2.,0.,2.));
#113 = DIRECTION('',(0.,-1.,0.));
#114 = DIRECTION('',(0.,0.,1.));
#115 = ORIENTED_EDGE('',*,*,#59,.T.);
#116 = ORIENTED_EDGE('',*,*,#117,.T.);
#117 = EDGE_CURVE('',#62,#118,#120,.T.);
#118 = VERTEX_POINT('',#119);
#119 = CARTESIAN_POINT('',(2.,0.,88.1));
#120 = CIRCLE('',#121,2.);
#121 = AXIS2_PLACEMENT_3D('',#122,#123,#124);
#122 = CARTESIAN_POINT('',(2.,0.,86.1));
#123 = DIRECTION('',(-0.,1.,0.));
#124 = DIRECTION('',(0.,0.,1.));
#125 = ORIENTED_EDGE('',*,*,#126,.T.);
#126 = EDGE_CURVE('',#118,#127,#129,.T.);
#127 = VERTEX_POINT('',#128);
#128 = CARTESIAN_POINT('',(480.6,0.,88.1));
#129 = LINE('',#130,#131);
#130 = CARTESIAN_POINT('',(0.,0.,88.1));
#131 = VECTOR('',#132,1.);
#132 = DIRECTION('',(1.,0.,-0.));
#133 = ORIENTED_EDGE('',*,*,#134,.F.);
#134 = EDGE_CURVE('',#135,#127,#137,.T.);
#135 = VERTEX_POINT('',#136);
#136 = CARTESIAN_POINT('',(482.6,0.,86.1));
#137 = CIRCLE('',#138,2.);
#138 = AXIS2_PLACEMENT_3D('',#139,#140,#141);
#139 = CARTESIAN_POINT('',(480.6,0.,86.1));
#140 = DIRECTION('',(0.,-1.,0.));
#141 = DIRECTION('',(0.,0.,1.));
#142 = ORIENTED_EDGE('',*,*,#143,.F.);
#143 = EDGE_CURVE('',#144,#135,#146,.T.);
#144 = VERTEX_POINT('',#145);
#145 = CARTESIAN_POINT('',(482.6,0.,2.));
#146 = LINE('',#147,#148);
#147 = CARTESIAN_POINT('',(482.6,0.,0.));
#148 = VECTOR('',#149,1.);
#149 = DIRECTION('',(0.,0.,1.));
#150 = ORIENTED_EDGE('',*,*,#151,.T.);
#151 = EDGE_CURVE('',#144,#102,#152,.T.);
#152 = CIRCLE('',#153,2.);
#153 = AXIS2_PLACEMENT_3D('',#154,#155,#156);
#154 = CARTESIAN_POINT('',(480.6,0.,2.));
#155 = DIRECTION('',(-0.,1.,0.));
#156 = DIRECTION('',(0.,0.,1.));
#157 = FACE_BOUND('',#158,.F.);
#158 = EDGE_LOOP('',(#159,#170,#178,#187));
#159 = ORIENTED_EDGE('',*,*,#160,.F.);
#160 = EDGE_CURVE('',#161,#163,#165,.T.);
#161 = VERTEX_POINT('',#162);
#162 = CARTESIAN_POINT('',(6.95,0.,2.75));
#163 = VERTEX_POINT('',#164);
#164 = CARTESIAN_POINT('',(6.95,0.,9.15));
#165 = CIRCLE('',#166,3.2);
#166 = AXIS2_PLACEMENT_3D('',#167,#168,#169);
#167 = CARTESIAN_POINT('',(6.95,0.,5.95));
#168 = DIRECTION('',(0.,1.,0.));
#169 = DIRECTION('',(0.,-0.,1.));
#170 = ORIENTED_EDGE('',*,*,#171,.T.);
#171 = EDGE_CURVE('',#161,#172,#174,.T.);
#172 = VERTEX_POINT('',#173);
#173 = CARTESIAN_POINT('',(10.55,0.,2.75));
#174 = LINE('',#175,#176);
#175 = CARTESIAN_POINT('',(3.475,0.,2.75));
#176 = VECTOR('',#177,1.);
#177 = DIRECTION('',(1.,0.,-0.));
#178 = ORIENTED_EDGE('',*,*,#179,.F.);
#179 = EDGE_CURVE('',#180,#172,#182,.T.);
#180 = VERTEX_POINT('',#181);
#181 = CARTESIAN_POINT('',(10.55,0.,9.15));
#182 = CIRCLE('',#183,3.2);
#183 = AXIS2_PLACEMENT_3D('',#184,#185,#186);
#184 = CARTESIAN_POINT('',(10.55,0.,5.95));
#185 = DIRECTION('',(0.,1.,0.));
#186 = DIRECTION('',(0.,-0.,1.));
#187 = ORIENTED_EDGE('',*,*,#188,.F.);
#188 = EDGE_CURVE('',#163,#180,#189,.T.);
#189 = LINE('',#190,#191);
#190 = CARTESIAN_POINT('',(3.475,0.,9.15));
#191 = VECTOR('',#192,1.);
#192 = DIRECTION('',(1.,0.,-0.));
#193 = FACE_BOUND('',#194,.F.);
#194 = EDGE_LOOP('',(#195));
#195 = ORIENTED_EDGE('',*,*,#196,.F.);
#196 = EDGE_CURVE('',#197,#197,#199,.T.);
#197 = VERTEX_POINT('',#198);
#198 = CARTESIAN_POINT('',(27.8,0.,7.55));
#199 = CIRCLE('',#200,2.65);
#200 = AXIS2_PLACEMENT_3D('',#201,#202,#203);
#201 = CARTESIAN_POINT('',(27.8,0.,4.9));
#202 = DIRECTION('',(0.,1.,0.));
#203 = DIRECTION('',(0.,-0.,1.));
#204 = FACE_BOUND('',#205,.F.);
#205 = EDGE_LOOP('',(#206));
#206 = ORIENTED_EDGE('',*,*,#207,.F.);
#207 = EDGE_CURVE('',#208,#208,#210,.T.);
#208 = VERTEX_POINT('',#209);
#209 = CARTESIAN_POINT('',(52.,0.,25.85));
#210 = CIRCLE('',#211,4.75);
#211 = AXIS2_PLACEMENT_3D('',#212,#213,#214);
#212 = CARTESIAN_POINT('',(52.,0.,21.1));
#213 = DIRECTION('',(0.,1.,0.));
#214 = DIRECTION('',(0.,-0.,1.));
#215 = FACE_BOUND('',#216,.F.);
#216 = EDGE_LOOP('',(#217));
#217 = ORIENTED_EDGE('',*,*,#218,.F.);
#218 = EDGE_CURVE('',#219,#219,#221,.T.);
#219 = VERTEX_POINT('',#220);
#220 = CARTESIAN_POINT('',(80.,0.,24.85));
#221 = CIRCLE('',#222,3.75);
#222 = AXIS2_PLACEMENT_3D('',#223,#224,#225);
#223 = CARTESIAN_POINT('',(80.,0.,21.1));
#224 = DIRECTION('',(0.,1.,0.));
#225 = DIRECTION('',(0.,-0.,1.));
#226 = FACE_BOUND('',#227,.F.);
#227 = EDGE_LOOP('',(#228));
#228 = ORIENTED_EDGE('',*,*,#229,.F.);
#229 = EDGE_CURVE('',#230,#230,#232,.T.);
#230 = VERTEX_POINT('',#231);
#231 = CARTESIAN_POINT('',(101.,0.,24.1));
#232 = CIRCLE('',#233,3.);
#233 = AXIS2_PLACEMENT_3D('',#234,#235,#236);
#234 = CARTESIAN_POINT('',(101.,0.,21.1));
#235 = DIRECTION('',(0.,1.,0.));
#236 = DIRECTION('',(0.,-0.,1.));
#237 = FACE_BOUND('',#238,.F.);
#238 = EDGE_LOOP('',(#239));
#239 = ORIENTED_EDGE('',*,*,#240,.F.);
#240 = EDGE_CURVE('',#241,#241,#243,.T.);
#241 = VERTEX_POINT('',#242);
#242 = CARTESIAN_POINT('',(113.,0.,24.1));
#243 = CIRCLE('',#244,3.);
#244 = AXIS2_PLACEMENT_3D('',#245,#246,#247);
#245 = CARTESIAN_POINT('',(113.,0.,21.1));
#246 = DIRECTION('',(0.,1.,0.));
#247 = DIRECTION('',(0.,-0.,1.));
#248 = FACE_BOUND('',#249,.F.);
#249 = EDGE_LOOP('',(#250));
#250 = ORIENTED_EDGE('',*,*,#251,.F.);
#251 = EDGE_CURVE('',#252,#252,#254,.T.);
#252 = VERTEX_POINT('',#253);
#253 = CARTESIAN_POINT('',(134.,0.,25.85));
#254 = CIRCLE('',#255,4.75);
#255 = AXIS2_PLACEMENT_3D('',#256,#257,#258);
#256 = CARTESIAN_POINT('',(134.,0.,21.1));
#257 = DIRECTION('',(0.,1.,0.));
#258 = DIRECTION('',(0.,-0.,1.));
#259 = FACE_BOUND('',#260,.F.);
#260 = EDGE_LOOP('',(#261));
#261 = ORIENTED_EDGE('',*,*,#262,.F.);
#262 = EDGE_CURVE('',#263,#263,#265,.T.);
#263 = VERTEX_POINT('',#264);
#264 = CARTESIAN_POINT('',(158.5,0.,25.85));
#265 = CIRCLE('',#266,4.75);
#266 = AXIS2_PLACEMENT_3D('',#267,#268,#269);
#267 = CARTESIAN_POINT('',(158.5,0.,21.1));
#268 = DIRECTION('',(0.,1.,0.));
#269 = DIRECTION('',(0.,-0.,1.));
#270 = FACE_BOUND('',#271,.F.);
#271 = EDGE_LOOP('',(#272));
#272 = ORIENTED_EDGE('',*,*,#273,.F.);
#273 = EDGE_CURVE('',#274,#274,#276,.T.);
#274 = VERTEX_POINT('',#275);
#275 = CARTESIAN_POINT('',(199.,0.,24.85));
#276 = CIRCLE('',#277,3.75);
#277 = AXIS2_PLACEMENT_3D('',#278,#279,#280);
#278 = CARTESIAN_POINT('',(199.,0.,21.1));
#279 = DIRECTION('',(0.,1.,0.));
#280 = DIRECTION('',(0.,-0.,1.));
#281 = FACE_BOUND('',#282,.F.);
#282 = EDGE_LOOP('',(#283));
#283 = ORIENTED_EDGE('',*,*,#284,.F.);
#284 = EDGE_CURVE('',#285,#285,#287,.T.);
#285 = VERTEX_POINT('',#286);
#286 = CARTESIAN_POINT('',(214.,0.,33.7));
#287 = CIRCLE('',#288,1.6);
#288 = AXIS2_PLACEMENT_3D('',#289,#290,#291);
#289 = CARTESIAN_POINT('',(214.,0.,32.1));
#290 = DIRECTION('',(0.,1.,0.));
#291 = DIRECTION('',(0.,-0.,1.));
#292 = FACE_BOUND('',#293,.F.);
#293 = EDGE_LOOP('',(#294));
#294 = ORIENTED_EDGE('',*,*,#295,.F.);
#295 = EDGE_CURVE('',#296,#296,#298,.T.);
#296 = VERTEX_POINT('',#297);
#297 = CARTESIAN_POINT('',(219.,0.,33.7));
#298 = CIRCLE('',#299,1.6);
#299 = AXIS2_PLACEMENT_3D('',#300,#301,#302);
#300 = CARTESIAN_POINT('',(219.,0.,32.1));
#301 = DIRECTION('',(0.,1.,0.));
#302 = DIRECTION('',(0.,-0.,1.));
#303 = FACE_BOUND('',#304,.F.);
#304 = EDGE_LOOP('',(#305));
#305 = ORIENTED_EDGE('',*,*,#306,.F.);
#306 = EDGE_CURVE('',#307,#307,#309,.T.);
#307 = VERTEX_POINT('',#308);
#308 = CARTESIAN_POINT('',(227.5,0.,33.7));
#309 = CIRCLE('',#310,1.6);
#310 = AXIS2_PLACEMENT_3D('',#311,#312,#313);
#311 = CARTESIAN_POINT('',(227.5,0.,32.1));
#312 = DIRECTION('',(0.,1.,0.));
#313 = DIRECTION('',(0.,-0.,1.));
#314 = FACE_BOUND('',#315,.F.);
#315 = EDGE_LOOP('',(#316));
#316 = ORIENTED_EDGE('',*,*,#317,.F.);
#317 = EDGE_CURVE('',#318,#318,#320,.T.);
#318 = VERTEX_POINT('',#319);
#319 = CARTESIAN_POINT('',(232.5,0.,33.7));
#320 = CIRCLE('',#321,1.6);
#321 = AXIS2_PLACEMENT_3D('',#322,#323,#324);
#322 = CARTESIAN_POINT('',(232.5,0.,32.1));
#323 = DIRECTION('',(0.,1.,0.));
#324 = DIRECTION('',(0.,-0.,1.));
#325 = FACE_BOUND('',#326,.F.);
#326 = EDGE_LOOP('',(#327));
#327 = ORIENTED_EDGE('',*,*,#328,.F.);
#328 = EDGE_CURVE('',#329,#329,#331,.T.);
#329 = VERTEX_POINT('',#330);
#330 = CARTESIAN_POINT('',(62.,0.,51.7));
#331 = CIRCLE('',#332,1.6);
#332 = AXIS2_PLACEMENT_3D('',#333,#334,#335);
#333 = CARTESIAN_POINT('',(62.,0.,50.1));
#334 = DIRECTION('',(0.,1.,0.));
#335 = DIRECTION('',(0.,-0.,1.));
#336 = FACE_BOUND('',#337,.F.);
#337 = EDGE_LOOP('',(#338));
#338 = ORIENTED_EDGE('',*,*,#339,.F.);
#339 = EDGE_CURVE('',#340,#340,#342,.T.);
#340 = VERTEX_POINT('',#341);
#341 = CARTESIAN_POINT('',(52.,0.,73.6));
#342 = CIRCLE('',#343,12.);
#343 = AXIS2_PLACEMENT_3D('',#344,#345,#346);
#344 = CARTESIAN_POINT('',(52.,0.,61.6));
#345 = DIRECTION('',(0.,1.,0.));
#346 = DIRECTION('',(0.,-0.,1.));
#347 = FACE_BOUND('',#348,.F.);
#348 = EDGE_LOOP('',(#349));
#349 = ORIENTED_EDGE('',*,*,#350,.F.);
#350 = EDGE_CURVE('',#351,#351,#353,.T.);
#351 = VERTEX_POINT('',#352);
#352 = CARTESIAN_POINT('',(80.,0.,65.35));
#353 = CIRCLE('',#354,3.75);
#354 = AXIS2_PLACEMENT_3D('',#355,#356,#357);
#355 = CARTESIAN_POINT('',(80.,0.,61.6));
#356 = DIRECTION('',(0.,1.,0.));
#357 = DIRECTION('',(0.,-0.,1.));
#358 = FACE_BOUND('',#359,.F.);
#359 = EDGE_LOOP('',(#360));
#360 = ORIENTED_EDGE('',*,*,#361,.F.);
#361 = EDGE_CURVE('',#362,#362,#364,.T.);
#362 = VERTEX_POINT('',#363);
#363 = CARTESIAN_POINT('',(101.,0.,64.6));
#364 = CIRCLE('',#365,3.);
#365 = AXIS2_PLACEMENT_3D('',#366,#367,#368);
#366 = CARTESIAN_POINT('',(101.,0.,61.6));
#367 = DIRECTION('',(0.,1.,0.));
#368 = DIRECTION('',(0.,-0.,1.));
#369 = FACE_BOUND('',#370,.F.);
#370 = EDGE_LOOP('',(#371));
#371 = ORIENTED_EDGE('',*,*,#372,.F.);
#372 = EDGE_CURVE('',#373,#373,#375,.T.);
#373 = VERTEX_POINT('',#374);
#374 = CARTESIAN_POINT('',(120.5,0.,65.35));
#375 = CIRCLE('',#376,3.75);
#376 = AXIS2_PLACEMENT_3D('',#377,#378,#379);
#377 = CARTESIAN_POINT('',(120.5,0.,61.6));
#378 = DIRECTION('',(0.,1.,0.));
#379 = DIRECTION('',(0.,-0.,1.));
#380 = FACE_BOUND('',#381,.F.);
#381 = EDGE_LOOP('',(#382));
#382 = ORIENTED_EDGE('',*,*,#383,.F.);
#383 = EDGE_CURVE('',#384,#384,#386,.T.);
#384 = VERTEX_POINT('',#385);
#385 = CARTESIAN_POINT('',(42.,0.,74.7));
#386 = CIRCLE('',#387,1.6);
#387 = AXIS2_PLACEMENT_3D('',#388,#389,#390);
#388 = CARTESIAN_POINT('',(42.,0.,73.1));
#389 = DIRECTION('',(0.,1.,0.));
#390 = DIRECTION('',(0.,-0.,1.));
#391 = FACE_BOUND('',#392,.F.);
#392 = EDGE_LOOP('',(#393,#404,#412,#421));
#393 = ORIENTED_EDGE('',*,*,#394,.F.);
#394 = EDGE_CURVE('',#395,#397,#399,.T.);
#395 = VERTEX_POINT('',#396);
#396 = CARTESIAN_POINT('',(6.95,0.,78.95));
#397 = VERTEX_POINT('',#398);
#398 = CARTESIAN_POINT('',(6.95,0.,85.35));
#399 = CIRCLE('',#400,3.2);
#400 = AXIS2_PLACEMENT_3D('',#401,#402,#403);
#401 = CARTESIAN_POINT('',(6.95,0.,82.15));
#402 = DIRECTION('',(0.,1.,0.));
#403 = DIRECTION('',(0.,-0.,1.));
#404 = ORIENTED_EDGE('',*,*,#405,.T.);
#405 = EDGE_CURVE('',#395,#406,#408,.T.);
#406 = VERTEX_POINT('',#407);
#407 = CARTESIAN_POINT('',(10.55,0.,78.95));
#408 = LINE('',#409,#410);
#409 = CARTESIAN_POINT('',(3.475,0.,78.95));
#410 = VECTOR('',#411,1.);
#411 = DIRECTION('',(1.,0.,-0.));
#412 = ORIENTED_EDGE('',*,*,#413,.F.);
#413 = EDGE_CURVE('',#414,#406,#416,.T.);
#414 = VERTEX_POINT('',#415);
#415 = CARTESIAN_POINT('',(10.55,0.,85.35));
#416 = CIRCLE('',#417,3.2);
#417 = AXIS2_PLACEMENT_3D('',#418,#419,#420);
#418 = CARTESIAN_POINT('',(10.55,0.,82.15));
#419 = DIRECTION('',(0.,1.,0.));
#420 = DIRECTION('',(0.,-0.,1.));
#421 = ORIENTED_EDGE('',*,*,#422,.F.);
#422 = EDGE_CURVE('',#397,#414,#423,.T.);
#423 = LINE('',#424,#425);
#424 = CARTESIAN_POINT('',(3.475,0.,85.35));
#425 = VECTOR('',#426,1.);
#426 = DIRECTION('',(1.,0.,-0.));
#427 = FACE_BOUND('',#428,.F.);
#428 = EDGE_LOOP('',(#429));
#429 = ORIENTED_EDGE('',*,*,#430,.F.);
#430 = EDGE_CURVE('',#431,#431,#433,.T.);
#431 = VERTEX_POINT('',#432);
#432 = CARTESIAN_POINT('',(27.8,0.,85.85));
#433 = CIRCLE('',#434,2.65);
#434 = AXIS2_PLACEMENT_3D('',#435,#436,#437);
#435 = CARTESIAN_POINT('',(27.8,0.,83.2));
#436 = DIRECTION('',(0.,1.,0.));
#437 = DIRECTION('',(0.,-0.,1.));
#438 = FACE_BOUND('',#439,.F.);
#439 = EDGE_LOOP('',(#440));
#440 = ORIENTED_EDGE('',*,*,#441,.F.);
#441 = EDGE_CURVE('',#442,#442,#444,.T.);
#442 = VERTEX_POINT('',#443);
#443 = CARTESIAN_POINT('',(139.5,0.,64.6));
#444 = CIRCLE('',#445,3.);
#445 = AXIS2_PLACEMENT_3D('',#446,#447,#448);
#446 = CARTESIAN_POINT('',(139.5,0.,61.6));
#447 = DIRECTION('',(0.,1.,0.));
#448 = DIRECTION('',(0.,-0.,1.));
#449 = FACE_BOUND('',#450,.F.);
#450 = EDGE_LOOP('',(#451));
#451 = ORIENTED_EDGE('',*,*,#452,.F.);
#452 = EDGE_CURVE('',#453,#453,#455,.T.);
#453 = VERTEX_POINT('',#454);
#454 = CARTESIAN_POINT('',(158.5,0.,65.35));
#455 = CIRCLE('',#456,3.75);
#456 = AXIS2_PLACEMENT_3D('',#457,#458,#459);
#457 = CARTESIAN_POINT('',(158.5,0.,61.6));
#458 = DIRECTION('',(0.,1.,0.));
#459 = DIRECTION('',(0.,-0.,1.));
#460 = FACE_BOUND('',#461,.F.);
#461 = EDGE_LOOP('',(#462));
#462 = ORIENTED_EDGE('',*,*,#463,.F.);
#463 = EDGE_CURVE('',#464,#464,#466,.T.);
#464 = VERTEX_POINT('',#465);
#465 = CARTESIAN_POINT('',(199.,0.,64.85));
#466 = CIRCLE('',#467,3.75);
#467 = AXIS2_PLACEMENT_3D('',#468,#469,#470);
#468 = CARTESIAN_POINT('',(199.,0.,61.1));
#469 = DIRECTION('',(0.,1.,0.));
#470 = DIRECTION('',(0.,-0.,1.));
#471 = FACE_BOUND('',#472,.F.);
#472 = EDGE_LOOP('',(#473));
#473 = ORIENTED_EDGE('',*,*,#474,.F.);
#474 = EDGE_CURVE('',#475,#475,#477,.T.);
#475 = VERTEX_POINT('',#476);
#476 = CARTESIAN_POINT('',(248.,0.,24.85));
#477 = CIRCLE('',#478,3.75);
#478 = AXIS2_PLACEMENT_3D('',#479,#480,#481);
#479 = CARTESIAN_POINT('',(248.,0.,21.1));
#480 = DIRECTION('',(0.,1.,0.));
#481 = DIRECTION('',(0.,-0.,1.));
#482 = FACE_BOUND('',#483,.F.);
#483 = EDGE_LOOP('',(#484));
#484 = ORIENTED_EDGE('',*,*,#485,.F.);
#485 = EDGE_CURVE('',#486,#486,#488,.T.);
#486 = VERTEX_POINT('',#487);
#487 = CARTESIAN_POINT('',(287.,0.,25.85));
#488 = CIRCLE('',#489,4.75);
#489 = AXIS2_PLACEMENT_3D('',#490,#491,#492);
#490 = CARTESIAN_POINT('',(287.,0.,21.1));
#491 = DIRECTION('',(0.,1.,0.));
#492 = DIRECTION('',(0.,-0.,1.));
#493 = FACE_BOUND('',#494,.F.);
#494 = EDGE_LOOP('',(#495));
#495 = ORIENTED_EDGE('',*,*,#496,.F.);
#496 = EDGE_CURVE('',#497,#497,#499,.T.);
#497 = VERTEX_POINT('',#498);
#498 = CARTESIAN_POINT('',(308.5,0.,14.1));
#499 = CIRCLE('',#500,3.);
#500 = AXIS2_PLACEMENT_3D('',#501,#502,#503);
#501 = CARTESIAN_POINT('',(308.5,0.,11.1));
#502 = DIRECTION('',(0.,1.,0.));
#503 = DIRECTION('',(0.,-0.,1.));
#504 = FACE_BOUND('',#505,.F.);
#505 = EDGE_LOOP('',(#506));
#506 = ORIENTED_EDGE('',*,*,#507,.F.);
#507 = EDGE_CURVE('',#508,#508,#510,.T.);
#508 = VERTEX_POINT('',#509);
#509 = CARTESIAN_POINT('',(318.,0.,12.7));
#510 = CIRCLE('',#511,1.6);
#511 = AXIS2_PLACEMENT_3D('',#512,#513,#514);
#512 = CARTESIAN_POINT('',(318.,0.,11.1));
#513 = DIRECTION('',(0.,1.,0.));
#514 = DIRECTION('',(0.,-0.,1.));
#515 = FACE_BOUND('',#516,.F.);
#516 = EDGE_LOOP('',(#517));
#517 = ORIENTED_EDGE('',*,*,#518,.F.);
#518 = EDGE_CURVE('',#519,#519,#521,.T.);
#519 = VERTEX_POINT('',#520);
#520 = CARTESIAN_POINT('',(327.5,0.,14.1));
#521 = CIRCLE('',#522,3.);
#522 = AXIS2_PLACEMENT_3D('',#523,#524,#525);
#523 = CARTESIAN_POINT('',(327.5,0.,11.1));
#524 = DIRECTION('',(0.,1.,0.));
#525 = DIRECTION('',(0.,-0.,1.));
#526 = FACE_BOUND('',#527,.F.);
#527 = EDGE_LOOP('',(#528));
#528 = ORIENTED_EDGE('',*,*,#529,.F.);
#529 = EDGE_CURVE('',#530,#530,#532,.T.);
#530 = VERTEX_POINT('',#531);
#531 = CARTESIAN_POINT('',(348.,0.,24.85));
#532 = CIRCLE('',#533,3.75);
#533 = AXIS2_PLACEMENT_3D('',#534,#535,#536);
#534 = CARTESIAN_POINT('',(348.,0.,21.1));
#535 = DIRECTION('',(0.,1.,0.));
#536 = DIRECTION('',(0.,-0.,1.));
#537 = FACE_BOUND('',#538,.F.);
#538 = EDGE_LOOP('',(#539));
#539 = ORIENTED_EDGE('',*,*,#540,.F.);
#540 = EDGE_CURVE('',#541,#541,#543,.T.);
#541 = VERTEX_POINT('',#542);
#542 = CARTESIAN_POINT('',(318.,0.,40.85));
#543 = CIRCLE('',#544,3.75);
#544 = AXIS2_PLACEMENT_3D('',#545,#546,#547);
#545 = CARTESIAN_POINT('',(318.,0.,37.1));
#546 = DIRECTION('',(0.,1.,0.));
#547 = DIRECTION('',(0.,-0.,1.));
#548 = FACE_BOUND('',#549,.F.);
#549 = EDGE_LOOP('',(#550));
#550 = ORIENTED_EDGE('',*,*,#551,.F.);
#551 = EDGE_CURVE('',#552,#552,#554,.T.);
#552 = VERTEX_POINT('',#553);
#553 = CARTESIAN_POINT('',(372.,0.,24.85));
#554 = CIRCLE('',#555,3.75);
#555 = AXIS2_PLACEMENT_3D('',#556,#557,#558);
#556 = CARTESIAN_POINT('',(372.,0.,21.1));
#557 = DIRECTION('',(0.,1.,0.));
#558 = DIRECTION('',(0.,-0.,1.));
#559 = FACE_BOUND('',#560,.F.);
#560 = EDGE_LOOP('',(#561));
#561 = ORIENTED_EDGE('',*,*,#562,.F.);
#562 = EDGE_CURVE('',#563,#563,#565,.T.);
#563 = VERTEX_POINT('',#564);
#564 = CARTESIAN_POINT('',(389.,0.,24.1));
#565 = CIRCLE('',#566,3.);
#566 = AXIS2_PLACEMENT_3D('',#567,#568,#569);
#567 = CARTESIAN_POINT('',(389.,0.,21.1));
#568 = DIRECTION('',(0.,1.,0.));
#569 = DIRECTION('',(0.,-0.,1.));
#570 = FACE_BOUND('',#571,.F.);
#571 = EDGE_LOOP('',(#572));
#572 = ORIENTED_EDGE('',*,*,#573,.F.);
#573 = EDGE_CURVE('',#574,#574,#576,.T.);
#574 = VERTEX_POINT('',#575);
#575 = CARTESIAN_POINT('',(402.,0.,24.1));
#576 = CIRCLE('',#577,3.);
#577 = AXIS2_PLACEMENT_3D('',#578,#579,#580);
#578 = CARTESIAN_POINT('',(402.,0.,21.1));
#579 = DIRECTION('',(0.,1.,0.));
#580 = DIRECTION('',(0.,-0.,1.));
#581 = FACE_BOUND('',#582,.F.);
#582 = EDGE_LOOP('',(#583));
#583 = ORIENTED_EDGE('',*,*,#584,.F.);
#584 = EDGE_CURVE('',#585,#585,#587,.T.);
#585 = VERTEX_POINT('',#586);
#586 = CARTESIAN_POINT('',(416.5,0.,25.85));
#587 = CIRCLE('',#588,4.75);
#588 = AXIS2_PLACEMENT_3D('',#589,#590,#591);
#589 = CARTESIAN_POINT('',(416.5,0.,21.1));
#590 = DIRECTION('',(0.,1.,0.));
#591 = DIRECTION('',(0.,-0.,1.));
#592 = FACE_BOUND('',#593,.F.);
#593 = EDGE_LOOP('',(#594));
#594 = ORIENTED_EDGE('',*,*,#595,.F.);
#595 = EDGE_CURVE('',#596,#596,#598,.T.);
#596 = VERTEX_POINT('',#597);
#597 = CARTESIAN_POINT('',(454.8,0.,7.55));
#598 = CIRCLE('',#599,2.65);
#599 = AXIS2_PLACEMENT_3D('',#600,#601,#602);
#600 = CARTESIAN_POINT('',(454.8,0.,4.9));
#601 = DIRECTION('',(0.,1.,0.));
#602 = DIRECTION('',(0.,-0.,1.));
#603 = FACE_BOUND('',#604,.F.);
#604 = EDGE_LOOP('',(#605,#616,#624,#633));
#605 = ORIENTED_EDGE('',*,*,#606,.F.);
#606 = EDGE_CURVE('',#607,#609,#611,.T.);
#607 = VERTEX_POINT('',#608);
#608 = CARTESIAN_POINT('',(472.05,0.,2.75));
#609 = VERTEX_POINT('',#610);
#610 = CARTESIAN_POINT('',(472.05,0.,9.15));
#611 = CIRCLE('',#612,3.2);
#612 = AXIS2_PLACEMENT_3D('',#613,#614,#615);
#613 = CARTESIAN_POINT('',(472.05,0.,5.95));
#614 = DIRECTION('',(0.,1.,0.));
#615 = DIRECTION('',(0.,-0.,1.));
#616 = ORIENTED_EDGE('',*,*,#617,.T.);
#617 = EDGE_CURVE('',#607,#618,#620,.T.);
#618 = VERTEX_POINT('',#619);
#619 = CARTESIAN_POINT('',(475.65,0.,2.75));
#620 = LINE('',#621,#622);
#621 = CARTESIAN_POINT('',(236.025,0.,2.75));
#622 = VECTOR('',#623,1.);
#623 = DIRECTION('',(1.,0.,-0.));
#624 = ORIENTED_EDGE('',*,*,#625,.F.);
#625 = EDGE_CURVE('',#626,#618,#628,.T.);
#626 = VERTEX_POINT('',#627);
#627 = CARTESIAN_POINT('',(475.65,0.,9.15));
#628 = CIRCLE('',#629,3.2);
#629 = AXIS2_PLACEMENT_3D('',#630,#631,#632);
#630 = CARTESIAN_POINT('',(475.65,0.,5.95));
#631 = DIRECTION('',(0.,1.,0.));
#632 = DIRECTION('',(0.,-0.,1.));
#633 = ORIENTED_EDGE('',*,*,#634,.F.);
#634 = EDGE_CURVE('',#609,#626,#635,.T.);
#635 = LINE('',#636,#637);
#636 = CARTESIAN_POINT('',(236.025,0.,9.15));
#637 = VECTOR('',#638,1.);
#638 = DIRECTION('',(1.,0.,-0.));
#639 = FACE_BOUND('',#640,.F.);
#640 = EDGE_LOOP('',(#641,#652,#660,#669,#677,#686,#694,#703));
#641 = ORIENTED_EDGE('',*,*,#642,.F.);
#642 = EDGE_CURVE('',#643,#645,#647,.T.);
#643 = VERTEX_POINT('',#644);
#644 = CARTESIAN_POINT('',(430.35,0.,56.65));
#645 = VERTEX_POINT('',#646);
#646 = CARTESIAN_POINT('',(431.35,0.,57.65));
#647 = CIRCLE('',#648,1.);
#648 = AXIS2_PLACEMENT_3D('',#649,#650,#651);
#649 = CARTESIAN_POINT('',(431.35,0.,56.65));
#650 = DIRECTION('',(-0.,1.,0.));
#651 = DIRECTION('',(-1.,-0.,0.));
#652 = ORIENTED_EDGE('',*,*,#653,.T.);
#653 = EDGE_CURVE('',#643,#654,#656,.T.);
#654 = VERTEX_POINT('',#655);
#655 = CARTESIAN_POINT('',(430.35,0.,31.45));
#656 = LINE('',#657,#658);
#657 = CARTESIAN_POINT('',(430.35,0.,15.225));
#658 = VECTOR('',#659,1.);
#659 = DIRECTION('',(-0.,0.,-1.));
#660 = ORIENTED_EDGE('',*,*,#661,.F.);
#661 = EDGE_CURVE('',#662,#654,#664,.T.);
#662 = VERTEX_POINT('',#663);
#663 = CARTESIAN_POINT('',(431.35,0.,30.45));
#664 = CIRCLE('',#665,1.);
#665 = AXIS2_PLACEMENT_3D('',#666,#667,#668);
#666 = CARTESIAN_POINT('',(431.35,0.,31.45));
#667 = DIRECTION('',(-0.,1.,0.));
#668 = DIRECTION('',(-1.,-0.,0.));
#669 = ORIENTED_EDGE('',*,*,#670,.T.);
#670 = EDGE_CURVE('',#662,#671,#673,.T.);
#671 = VERTEX_POINT('',#672);
#672 = CARTESIAN_POINT('',(441.65,0.,30.45));
#673 = LINE('',#674,#675);
#674 = CARTESIAN_POINT('',(215.175,0.,30.45));
#675 = VECTOR('',#676,1.);
#676 = DIRECTION('',(1.,0.,-0.));
#677 = ORIENTED_EDGE('',*,*,#678,.F.);
#678 = EDGE_CURVE('',#679,#671,#681,.T.);
#679 = VERTEX_POINT('',#680);
#680 = CARTESIAN_POINT('',(442.65,0.,31.45));
#681 = CIRCLE('',#682,1.);
#682 = AXIS2_PLACEMENT_3D('',#683,#684,#685);
#683 = CARTESIAN_POINT('',(441.65,0.,31.45));
#684 = DIRECTION('',(0.,1.,0.));
#685 = DIRECTION('',(1.,0.,-0.));
#686 = ORIENTED_EDGE('',*,*,#687,.F.);
#687 = EDGE_CURVE('',#688,#679,#690,.T.);
#688 = VERTEX_POINT('',#689);
#689 = CARTESIAN_POINT('',(442.65,0.,56.65));
#690 = LINE('',#691,#692);
#691 = CARTESIAN_POINT('',(442.65,0.,15.225));
#692 = VECTOR('',#693,1.);
#693 = DIRECTION('',(-0.,0.,-1.));
#694 = ORIENTED_EDGE('',*,*,#695,.F.);
#695 = EDGE_CURVE('',#696,#688,#698,.T.);
#696 = VERTEX_POINT('',#697);
#697 = CARTESIAN_POINT('',(441.65,0.,57.65));
#698 = CIRCLE('',#699,1.);
#699 = AXIS2_PLACEMENT_3D('',#700,#701,#702);
#700 = CARTESIAN_POINT('',(441.65,0.,56.65));
#701 = DIRECTION('',(0.,1.,0.));
#702 = DIRECTION('',(1.,0.,-0.));
#703 = ORIENTED_EDGE('',*,*,#704,.F.);
#704 = EDGE_CURVE('',#645,#696,#705,.T.);
#705 = LINE('',#706,#707);
#706 = CARTESIAN_POINT('',(215.175,0.,57.65));
#707 = VECTOR('',#708,1.);
#708 = DIRECTION('',(1.,0.,-0.));
#709 = FACE_BOUND('',#710,.F.);
#710 = EDGE_LOOP('',(#711));
#711 = ORIENTED_EDGE('',*,*,#712,.F.);
#712 = EDGE_CURVE('',#713,#713,#715,.T.);
#713 = VERTEX_POINT('',#714);
#714 = CARTESIAN_POINT('',(248.,0.,64.85));
#715 = CIRCLE('',#716,3.75);
#716 = AXIS2_PLACEMENT_3D('',#717,#718,#719);
#717 = CARTESIAN_POINT('',(248.,0.,61.1));
#718 = DIRECTION('',(0.,1.,0.));
#719 = DIRECTION('',(0.,-0.,1.));
#720 = FACE_BOUND('',#721,.F.);
#721 = EDGE_LOOP('',(#722));
#722 = ORIENTED_EDGE('',*,*,#723,.F.);
#723 = EDGE_CURVE('',#724,#724,#726,.T.);
#724 = VERTEX_POINT('',#725);
#725 = CARTESIAN_POINT('',(287.,0.,65.35));
#726 = CIRCLE('',#727,3.75);
#727 = AXIS2_PLACEMENT_3D('',#728,#729,#730);
#728 = CARTESIAN_POINT('',(287.,0.,61.6));
#729 = DIRECTION('',(0.,1.,0.));
#730 = DIRECTION('',(0.,-0.,1.));
#731 = FACE_BOUND('',#732,.F.);
#732 = EDGE_LOOP('',(#733));
#733 = ORIENTED_EDGE('',*,*,#734,.F.);
#734 = EDGE_CURVE('',#735,#735,#737,.T.);
#735 = VERTEX_POINT('',#736);
#736 = CARTESIAN_POINT('',(318.,0.,65.35));
#737 = CIRCLE('',#738,3.75);
#738 = AXIS2_PLACEMENT_3D('',#739,#740,#741);
#739 = CARTESIAN_POINT('',(318.,0.,61.6));
#740 = DIRECTION('',(0.,1.,0.));
#741 = DIRECTION('',(0.,-0.,1.));
#742 = FACE_BOUND('',#743,.F.);
#743 = EDGE_LOOP('',(#744));
#744 = ORIENTED_EDGE('',*,*,#745,.F.);
#745 = EDGE_CURVE('',#746,#746,#748,.T.);
#746 = VERTEX_POINT('',#747);
#747 = CARTESIAN_POINT('',(348.,0.,65.35));
#748 = CIRCLE('',#749,3.75);
#749 = AXIS2_PLACEMENT_3D('',#750,#751,#752);
#750 = CARTESIAN_POINT('',(348.,0.,61.6));
#751 = DIRECTION('',(0.,1.,0.));
#752 = DIRECTION('',(0.,-0.,1.));
#753 = FACE_BOUND('',#754,.F.);
#754 = EDGE_LOOP('',(#755));
#755 = ORIENTED_EDGE('',*,*,#756,.F.);
#756 = EDGE_CURVE('',#757,#757,#759,.T.);
#757 = VERTEX_POINT('',#758);
#758 = CARTESIAN_POINT('',(372.,0.,65.35));
#759 = CIRCLE('',#760,3.75);
#760 = AXIS2_PLACEMENT_3D('',#761,#762,#763);
#761 = CARTESIAN_POINT('',(372.,0.,61.6));
#762 = DIRECTION('',(0.,1.,0.));
#763 = DIRECTION('',(0.,-0.,1.));
#764 = FACE_BOUND('',#765,.F.);
#765 = EDGE_LOOP('',(#766));
#766 = ORIENTED_EDGE('',*,*,#767,.F.);
#767 = EDGE_CURVE('',#768,#768,#770,.T.);
#768 = VERTEX_POINT('',#769);
#769 = CARTESIAN_POINT('',(389.,0.,64.6));
#770 = CIRCLE('',#771,3.);
#771 = AXIS2_PLACEMENT_3D('',#772,#773,#774);
#772 = CARTESIAN_POINT('',(389.,0.,61.6));
#773 = DIRECTION('',(0.,1.,0.));
#774 = DIRECTION('',(0.,-0.,1.));
#775 = FACE_BOUND('',#776,.F.);
#776 = EDGE_LOOP('',(#777));
#777 = ORIENTED_EDGE('',*,*,#778,.F.);
#778 = EDGE_CURVE('',#779,#779,#781,.T.);
#779 = VERTEX_POINT('',#780);
#780 = CARTESIAN_POINT('',(402.,0.,64.6));
#781 = CIRCLE('',#782,3.);
#782 = AXIS2_PLACEMENT_3D('',#783,#784,#785);
#783 = CARTESIAN_POINT('',(402.,0.,61.6));
#784 = DIRECTION('',(0.,1.,0.));
#785 = DIRECTION('',(0.,-0.,1.));
#786 = FACE_BOUND('',#787,.F.);
#787 = EDGE_LOOP('',(#788));
#788 = ORIENTED_EDGE('',*,*,#789,.F.);
#789 = EDGE_CURVE('',#790,#790,#792,.T.);
#790 = VERTEX_POINT('',#791);
#791 = CARTESIAN_POINT('',(416.5,0.,66.35));
#792 = CIRCLE('',#793,4.75);
#793 = AXIS2_PLACEMENT_3D('',#794,#795,#796);
#794 = CARTESIAN_POINT('',(416.5,0.,61.6));
#795 = DIRECTION('',(0.,1.,0.));
#796 = DIRECTION('',(0.,-0.,1.));
#797 = FACE_BOUND('',#798,.F.);
#798 = EDGE_LOOP('',(#799));
#799 = ORIENTED_EDGE('',*,*,#800,.F.);
#800 = EDGE_CURVE('',#801,#801,#803,.T.);
#801 = VERTEX_POINT('',#802);
#802 = CARTESIAN_POINT('',(454.8,0.,85.85));
#803 = CIRCLE('',#804,2.65);
#804 = AXIS2_PLACEMENT_3D('',#805,#806,#807);
#805 = CARTESIAN_POINT('',(454.8,0.,83.2));
#806 = DIRECTION('',(0.,1.,0.));
#807 = DIRECTION('',(0.,-0.,1.));
#808 = FACE_BOUND('',#809,.F.);
#809 = EDGE_LOOP('',(#810,#821,#829,#838));
#810 = ORIENTED_EDGE('',*,*,#811,.F.);
#811 = EDGE_CURVE('',#812,#814,#816,.T.);
#812 = VERTEX_POINT('',#813);
#813 = CARTESIAN_POINT('',(472.05,0.,78.95));
#814 = VERTEX_POINT('',#815);
#815 = CARTESIAN_POINT('',(472.05,0.,85.35));
#816 = CIRCLE('',#817,3.2);
#817 = AXIS2_PLACEMENT_3D('',#818,#819,#820);
#818 = CARTESIAN_POINT('',(472.05,0.,82.15));
#819 = DIRECTION('',(0.,1.,0.));
#820 = DIRECTION('',(0.,-0.,1.));
#821 = ORIENTED_EDGE('',*,*,#822,.T.);
#822 = EDGE_CURVE('',#812,#823,#825,.T.);
#823 = VERTEX_POINT('',#824);
#824 = CARTESIAN_POINT('',(475.65,0.,78.95));
#825 = LINE('',#826,#827);
#826 = CARTESIAN_POINT('',(236.025,0.,78.95));
#827 = VECTOR('',#828,1.);
#828 = DIRECTION('',(1.,0.,-0.));
#829 = ORIENTED_EDGE('',*,*,#830,.F.);
#830 = EDGE_CURVE('',#831,#823,#833,.T.);
#831 = VERTEX_POINT('',#832);
#832 = CARTESIAN_POINT('',(475.65,0.,85.35));
#833 = CIRCLE('',#834,3.2);
#834 = AXIS2_PLACEMENT_3D('',#835,#836,#837);
#835 = CARTESIAN_POINT('',(475.65,0.,82.15));
#836 = DIRECTION('',(0.,1.,0.));
#837 = DIRECTION('',(0.,-0.,1.));
#838 = ORIENTED_EDGE('',*,*,#839,.F.);
#839 = EDGE_CURVE('',#814,#831,#840,.T.);
#840 = LINE('',#841,#842);
#841 = CARTESIAN_POINT('',(236.025,0.,85.35));
#842 = VECTOR('',#843,1.);
#843 = DIRECTION('',(1.,0.,-0.));
#844 = PLANE('',#845);
#845 = AXIS2_PLACEMENT_3D('',#846,#847,#848);
#846 = CARTESIAN_POINT('',(0.,0.,0.));
#847 = DIRECTION('',(-0.,1.,0.));
#848 = DIRECTION('',(0.,0.,1.));
#849 = ADVANCED_FACE('',(#850),#869,.T.);
#850 = FACE_BOUND('',#851,.F.);
#851 = EDGE_LOOP('',(#852,#853,#861,#868));
#852 = ORIENTED_EDGE('',*,*,#109,.T.);
#853 = ORIENTED_EDGE('',*,*,#854,.T.);
#854 = EDGE_CURVE('',#100,#855,#857,.T.);
#855 = VERTEX_POINT('',#856);
#856 = CARTESIAN_POINT('',(2.,2.,-4.440892098501E-16));
#857 = LINE('',#858,#859);
#858 = CARTESIAN_POINT('',(2.,0.,-4.440892098501E-16));
#859 = VECTOR('',#860,1.);
#860 = DIRECTION('',(-0.,1.,0.));
#861 = ORIENTED_EDGE('',*,*,#862,.F.);
#862 = EDGE_CURVE('',#70,#855,#863,.T.);
#863 = CIRCLE('',#864,2.);
#864 = AXIS2_PLACEMENT_3D('',#865,#866,#867);
#865 = CARTESIAN_POINT('',(2.,2.,2.));
#866 = DIRECTION('',(0.,-1.,0.));
#867 = DIRECTION('',(0.,0.,1.));
#868 = ORIENTED_EDGE('',*,*,#69,.F.);
#869 = CYLINDRICAL_SURFACE('',#870,2.);
#870 = AXIS2_PLACEMENT_3D('',#871,#872,#873);
#871 = CARTESIAN_POINT('',(2.,0.,2.));
#872 = DIRECTION('',(-0.,1.,0.));
#873 = DIRECTION('',(-1.,-0.,0.));
#874 = ADVANCED_FACE('',(#875),#894,.T.);
#875 = FACE_BOUND('',#876,.T.);
#876 = EDGE_LOOP('',(#877,#878,#886,#893));
#877 = ORIENTED_EDGE('',*,*,#117,.T.);
#878 = ORIENTED_EDGE('',*,*,#879,.T.);
#879 = EDGE_CURVE('',#118,#880,#882,.T.);
#880 = VERTEX_POINT('',#881);
#881 = CARTESIAN_POINT('',(2.,2.,88.1));
#882 = LINE('',#883,#884);
#883 = CARTESIAN_POINT('',(2.,0.,88.1));
#884 = VECTOR('',#885,1.);
#885 = DIRECTION('',(-0.,1.,0.));
#886 = ORIENTED_EDGE('',*,*,#887,.F.);
#887 = EDGE_CURVE('',#78,#880,#888,.T.);
#888 = CIRCLE('',#889,2.);
#889 = AXIS2_PLACEMENT_3D('',#890,#891,#892);
#890 = CARTESIAN_POINT('',(2.,2.,86.1));
#891 = DIRECTION('',(-0.,1.,0.));
#892 = DIRECTION('',(0.,0.,1.));
#893 = ORIENTED_EDGE('',*,*,#85,.F.);
#894 = CYLINDRICAL_SURFACE('',#895,2.);
#895 = AXIS2_PLACEMENT_3D('',#896,#897,#898);
#896 = CARTESIAN_POINT('',(2.,0.,86.1));
#897 = DIRECTION('',(-0.,1.,0.));
#898 = DIRECTION('',(-1.,-0.,0.));
#899 = ADVANCED_FACE('',(#900,#945,#981,#992,#1003,#1014,#1025,#1036,
    #1047,#1058,#1069,#1080,#1091,#1102,#1113,#1124,#1135,#1146,#1157,
    #1168,#1179,#1215,#1226,#1237,#1248,#1259,#1270,#1281,#1292,#1303,
    #1314,#1325,#1336,#1347,#1358,#1369,#1380,#1391,#1427,#1497,#1508,
    #1519,#1530,#1541,#1552,#1563,#1574,#1585,#1596),#1632,.T.);
#900 = FACE_BOUND('',#901,.T.);
#901 = EDGE_LOOP('',(#902,#910,#911,#912,#913,#921,#930,#938));
#902 = ORIENTED_EDGE('',*,*,#903,.F.);
#903 = EDGE_CURVE('',#855,#904,#906,.T.);
#904 = VERTEX_POINT('',#905);
#905 = CARTESIAN_POINT('',(480.6,2.,-4.440892098501E-16));
#906 = LINE('',#907,#908);
#907 = CARTESIAN_POINT('',(0.,2.,0.));
#908 = VECTOR('',#909,1.);
#909 = DIRECTION('',(1.,0.,-0.));
#910 = ORIENTED_EDGE('',*,*,#862,.F.);
#911 = ORIENTED_EDGE('',*,*,#77,.T.);
#912 = ORIENTED_EDGE('',*,*,#887,.T.);
#913 = ORIENTED_EDGE('',*,*,#914,.T.);
#914 = EDGE_CURVE('',#880,#915,#917,.T.);
#915 = VERTEX_POINT('',#916);
#916 = CARTESIAN_POINT('',(480.6,2.,88.1));
#917 = LINE('',#918,#919);
#918 = CARTESIAN_POINT('',(0.,2.,88.1));
#919 = VECTOR('',#920,1.);
#920 = DIRECTION('',(1.,0.,-0.));
#921 = ORIENTED_EDGE('',*,*,#922,.F.);
#922 = EDGE_CURVE('',#923,#915,#925,.T.);
#923 = VERTEX_POINT('',#924);
#924 = CARTESIAN_POINT('',(482.6,2.,86.1));
#925 = CIRCLE('',#926,2.);
#926 = AXIS2_PLACEMENT_3D('',#927,#928,#929);
#927 = CARTESIAN_POINT('',(480.6,2.,86.1));
#928 = DIRECTION('',(0.,-1.,0.));
#929 = DIRECTION('',(0.,0.,1.));
#930 = ORIENTED_EDGE('',*,*,#931,.F.);
#931 = EDGE_CURVE('',#932,#923,#934,.T.);
#932 = VERTEX_POINT('',#933);
#933 = CARTESIAN_POINT('',(482.6,2.,2.));
#934 = LINE('',#935,#936);
#935 = CARTESIAN_POINT('',(482.6,2.,0.));
#936 = VECTOR('',#937,1.);
#937 = DIRECTION('',(0.,0.,1.));
#938 = ORIENTED_EDGE('',*,*,#939,.T.);
#939 = EDGE_CURVE('',#932,#904,#940,.T.);
#940 = CIRCLE('',#941,2.);
#941 = AXIS2_PLACEMENT_3D('',#942,#943,#944);
#942 = CARTESIAN_POINT('',(480.6,2.,2.));
#943 = DIRECTION('',(-0.,1.,0.));
#944 = DIRECTION('',(0.,0.,1.));
#945 = FACE_BOUND('',#946,.T.);
#946 = EDGE_LOOP('',(#947,#958,#966,#975));
#947 = ORIENTED_EDGE('',*,*,#948,.F.);
#948 = EDGE_CURVE('',#949,#951,#953,.T.);
#949 = VERTEX_POINT('',#950);
#950 = CARTESIAN_POINT('',(6.95,2.,2.75));
#951 = VERTEX_POINT('',#952);
#952 = CARTESIAN_POINT('',(6.95,2.,9.15));
#953 = CIRCLE('',#954,3.2);
#954 = AXIS2_PLACEMENT_3D('',#955,#956,#957);
#955 = CARTESIAN_POINT('',(6.95,2.,5.95));
#956 = DIRECTION('',(0.,1.,0.));
#957 = DIRECTION('',(0.,-0.,1.));
#958 = ORIENTED_EDGE('',*,*,#959,.T.);
#959 = EDGE_CURVE('',#949,#960,#962,.T.);
#960 = VERTEX_POINT('',#961);
#961 = CARTESIAN_POINT('',(10.55,2.,2.75));
#962 = LINE('',#963,#964);
#963 = CARTESIAN_POINT('',(3.475,2.,2.75));
#964 = VECTOR('',#965,1.);
#965 = DIRECTION('',(1.,0.,-0.));
#966 = ORIENTED_EDGE('',*,*,#967,.F.);
#967 = EDGE_CURVE('',#968,#960,#970,.T.);
#968 = VERTEX_POINT('',#969);
#969 = CARTESIAN_POINT('',(10.55,2.,9.15));
#970 = CIRCLE('',#971,3.2);
#971 = AXIS2_PLACEMENT_3D('',#972,#973,#974);
#972 = CARTESIAN_POINT('',(10.55,2.,5.95));
#973 = DIRECTION('',(0.,1.,0.));
#974 = DIRECTION('',(0.,-0.,1.));
#975 = ORIENTED_EDGE('',*,*,#976,.F.);
#976 = EDGE_CURVE('',#951,#968,#977,.T.);
#977 = LINE('',#978,#979);
#978 = CARTESIAN_POINT('',(3.475,2.,9.15));
#979 = VECTOR('',#980,1.);
#980 = DIRECTION('',(1.,0.,-0.));
#981 = FACE_BOUND('',#982,.T.);
#982 = EDGE_LOOP('',(#983));
#983 = ORIENTED_EDGE('',*,*,#984,.F.);
#984 = EDGE_CURVE('',#985,#985,#987,.T.);
#985 = VERTEX_POINT('',#986);
#986 = CARTESIAN_POINT('',(27.8,2.,7.55));
#987 = CIRCLE('',#988,2.65);
#988 = AXIS2_PLACEMENT_3D('',#989,#990,#991);
#989 = CARTESIAN_POINT('',(27.8,2.,4.9));
#990 = DIRECTION('',(0.,1.,0.));
#991 = DIRECTION('',(0.,-0.,1.));
#992 = FACE_BOUND('',#993,.T.);
#993 = EDGE_LOOP('',(#994));
#994 = ORIENTED_EDGE('',*,*,#995,.F.);
#995 = EDGE_CURVE('',#996,#996,#998,.T.);
#996 = VERTEX_POINT('',#997);
#997 = CARTESIAN_POINT('',(52.,2.,25.85));
#998 = CIRCLE('',#999,4.75);
#999 = AXIS2_PLACEMENT_3D('',#1000,#1001,#1002);
#1000 = CARTESIAN_POINT('',(52.,2.,21.1));
#1001 = DIRECTION('',(0.,1.,0.));
#1002 = DIRECTION('',(0.,-0.,1.));
#1003 = FACE_BOUND('',#1004,.T.);
#1004 = EDGE_LOOP('',(#1005));
#1005 = ORIENTED_EDGE('',*,*,#1006,.F.);
#1006 = EDGE_CURVE('',#1007,#1007,#1009,.T.);
#1007 = VERTEX_POINT('',#1008);
#1008 = CARTESIAN_POINT('',(80.,2.,24.85));
#1009 = CIRCLE('',#1010,3.75);
#1010 = AXIS2_PLACEMENT_3D('',#1011,#1012,#1013);
#1011 = CARTESIAN_POINT('',(80.,2.,21.1));
#1012 = DIRECTION('',(0.,1.,0.));
#1013 = DIRECTION('',(0.,-0.,1.));
#1014 = FACE_BOUND('',#1015,.T.);
#1015 = EDGE_LOOP('',(#1016));
#1016 = ORIENTED_EDGE('',*,*,#1017,.F.);
#1017 = EDGE_CURVE('',#1018,#1018,#1020,.T.);
#1018 = VERTEX_POINT('',#1019);
#1019 = CARTESIAN_POINT('',(101.,2.,24.1));
#1020 = CIRCLE('',#1021,3.);
#1021 = AXIS2_PLACEMENT_3D('',#1022,#1023,#1024);
#1022 = CARTESIAN_POINT('',(101.,2.,21.1));
#1023 = DIRECTION('',(0.,1.,0.));
#1024 = DIRECTION('',(0.,-0.,1.));
#1025 = FACE_BOUND('',#1026,.T.);
#1026 = EDGE_LOOP('',(#1027));
#1027 = ORIENTED_EDGE('',*,*,#1028,.F.);
#1028 = EDGE_CURVE('',#1029,#1029,#1031,.T.);
#1029 = VERTEX_POINT('',#1030);
#1030 = CARTESIAN_POINT('',(113.,2.,24.1));
#1031 = CIRCLE('',#1032,3.);
#1032 = AXIS2_PLACEMENT_3D('',#1033,#1034,#1035);
#1033 = CARTESIAN_POINT('',(113.,2.,21.1));
#1034 = DIRECTION('',(0.,1.,0.));
#1035 = DIRECTION('',(0.,-0.,1.));
#1036 = FACE_BOUND('',#1037,.T.);
#1037 = EDGE_LOOP('',(#1038));
#1038 = ORIENTED_EDGE('',*,*,#1039,.F.);
#1039 = EDGE_CURVE('',#1040,#1040,#1042,.T.);
#1040 = VERTEX_POINT('',#1041);
#1041 = CARTESIAN_POINT('',(134.,2.,25.85));
#1042 = CIRCLE('',#1043,4.75);
#1043 = AXIS2_PLACEMENT_3D('',#1044,#1045,#1046);
#1044 = CARTESIAN_POINT('',(134.,2.,21.1));
#1045 = DIRECTION('',(0.,1.,0.));
#1046 = DIRECTION('',(0.,-0.,1.));
#1047 = FACE_BOUND('',#1048,.T.);
#1048 = EDGE_LOOP('',(#1049));
#1049 = ORIENTED_EDGE('',*,*,#1050,.F.);
#1050 = EDGE_CURVE('',#1051,#1051,#1053,.T.);
#1051 = VERTEX_POINT('',#1052);
#1052 = CARTESIAN_POINT('',(158.5,2.,25.85));
#1053 = CIRCLE('',#1054,4.75);
#1054 = AXIS2_PLACEMENT_3D('',#1055,#1056,#1057);
#1055 = CARTESIAN_POINT('',(158.5,2.,21.1));
#1056 = DIRECTION('',(0.,1.,0.));
#1057 = DIRECTION('',(0.,-0.,1.));
#1058 = FACE_BOUND('',#1059,.T.);
#1059 = EDGE_LOOP('',(#1060));
#1060 = ORIENTED_EDGE('',*,*,#1061,.F.);
#1061 = EDGE_CURVE('',#1062,#1062,#1064,.T.);
#1062 = VERTEX_POINT('',#1063);
#1063 = CARTESIAN_POINT('',(199.,2.,24.85));
#1064 = CIRCLE('',#1065,3.75);
#1065 = AXIS2_PLACEMENT_3D('',#1066,#1067,#1068);
#1066 = CARTESIAN_POINT('',(199.,2.,21.1));
#1067 = DIRECTION('',(0.,1.,0.));
#1068 = DIRECTION('',(0.,-0.,1.));
#1069 = FACE_BOUND('',#1070,.T.);
#1070 = EDGE_LOOP('',(#1071));
#1071 = ORIENTED_EDGE('',*,*,#1072,.F.);
#1072 = EDGE_CURVE('',#1073,#1073,#1075,.T.);
#1073 = VERTEX_POINT('',#1074);
#1074 = CARTESIAN_POINT('',(214.,2.,33.7));
#1075 = CIRCLE('',#1076,1.6);
#1076 = AXIS2_PLACEMENT_3D('',#1077,#1078,#1079);
#1077 = CARTESIAN_POINT('',(214.,2.,32.1));
#1078 = DIRECTION('',(0.,1.,0.));
#1079 = DIRECTION('',(0.,-0.,1.));
#1080 = FACE_BOUND('',#1081,.T.);
#1081 = EDGE_LOOP('',(#1082));
#1082 = ORIENTED_EDGE('',*,*,#1083,.F.);
#1083 = EDGE_CURVE('',#1084,#1084,#1086,.T.);
#1084 = VERTEX_POINT('',#1085);
#1085 = CARTESIAN_POINT('',(219.,2.,33.7));
#1086 = CIRCLE('',#1087,1.6);
#1087 = AXIS2_PLACEMENT_3D('',#1088,#1089,#1090);
#1088 = CARTESIAN_POINT('',(219.,2.,32.1));
#1089 = DIRECTION('',(0.,1.,0.));
#1090 = DIRECTION('',(0.,-0.,1.));
#1091 = FACE_BOUND('',#1092,.T.);
#1092 = EDGE_LOOP('',(#1093));
#1093 = ORIENTED_EDGE('',*,*,#1094,.F.);
#1094 = EDGE_CURVE('',#1095,#1095,#1097,.T.);
#1095 = VERTEX_POINT('',#1096);
#1096 = CARTESIAN_POINT('',(227.5,2.,33.7));
#1097 = CIRCLE('',#1098,1.6);
#1098 = AXIS2_PLACEMENT_3D('',#1099,#1100,#1101);
#1099 = CARTESIAN_POINT('',(227.5,2.,32.1));
#1100 = DIRECTION('',(0.,1.,0.));
#1101 = DIRECTION('',(0.,-0.,1.));
#1102 = FACE_BOUND('',#1103,.T.);
#1103 = EDGE_LOOP('',(#1104));
#1104 = ORIENTED_EDGE('',*,*,#1105,.F.);
#1105 = EDGE_CURVE('',#1106,#1106,#1108,.T.);
#1106 = VERTEX_POINT('',#1107);
#1107 = CARTESIAN_POINT('',(232.5,2.,33.7));
#1108 = CIRCLE('',#1109,1.6);
#1109 = AXIS2_PLACEMENT_3D('',#1110,#1111,#1112);
#1110 = CARTESIAN_POINT('',(232.5,2.,32.1));
#1111 = DIRECTION('',(0.,1.,0.));
#1112 = DIRECTION('',(0.,-0.,1.));
#1113 = FACE_BOUND('',#1114,.T.);
#1114 = EDGE_LOOP('',(#1115));
#1115 = ORIENTED_EDGE('',*,*,#1116,.F.);
#1116 = EDGE_CURVE('',#1117,#1117,#1119,.T.);
#1117 = VERTEX_POINT('',#1118);
#1118 = CARTESIAN_POINT('',(62.,2.,51.7));
#1119 = CIRCLE('',#1120,1.6);
#1120 = AXIS2_PLACEMENT_3D('',#1121,#1122,#1123);
#1121 = CARTESIAN_POINT('',(62.,2.,50.1));
#1122 = DIRECTION('',(0.,1.,0.));
#1123 = DIRECTION('',(0.,-0.,1.));
#1124 = FACE_BOUND('',#1125,.T.);
#1125 = EDGE_LOOP('',(#1126));
#1126 = ORIENTED_EDGE('',*,*,#1127,.F.);
#1127 = EDGE_CURVE('',#1128,#1128,#1130,.T.);
#1128 = VERTEX_POINT('',#1129);
#1129 = CARTESIAN_POINT('',(52.,2.,73.6));
#1130 = CIRCLE('',#1131,12.);
#1131 = AXIS2_PLACEMENT_3D('',#1132,#1133,#1134);
#1132 = CARTESIAN_POINT('',(52.,2.,61.6));
#1133 = DIRECTION('',(0.,1.,0.));
#1134 = DIRECTION('',(0.,-0.,1.));
#1135 = FACE_BOUND('',#1136,.T.);
#1136 = EDGE_LOOP('',(#1137));
#1137 = ORIENTED_EDGE('',*,*,#1138,.F.);
#1138 = EDGE_CURVE('',#1139,#1139,#1141,.T.);
#1139 = VERTEX_POINT('',#1140);
#1140 = CARTESIAN_POINT('',(80.,2.,65.35));
#1141 = CIRCLE('',#1142,3.75);
#1142 = AXIS2_PLACEMENT_3D('',#1143,#1144,#1145);
#1143 = CARTESIAN_POINT('',(80.,2.,61.6));
#1144 = DIRECTION('',(0.,1.,0.));
#1145 = DIRECTION('',(0.,-0.,1.));
#1146 = FACE_BOUND('',#1147,.T.);
#1147 = EDGE_LOOP('',(#1148));
#1148 = ORIENTED_EDGE('',*,*,#1149,.F.);
#1149 = EDGE_CURVE('',#1150,#1150,#1152,.T.);
#1150 = VERTEX_POINT('',#1151);
#1151 = CARTESIAN_POINT('',(101.,2.,64.6));
#1152 = CIRCLE('',#1153,3.);
#1153 = AXIS2_PLACEMENT_3D('',#1154,#1155,#1156);
#1154 = CARTESIAN_POINT('',(101.,2.,61.6));
#1155 = DIRECTION('',(0.,1.,0.));
#1156 = DIRECTION('',(0.,-0.,1.));
#1157 = FACE_BOUND('',#1158,.T.);
#1158 = EDGE_LOOP('',(#1159));
#1159 = ORIENTED_EDGE('',*,*,#1160,.F.);
#1160 = EDGE_CURVE('',#1161,#1161,#1163,.T.);
#1161 = VERTEX_POINT('',#1162);
#1162 = CARTESIAN_POINT('',(120.5,2.,65.35));
#1163 = CIRCLE('',#1164,3.75);
#1164 = AXIS2_PLACEMENT_3D('',#1165,#1166,#1167);
#1165 = CARTESIAN_POINT('',(120.5,2.,61.6));
#1166 = DIRECTION('',(0.,1.,0.));
#1167 = DIRECTION('',(0.,-0.,1.));
#1168 = FACE_BOUND('',#1169,.T.);
#1169 = EDGE_LOOP('',(#1170));
#1170 = ORIENTED_EDGE('',*,*,#1171,.F.);
#1171 = EDGE_CURVE('',#1172,#1172,#1174,.T.);
#1172 = VERTEX_POINT('',#1173);
#1173 = CARTESIAN_POINT('',(42.,2.,74.7));
#1174 = CIRCLE('',#1175,1.6);
#1175 = AXIS2_PLACEMENT_3D('',#1176,#1177,#1178);
#1176 = CARTESIAN_POINT('',(42.,2.,73.1));
#1177 = DIRECTION('',(0.,1.,0.));
#1178 = DIRECTION('',(0.,-0.,1.));
#1179 = FACE_BOUND('',#1180,.T.);
#1180 = EDGE_LOOP('',(#1181,#1192,#1200,#1209));
#1181 = ORIENTED_EDGE('',*,*,#1182,.F.);
#1182 = EDGE_CURVE('',#1183,#1185,#1187,.T.);
#1183 = VERTEX_POINT('',#1184);
#1184 = CARTESIAN_POINT('',(6.95,2.,78.95));
#1185 = VERTEX_POINT('',#1186);
#1186 = CARTESIAN_POINT('',(6.95,2.,85.35));
#1187 = CIRCLE('',#1188,3.2);
#1188 = AXIS2_PLACEMENT_3D('',#1189,#1190,#1191);
#1189 = CARTESIAN_POINT('',(6.95,2.,82.15));
#1190 = DIRECTION('',(0.,1.,0.));
#1191 = DIRECTION('',(0.,-0.,1.));
#1192 = ORIENTED_EDGE('',*,*,#1193,.T.);
#1193 = EDGE_CURVE('',#1183,#1194,#1196,.T.);
#1194 = VERTEX_POINT('',#1195);
#1195 = CARTESIAN_POINT('',(10.55,2.,78.95));
#1196 = LINE('',#1197,#1198);
#1197 = CARTESIAN_POINT('',(3.475,2.,78.95));
#1198 = VECTOR('',#1199,1.);
#1199 = DIRECTION('',(1.,0.,-0.));
#1200 = ORIENTED_EDGE('',*,*,#1201,.F.);
#1201 = EDGE_CURVE('',#1202,#1194,#1204,.T.);
#1202 = VERTEX_POINT('',#1203);
#1203 = CARTESIAN_POINT('',(10.55,2.,85.35));
#1204 = CIRCLE('',#1205,3.2);
#1205 = AXIS2_PLACEMENT_3D('',#1206,#1207,#1208);
#1206 = CARTESIAN_POINT('',(10.55,2.,82.15));
#1207 = DIRECTION('',(0.,1.,0.));
#1208 = DIRECTION('',(0.,-0.,1.));
#1209 = ORIENTED_EDGE('',*,*,#1210,.F.);
#1210 = EDGE_CURVE('',#1185,#1202,#1211,.T.);
#1211 = LINE('',#1212,#1213);
#1212 = CARTESIAN_POINT('',(3.475,2.,85.35));
#1213 = VECTOR('',#1214,1.);
#1214 = DIRECTION('',(1.,0.,-0.));
#1215 = FACE_BOUND('',#1216,.T.);
#1216 = EDGE_LOOP('',(#1217));
#1217 = ORIENTED_EDGE('',*,*,#1218,.F.);
#1218 = EDGE_CURVE('',#1219,#1219,#1221,.T.);
#1219 = VERTEX_POINT('',#1220);
#1220 = CARTESIAN_POINT('',(27.8,2.,85.85));
#1221 = CIRCLE('',#1222,2.65);
#1222 = AXIS2_PLACEMENT_3D('',#1223,#1224,#1225);
#1223 = CARTESIAN_POINT('',(27.8,2.,83.2));
#1224 = DIRECTION('',(0.,1.,0.));
#1225 = DIRECTION('',(0.,-0.,1.));
#1226 = FACE_BOUND('',#1227,.T.);
#1227 = EDGE_LOOP('',(#1228));
#1228 = ORIENTED_EDGE('',*,*,#1229,.F.);
#1229 = EDGE_CURVE('',#1230,#1230,#1232,.T.);
#1230 = VERTEX_POINT('',#1231);
#1231 = CARTESIAN_POINT('',(139.5,2.,64.6));
#1232 = CIRCLE('',#1233,3.);
#1233 = AXIS2_PLACEMENT_3D('',#1234,#1235,#1236);
#1234 = CARTESIAN_POINT('',(139.5,2.,61.6));
#1235 = DIRECTION('',(0.,1.,0.));
#1236 = DIRECTION('',(0.,-0.,1.));
#1237 = FACE_BOUND('',#1238,.T.);
#1238 = EDGE_LOOP('',(#1239));
#1239 = ORIENTED_EDGE('',*,*,#1240,.F.);
#1240 = EDGE_CURVE('',#1241,#1241,#1243,.T.);
#1241 = VERTEX_POINT('',#1242);
#1242 = CARTESIAN_POINT('',(158.5,2.,65.35));
#1243 = CIRCLE('',#1244,3.75);
#1244 = AXIS2_PLACEMENT_3D('',#1245,#1246,#1247);
#1245 = CARTESIAN_POINT('',(158.5,2.,61.6));
#1246 = DIRECTION('',(0.,1.,0.));
#1247 = DIRECTION('',(0.,-0.,1.));
#1248 = FACE_BOUND('',#1249,.T.);
#1249 = EDGE_LOOP('',(#1250));
#1250 = ORIENTED_EDGE('',*,*,#1251,.F.);
#1251 = EDGE_CURVE('',#1252,#1252,#1254,.T.);
#1252 = VERTEX_POINT('',#1253);
#1253 = CARTESIAN_POINT('',(199.,2.,64.85));
#1254 = CIRCLE('',#1255,3.75);
#1255 = AXIS2_PLACEMENT_3D('',#1256,#1257,#1258);
#1256 = CARTESIAN_POINT('',(199.,2.,61.1));
#1257 = DIRECTION('',(0.,1.,0.));
#1258 = DIRECTION('',(0.,-0.,1.));
#1259 = FACE_BOUND('',#1260,.T.);
#1260 = EDGE_LOOP('',(#1261));
#1261 = ORIENTED_EDGE('',*,*,#1262,.F.);
#1262 = EDGE_CURVE('',#1263,#1263,#1265,.T.);
#1263 = VERTEX_POINT('',#1264);
#1264 = CARTESIAN_POINT('',(248.,2.,24.85));
#1265 = CIRCLE('',#1266,3.75);
#1266 = AXIS2_PLACEMENT_3D('',#1267,#1268,#1269);
#1267 = CARTESIAN_POINT('',(248.,2.,21.1));
#1268 = DIRECTION('',(0.,1.,0.));
#1269 = DIRECTION('',(0.,-0.,1.));
#1270 = FACE_BOUND('',#1271,.T.);
#1271 = EDGE_LOOP('',(#1272));
#1272 = ORIENTED_EDGE('',*,*,#1273,.F.);
#1273 = EDGE_CURVE('',#1274,#1274,#1276,.T.);
#1274 = VERTEX_POINT('',#1275);
#1275 = CARTESIAN_POINT('',(287.,2.,25.85));
#1276 = CIRCLE('',#1277,4.75);
#1277 = AXIS2_PLACEMENT_3D('',#1278,#1279,#1280);
#1278 = CARTESIAN_POINT('',(287.,2.,21.1));
#1279 = DIRECTION('',(0.,1.,0.));
#1280 = DIRECTION('',(0.,-0.,1.));
#1281 = FACE_BOUND('',#1282,.T.);
#1282 = EDGE_LOOP('',(#1283));
#1283 = ORIENTED_EDGE('',*,*,#1284,.F.);
#1284 = EDGE_CURVE('',#1285,#1285,#1287,.T.);
#1285 = VERTEX_POINT('',#1286);
#1286 = CARTESIAN_POINT('',(308.5,2.,14.1));
#1287 = CIRCLE('',#1288,3.);
#1288 = AXIS2_PLACEMENT_3D('',#1289,#1290,#1291);
#1289 = CARTESIAN_POINT('',(308.5,2.,11.1));
#1290 = DIRECTION('',(0.,1.,0.));
#1291 = DIRECTION('',(0.,-0.,1.));
#1292 = FACE_BOUND('',#1293,.T.);
#1293 = EDGE_LOOP('',(#1294));
#1294 = ORIENTED_EDGE('',*,*,#1295,.F.);
#1295 = EDGE_CURVE('',#1296,#1296,#1298,.T.);
#1296 = VERTEX_POINT('',#1297);
#1297 = CARTESIAN_POINT('',(318.,2.,12.7));
#1298 = CIRCLE('',#1299,1.6);
#1299 = AXIS2_PLACEMENT_3D('',#1300,#1301,#1302);
#1300 = CARTESIAN_POINT('',(318.,2.,11.1));
#1301 = DIRECTION('',(0.,1.,0.));
#1302 = DIRECTION('',(0.,-0.,1.));
#1303 = FACE_BOUND('',#1304,.T.);
#1304 = EDGE_LOOP('',(#1305));
#1305 = ORIENTED_EDGE('',*,*,#1306,.F.);
#1306 = EDGE_CURVE('',#1307,#1307,#1309,.T.);
#1307 = VERTEX_POINT('',#1308);
#1308 = CARTESIAN_POINT('',(327.5,2.,14.1));
#1309 = CIRCLE('',#1310,3.);
#1310 = AXIS2_PLACEMENT_3D('',#1311,#1312,#1313);
#1311 = CARTESIAN_POINT('',(327.5,2.,11.1));
#1312 = DIRECTION('',(0.,1.,0.));
#1313 = DIRECTION('',(0.,-0.,1.));
#1314 = FACE_BOUND('',#1315,.T.);
#1315 = EDGE_LOOP('',(#1316));
#1316 = ORIENTED_EDGE('',*,*,#1317,.F.);
#1317 = EDGE_CURVE('',#1318,#1318,#1320,.T.);
#1318 = VERTEX_POINT('',#1319);
#1319 = CARTESIAN_POINT('',(348.,2.,24.85));
#1320 = CIRCLE('',#1321,3.75);
#1321 = AXIS2_PLACEMENT_3D('',#1322,#1323,#1324);
#1322 = CARTESIAN_POINT('',(348.,2.,21.1));
#1323 = DIRECTION('',(0.,1.,0.));
#1324 = DIRECTION('',(0.,-0.,1.));
#1325 = FACE_BOUND('',#1326,.T.);
#1326 = EDGE_LOOP('',(#1327));
#1327 = ORIENTED_EDGE('',*,*,#1328,.F.);
#1328 = EDGE_CURVE('',#1329,#1329,#1331,.T.);
#1329 = VERTEX_POINT('',#1330);
#1330 = CARTESIAN_POINT('',(318.,2.,40.85));
#1331 = CIRCLE('',#1332,3.75);
#1332 = AXIS2_PLACEMENT_3D('',#1333,#1334,#1335);
#1333 = CARTESIAN_POINT('',(318.,2.,37.1));
#1334 = DIRECTION('',(0.,1.,0.));
#1335 = DIRECTION('',(0.,-0.,1.));
#1336 = FACE_BOUND('',#1337,.T.);
#1337 = EDGE_LOOP('',(#1338));
#1338 = ORIENTED_EDGE('',*,*,#1339,.F.);
#1339 = EDGE_CURVE('',#1340,#1340,#1342,.T.);
#1340 = VERTEX_POINT('',#1341);
#1341 = CARTESIAN_POINT('',(372.,2.,24.85));
#1342 = CIRCLE('',#1343,3.75);
#1343 = AXIS2_PLACEMENT_3D('',#1344,#1345,#1346);
#1344 = CARTESIAN_POINT('',(372.,2.,21.1));
#1345 = DIRECTION('',(0.,1.,0.));
#1346 = DIRECTION('',(0.,-0.,1.));
#1347 = FACE_BOUND('',#1348,.T.);
#1348 = EDGE_LOOP('',(#1349));
#1349 = ORIENTED_EDGE('',*,*,#1350,.F.);
#1350 = EDGE_CURVE('',#1351,#1351,#1353,.T.);
#1351 = VERTEX_POINT('',#1352);
#1352 = CARTESIAN_POINT('',(389.,2.,24.1));
#1353 = CIRCLE('',#1354,3.);
#1354 = AXIS2_PLACEMENT_3D('',#1355,#1356,#1357);
#1355 = CARTESIAN_POINT('',(389.,2.,21.1));
#1356 = DIRECTION('',(0.,1.,0.));
#1357 = DIRECTION('',(0.,-0.,1.));
#1358 = FACE_BOUND('',#1359,.T.);
#1359 = EDGE_LOOP('',(#1360));
#1360 = ORIENTED_EDGE('',*,*,#1361,.F.);
#1361 = EDGE_CURVE('',#1362,#1362,#1364,.T.);
#1362 = VERTEX_POINT('',#1363);
#1363 = CARTESIAN_POINT('',(402.,2.,24.1));
#1364 = CIRCLE('',#1365,3.);
#1365 = AXIS2_PLACEMENT_3D('',#1366,#1367,#1368);
#1366 = CARTESIAN_POINT('',(402.,2.,21.1));
#1367 = DIRECTION('',(0.,1.,0.));
#1368 = DIRECTION('',(0.,-0.,1.));
#1369 = FACE_BOUND('',#1370,.T.);
#1370 = EDGE_LOOP('',(#1371));
#1371 = ORIENTED_EDGE('',*,*,#1372,.F.);
#1372 = EDGE_CURVE('',#1373,#1373,#1375,.T.);
#1373 = VERTEX_POINT('',#1374);
#1374 = CARTESIAN_POINT('',(416.5,2.,25.85));
#1375 = CIRCLE('',#1376,4.75);
#1376 = AXIS2_PLACEMENT_3D('',#1377,#1378,#1379);
#1377 = CARTESIAN_POINT('',(416.5,2.,21.1));
#1378 = DIRECTION('',(0.,1.,0.));
#1379 = DIRECTION('',(0.,-0.,1.));
#1380 = FACE_BOUND('',#1381,.T.);
#1381 = EDGE_LOOP('',(#1382));
#1382 = ORIENTED_EDGE('',*,*,#1383,.F.);
#1383 = EDGE_CURVE('',#1384,#1384,#1386,.T.);
#1384 = VERTEX_POINT('',#1385);
#1385 = CARTESIAN_POINT('',(454.8,2.,7.55));
#1386 = CIRCLE('',#1387,2.65);
#1387 = AXIS2_PLACEMENT_3D('',#1388,#1389,#1390);
#1388 = CARTESIAN_POINT('',(454.8,2.,4.9));
#1389 = DIRECTION('',(0.,1.,0.));
#1390 = DIRECTION('',(0.,-0.,1.));
#1391 = FACE_BOUND('',#1392,.T.);
#1392 = EDGE_LOOP('',(#1393,#1404,#1412,#1421));
#1393 = ORIENTED_EDGE('',*,*,#1394,.F.);
#1394 = EDGE_CURVE('',#1395,#1397,#1399,.T.);
#1395 = VERTEX_POINT('',#1396);
#1396 = CARTESIAN_POINT('',(472.05,2.,2.75));
#1397 = VERTEX_POINT('',#1398);
#1398 = CARTESIAN_POINT('',(472.05,2.,9.15));
#1399 = CIRCLE('',#1400,3.2);
#1400 = AXIS2_PLACEMENT_3D('',#1401,#1402,#1403);
#1401 = CARTESIAN_POINT('',(472.05,2.,5.95));
#1402 = DIRECTION('',(0.,1.,0.));
#1403 = DIRECTION('',(0.,-0.,1.));
#1404 = ORIENTED_EDGE('',*,*,#1405,.T.);
#1405 = EDGE_CURVE('',#1395,#1406,#1408,.T.);
#1406 = VERTEX_POINT('',#1407);
#1407 = CARTESIAN_POINT('',(475.65,2.,2.75));
#1408 = LINE('',#1409,#1410);
#1409 = CARTESIAN_POINT('',(236.025,2.,2.75));
#1410 = VECTOR('',#1411,1.);
#1411 = DIRECTION('',(1.,0.,-0.));
#1412 = ORIENTED_EDGE('',*,*,#1413,.F.);
#1413 = EDGE_CURVE('',#1414,#1406,#1416,.T.);
#1414 = VERTEX_POINT('',#1415);
#1415 = CARTESIAN_POINT('',(475.65,2.,9.15));
#1416 = CIRCLE('',#1417,3.2);
#1417 = AXIS2_PLACEMENT_3D('',#1418,#1419,#1420);
#1418 = CARTESIAN_POINT('',(475.65,2.,5.95));
#1419 = DIRECTION('',(0.,1.,0.));
#1420 = DIRECTION('',(0.,-0.,1.));
#1421 = ORIENTED_EDGE('',*,*,#1422,.F.);
#1422 = EDGE_CURVE('',#1397,#1414,#1423,.T.);
#1423 = LINE('',#1424,#1425);
#1424 = CARTESIAN_POINT('',(236.025,2.,9.15));
#1425 = VECTOR('',#1426,1.);
#1426 = DIRECTION('',(1.,0.,-0.));
#1427 = FACE_BOUND('',#1428,.T.);
#1428 = EDGE_LOOP('',(#1429,#1440,#1448,#1457,#1465,#1474,#1482,#1491));
#1429 = ORIENTED_EDGE('',*,*,#1430,.F.);
#1430 = EDGE_CURVE('',#1431,#1433,#1435,.T.);
#1431 = VERTEX_POINT('',#1432);
#1432 = CARTESIAN_POINT('',(430.35,2.,56.65));
#1433 = VERTEX_POINT('',#1434);
#1434 = CARTESIAN_POINT('',(431.35,2.,57.65));
#1435 = CIRCLE('',#1436,1.);
#1436 = AXIS2_PLACEMENT_3D('',#1437,#1438,#1439);
#1437 = CARTESIAN_POINT('',(431.35,2.,56.65));
#1438 = DIRECTION('',(-0.,1.,0.));
#1439 = DIRECTION('',(-1.,-0.,0.));
#1440 = ORIENTED_EDGE('',*,*,#1441,.T.);
#1441 = EDGE_CURVE('',#1431,#1442,#1444,.T.);
#1442 = VERTEX_POINT('',#1443);
#1443 = CARTESIAN_POINT('',(430.35,2.,31.45));
#1444 = LINE('',#1445,#1446);
#1445 = CARTESIAN_POINT('',(430.35,2.,15.225));
#1446 = VECTOR('',#1447,1.);
#1447 = DIRECTION('',(-0.,0.,-1.));
#1448 = ORIENTED_EDGE('',*,*,#1449,.F.);
#1449 = EDGE_CURVE('',#1450,#1442,#1452,.T.);
#1450 = VERTEX_POINT('',#1451);
#1451 = CARTESIAN_POINT('',(431.35,2.,30.45));
#1452 = CIRCLE('',#1453,1.);
#1453 = AXIS2_PLACEMENT_3D('',#1454,#1455,#1456);
#1454 = CARTESIAN_POINT('',(431.35,2.,31.45));
#1455 = DIRECTION('',(-0.,1.,0.));
#1456 = DIRECTION('',(-1.,-0.,0.));
#1457 = ORIENTED_EDGE('',*,*,#1458,.T.);
#1458 = EDGE_CURVE('',#1450,#1459,#1461,.T.);
#1459 = VERTEX_POINT('',#1460);
#1460 = CARTESIAN_POINT('',(441.65,2.,30.45));
#1461 = LINE('',#1462,#1463);
#1462 = CARTESIAN_POINT('',(215.175,2.,30.45));
#1463 = VECTOR('',#1464,1.);
#1464 = DIRECTION('',(1.,0.,-0.));
#1465 = ORIENTED_EDGE('',*,*,#1466,.F.);
#1466 = EDGE_CURVE('',#1467,#1459,#1469,.T.);
#1467 = VERTEX_POINT('',#1468);
#1468 = CARTESIAN_POINT('',(442.65,2.,31.45));
#1469 = CIRCLE('',#1470,1.);
#1470 = AXIS2_PLACEMENT_3D('',#1471,#1472,#1473);
#1471 = CARTESIAN_POINT('',(441.65,2.,31.45));
#1472 = DIRECTION('',(0.,1.,0.));
#1473 = DIRECTION('',(1.,0.,-0.));
#1474 = ORIENTED_EDGE('',*,*,#1475,.F.);
#1475 = EDGE_CURVE('',#1476,#1467,#1478,.T.);
#1476 = VERTEX_POINT('',#1477);
#1477 = CARTESIAN_POINT('',(442.65,2.,56.65));
#1478 = LINE('',#1479,#1480);
#1479 = CARTESIAN_POINT('',(442.65,2.,15.225));
#1480 = VECTOR('',#1481,1.);
#1481 = DIRECTION('',(-0.,0.,-1.));
#1482 = ORIENTED_EDGE('',*,*,#1483,.F.);
#1483 = EDGE_CURVE('',#1484,#1476,#1486,.T.);
#1484 = VERTEX_POINT('',#1485);
#1485 = CARTESIAN_POINT('',(441.65,2.,57.65));
#1486 = CIRCLE('',#1487,1.);
#1487 = AXIS2_PLACEMENT_3D('',#1488,#1489,#1490);
#1488 = CARTESIAN_POINT('',(441.65,2.,56.65));
#1489 = DIRECTION('',(0.,1.,0.));
#1490 = DIRECTION('',(1.,0.,-0.));
#1491 = ORIENTED_EDGE('',*,*,#1492,.F.);
#1492 = EDGE_CURVE('',#1433,#1484,#1493,.T.);
#1493 = LINE('',#1494,#1495);
#1494 = CARTESIAN_POINT('',(215.175,2.,57.65));
#1495 = VECTOR('',#1496,1.);
#1496 = DIRECTION('',(1.,0.,-0.));
#1497 = FACE_BOUND('',#1498,.T.);
#1498 = EDGE_LOOP('',(#1499));
#1499 = ORIENTED_EDGE('',*,*,#1500,.F.);
#1500 = EDGE_CURVE('',#1501,#1501,#1503,.T.);
#1501 = VERTEX_POINT('',#1502);
#1502 = CARTESIAN_POINT('',(248.,2.,64.85));
#1503 = CIRCLE('',#1504,3.75);
#1504 = AXIS2_PLACEMENT_3D('',#1505,#1506,#1507);
#1505 = CARTESIAN_POINT('',(248.,2.,61.1));
#1506 = DIRECTION('',(0.,1.,0.));
#1507 = DIRECTION('',(0.,-0.,1.));
#1508 = FACE_BOUND('',#1509,.T.);
#1509 = EDGE_LOOP('',(#1510));
#1510 = ORIENTED_EDGE('',*,*,#1511,.F.);
#1511 = EDGE_CURVE('',#1512,#1512,#1514,.T.);
#1512 = VERTEX_POINT('',#1513);
#1513 = CARTESIAN_POINT('',(287.,2.,65.35));
#1514 = CIRCLE('',#1515,3.75);
#1515 = AXIS2_PLACEMENT_3D('',#1516,#1517,#1518);
#1516 = CARTESIAN_POINT('',(287.,2.,61.6));
#1517 = DIRECTION('',(0.,1.,0.));
#1518 = DIRECTION('',(0.,-0.,1.));
#1519 = FACE_BOUND('',#1520,.T.);
#1520 = EDGE_LOOP('',(#1521));
#1521 = ORIENTED_EDGE('',*,*,#1522,.F.);
#1522 = EDGE_CURVE('',#1523,#1523,#1525,.T.);
#1523 = VERTEX_POINT('',#1524);
#1524 = CARTESIAN_POINT('',(318.,2.,65.35));
#1525 = CIRCLE('',#1526,3.75);
#1526 = AXIS2_PLACEMENT_3D('',#1527,#1528,#1529);
#1527 = CARTESIAN_POINT('',(318.,2.,61.6));
#1528 = DIRECTION('',(0.,1.,0.));
#1529 = DIRECTION('',(0.,-0.,1.));
#1530 = FACE_BOUND('',#1531,.T.);
#1531 = EDGE_LOOP('',(#1532));
#1532 = ORIENTED_EDGE('',*,*,#1533,.F.);
#1533 = EDGE_CURVE('',#1534,#1534,#1536,.T.);
#1534 = VERTEX_POINT('',#1535);
#1535 = CARTESIAN_POINT('',(348.,2.,65.35));
#1536 = CIRCLE('',#1537,3.75);
#1537 = AXIS2_PLACEMENT_3D('',#1538,#1539,#1540);
#1538 = CARTESIAN_POINT('',(348.,2.,61.6));
#1539 = DIRECTION('',(0.,1.,0.));
#1540 = DIRECTION('',(0.,-0.,1.));
#1541 = FACE_BOUND('',#1542,.T.);
#1542 = EDGE_LOOP('',(#1543));
#1543 = ORIENTED_EDGE('',*,*,#1544,.F.);
#1544 = EDGE_CURVE('',#1545,#1545,#1547,.T.);
#1545 = VERTEX_POINT('',#1546);
#1546 = CARTESIAN_POINT('',(372.,2.,65.35));
#1547 = CIRCLE('',#1548,3.75);
#1548 = AXIS2_PLACEMENT_3D('',#1549,#1550,#1551);
#1549 = CARTESIAN_POINT('',(372.,2.,61.6));
#1550 = DIRECTION('',(0.,1.,0.));
#1551 = DIRECTION('',(0.,-0.,1.));
#1552 = FACE_BOUND('',#1553,.T.);
#1553 = EDGE_LOOP('',(#1554));
#1554 = ORIENTED_EDGE('',*,*,#1555,.F.);
#1555 = EDGE_CURVE('',#1556,#1556,#1558,.T.);
#1556 = VERTEX_POINT('',#1557);
#1557 = CARTESIAN_POINT('',(389.,2.,64.6));
#1558 = CIRCLE('',#1559,3.);
#1559 = AXIS2_PLACEMENT_3D('',#1560,#1561,#1562);
#1560 = CARTESIAN_POINT('',(389.,2.,61.6));
#1561 = DIRECTION('',(0.,1.,0.));
#1562 = DIRECTION('',(0.,-0.,1.));
#1563 = FACE_BOUND('',#1564,.T.);
#1564 = EDGE_LOOP('',(#1565));
#1565 = ORIENTED_EDGE('',*,*,#1566,.F.);
#1566 = EDGE_CURVE('',#1567,#1567,#1569,.T.);
#1567 = VERTEX_POINT('',#1568);
#1568 = CARTESIAN_POINT('',(402.,2.,64.6));
#1569 = CIRCLE('',#1570,3.);
#1570 = AXIS2_PLACEMENT_3D('',#1571,#1572,#1573);
#1571 = CARTESIAN_POINT('',(402.,2.,61.6));
#1572 = DIRECTION('',(0.,1.,0.));
#1573 = DIRECTION('',(0.,-0.,1.));
#1574 = FACE_BOUND('',#1575,.T.);
#1575 = EDGE_LOOP('',(#1576));
#1576 = ORIENTED_EDGE('',*,*,#1577,.F.);
#1577 = EDGE_CURVE('',#1578,#1578,#1580,.T.);
#1578 = VERTEX_POINT('',#1579);
#1579 = CARTESIAN_POINT('',(416.5,2.,66.35));
#1580 = CIRCLE('',#1581,4.75);
#1581 = AXIS2_PLACEMENT_3D('',#1582,#1583,#1584);
#1582 = CARTESIAN_POINT('',(416.5,2.,61.6));
#1583 = DIRECTION('',(0.,1.,0.));
#1584 = DIRECTION('',(0.,-0.,1.));
#1585 = FACE_BOUND('',#1586,.T.);
#1586 = EDGE_LOOP('',(#1587));
#1587 = ORIENTED_EDGE('',*,*,#1588,.F.);
#1588 = EDGE_CURVE('',#1589,#1589,#1591,.T.);
#1589 = VERTEX_POINT('',#1590);
#1590 = CARTESIAN_POINT('',(454.8,2.,85.85));
#1591 = CIRCLE('',#1592,2.65);
#1592 = AXIS2_PLACEMENT_3D('',#1593,#1594,#1595);
#1593 = CARTESIAN_POINT('',(454.8,2.,83.2));
#1594 = DIRECTION('',(0.,1.,0.));
#1595 = DIRECTION('',(0.,-0.,1.));
#1596 = FACE_BOUND('',#1597,.T.);
#1597 = EDGE_LOOP('',(#1598,#1609,#1617,#1626));
#1598 = ORIENTED_EDGE('',*,*,#1599,.F.);
#1599 = EDGE_CURVE('',#1600,#1602,#1604,.T.);
#1600 = VERTEX_POINT('',#1601);
#1601 = CARTESIAN_POINT('',(472.05,2.,78.95));
#1602 = VERTEX_POINT('',#1603);
#1603 = CARTESIAN_POINT('',(472.05,2.,85.35));
#1604 = CIRCLE('',#1605,3.2);
#1605 = AXIS2_PLACEMENT_3D('',#1606,#1607,#1608);
#1606 = CARTESIAN_POINT('',(472.05,2.,82.15));
#1607 = DIRECTION('',(0.,1.,0.));
#1608 = DIRECTION('',(0.,-0.,1.));
#1609 = ORIENTED_EDGE('',*,*,#1610,.T.);
#1610 = EDGE_CURVE('',#1600,#1611,#1613,.T.);
#1611 = VERTEX_POINT('',#1612);
#1612 = CARTESIAN_POINT('',(475.65,2.,78.95));
#1613 = LINE('',#1614,#1615);
#1614 = CARTESIAN_POINT('',(236.025,2.,78.95));
#1615 = VECTOR('',#1616,1.);
#1616 = DIRECTION('',(1.,0.,-0.));
#1617 = ORIENTED_EDGE('',*,*,#1618,.F.);
#1618 = EDGE_CURVE('',#1619,#1611,#1621,.T.);
#1619 = VERTEX_POINT('',#1620);
#1620 = CARTESIAN_POINT('',(475.65,2.,85.35));
#1621 = CIRCLE('',#1622,3.2);
#1622 = AXIS2_PLACEMENT_3D('',#1623,#1624,#1625);
#1623 = CARTESIAN_POINT('',(475.65,2.,82.15));
#1624 = DIRECTION('',(0.,1.,0.));
#1625 = DIRECTION('',(0.,-0.,1.));
#1626 = ORIENTED_EDGE('',*,*,#1627,.F.);
#1627 = EDGE_CURVE('',#1602,#1619,#1628,.T.);
#1628 = LINE('',#1629,#1630);
#1629 = CARTESIAN_POINT('',(236.025,2.,85.35));
#1630 = VECTOR('',#1631,1.);
#1631 = DIRECTION('',(1.,0.,-0.));
#1632 = PLANE('',#1633);
#1633 = AXIS2_PLACEMENT_3D('',#1634,#1635,#1636);
#1634 = CARTESIAN_POINT('',(0.,2.,0.));
#1635 = DIRECTION('',(-0.,1.,0.));
#1636 = DIRECTION('',(0.,0.,1.));
#1637 = ADVANCED_FACE('',(#1638),#1649,.F.);
#1638 = FACE_BOUND('',#1639,.F.);
#1639 = EDGE_LOOP('',(#1640,#1641,#1642,#1643));
#1640 = ORIENTED_EDGE('',*,*,#903,.F.);
#1641 = ORIENTED_EDGE('',*,*,#854,.F.);
#1642 = ORIENTED_EDGE('',*,*,#99,.T.);
#1643 = ORIENTED_EDGE('',*,*,#1644,.T.);
#1644 = EDGE_CURVE('',#102,#904,#1645,.T.);
#1645 = LINE('',#1646,#1647);
#1646 = CARTESIAN_POINT('',(480.6,0.,-4.440892098501E-16));
#1647 = VECTOR('',#1648,1.);
#1648 = DIRECTION('',(-0.,1.,0.));
#1649 = PLANE('',#1650);
#1650 = AXIS2_PLACEMENT_3D('',#1651,#1652,#1653);
#1651 = CARTESIAN_POINT('',(0.,0.,0.));
#1652 = DIRECTION('',(0.,0.,1.));
#1653 = DIRECTION('',(1.,0.,-0.));
#1654 = ADVANCED_FACE('',(#1655),#1666,.T.);
#1655 = FACE_BOUND('',#1656,.T.);
#1656 = EDGE_LOOP('',(#1657,#1658,#1659,#1660));
#1657 = ORIENTED_EDGE('',*,*,#151,.T.);
#1658 = ORIENTED_EDGE('',*,*,#1644,.T.);
#1659 = ORIENTED_EDGE('',*,*,#939,.F.);
#1660 = ORIENTED_EDGE('',*,*,#1661,.F.);
#1661 = EDGE_CURVE('',#144,#932,#1662,.T.);
#1662 = LINE('',#1663,#1664);
#1663 = CARTESIAN_POINT('',(482.6,0.,2.));
#1664 = VECTOR('',#1665,1.);
#1665 = DIRECTION('',(-0.,1.,0.));
#1666 = CYLINDRICAL_SURFACE('',#1667,2.);
#1667 = AXIS2_PLACEMENT_3D('',#1668,#1669,#1670);
#1668 = CARTESIAN_POINT('',(480.6,0.,2.));
#1669 = DIRECTION('',(-0.,1.,0.));
#1670 = DIRECTION('',(1.,0.,-0.));
#1671 = ADVANCED_FACE('',(#1672),#1683,.T.);
#1672 = FACE_BOUND('',#1673,.T.);
#1673 = EDGE_LOOP('',(#1674,#1675,#1676,#1677));
#1674 = ORIENTED_EDGE('',*,*,#143,.F.);
#1675 = ORIENTED_EDGE('',*,*,#1661,.T.);
#1676 = ORIENTED_EDGE('',*,*,#931,.T.);
#1677 = ORIENTED_EDGE('',*,*,#1678,.F.);
#1678 = EDGE_CURVE('',#135,#923,#1679,.T.);
#1679 = LINE('',#1680,#1681);
#1680 = CARTESIAN_POINT('',(482.6,0.,86.1));
#1681 = VECTOR('',#1682,1.);
#1682 = DIRECTION('',(-0.,1.,0.));
#1683 = PLANE('',#1684);
#1684 = AXIS2_PLACEMENT_3D('',#1685,#1686,#1687);
#1685 = CARTESIAN_POINT('',(482.6,0.,0.));
#1686 = DIRECTION('',(1.,0.,-0.));
#1687 = DIRECTION('',(0.,0.,1.));
#1688 = ADVANCED_FACE('',(#1689),#1700,.T.);
#1689 = FACE_BOUND('',#1690,.F.);
#1690 = EDGE_LOOP('',(#1691,#1692,#1698,#1699));
#1691 = ORIENTED_EDGE('',*,*,#134,.T.);
#1692 = ORIENTED_EDGE('',*,*,#1693,.T.);
#1693 = EDGE_CURVE('',#127,#915,#1694,.T.);
#1694 = LINE('',#1695,#1696);
#1695 = CARTESIAN_POINT('',(480.6,0.,88.1));
#1696 = VECTOR('',#1697,1.);
#1697 = DIRECTION('',(-0.,1.,0.));
#1698 = ORIENTED_EDGE('',*,*,#922,.F.);
#1699 = ORIENTED_EDGE('',*,*,#1678,.F.);
#1700 = CYLINDRICAL_SURFACE('',#1701,2.);
#1701 = AXIS2_PLACEMENT_3D('',#1702,#1703,#1704);
#1702 = CARTESIAN_POINT('',(480.6,0.,86.1));
#1703 = DIRECTION('',(-0.,1.,0.));
#1704 = DIRECTION('',(1.,0.,-0.));
#1705 = ADVANCED_FACE('',(#1706),#1712,.T.);
#1706 = FACE_BOUND('',#1707,.T.);
#1707 = EDGE_LOOP('',(#1708,#1709,#1710,#1711));
#1708 = ORIENTED_EDGE('',*,*,#914,.F.);
#1709 = ORIENTED_EDGE('',*,*,#879,.F.);
#1710 = ORIENTED_EDGE('',*,*,#126,.T.);
#1711 = ORIENTED_EDGE('',*,*,#1693,.T.);
#1712 = PLANE('',#1713);
#1713 = AXIS2_PLACEMENT_3D('',#1714,#1715,#1716);
#1714 = CARTESIAN_POINT('',(0.,0.,88.1));
#1715 = DIRECTION('',(0.,0.,1.));
#1716 = DIRECTION('',(1.,0.,-0.));
#1717 = ADVANCED_FACE('',(#1718),#1734,.F.);
#1718 = FACE_BOUND('',#1719,.F.);
#1719 = EDGE_LOOP('',(#1720,#1721,#1727,#1728));
#1720 = ORIENTED_EDGE('',*,*,#160,.T.);
#1721 = ORIENTED_EDGE('',*,*,#1722,.T.);
#1722 = EDGE_CURVE('',#163,#951,#1723,.T.);
#1723 = LINE('',#1724,#1725);
#1724 = CARTESIAN_POINT('',(6.95,-1.,9.15));
#1725 = VECTOR('',#1726,1.);
#1726 = DIRECTION('',(-0.,1.,0.));
#1727 = ORIENTED_EDGE('',*,*,#948,.F.);
#1728 = ORIENTED_EDGE('',*,*,#1729,.F.);
#1729 = EDGE_CURVE('',#161,#949,#1730,.T.);
#1730 = LINE('',#1731,#1732);
#1731 = CARTESIAN_POINT('',(6.95,-1.,2.75));
#1732 = VECTOR('',#1733,1.);
#1733 = DIRECTION('',(-0.,1.,0.));
#1734 = CYLINDRICAL_SURFACE('',#1735,3.2);
#1735 = AXIS2_PLACEMENT_3D('',#1736,#1737,#1738);
#1736 = CARTESIAN_POINT('',(6.95,-1.,5.95));
#1737 = DIRECTION('',(0.,1.,0.));
#1738 = DIRECTION('',(0.,-0.,1.));
#1739 = ADVANCED_FACE('',(#1740),#1751,.F.);
#1740 = FACE_BOUND('',#1741,.F.);
#1741 = EDGE_LOOP('',(#1742,#1743,#1744,#1750));
#1742 = ORIENTED_EDGE('',*,*,#1722,.F.);
#1743 = ORIENTED_EDGE('',*,*,#188,.T.);
#1744 = ORIENTED_EDGE('',*,*,#1745,.T.);
#1745 = EDGE_CURVE('',#180,#968,#1746,.T.);
#1746 = LINE('',#1747,#1748);
#1747 = CARTESIAN_POINT('',(10.55,-1.,9.15));
#1748 = VECTOR('',#1749,1.);
#1749 = DIRECTION('',(-0.,1.,0.));
#1750 = ORIENTED_EDGE('',*,*,#976,.F.);
#1751 = PLANE('',#1752);
#1752 = AXIS2_PLACEMENT_3D('',#1753,#1754,#1755);
#1753 = CARTESIAN_POINT('',(6.95,-1.,9.15));
#1754 = DIRECTION('',(0.,0.,1.));
#1755 = DIRECTION('',(1.,0.,-0.));
#1756 = ADVANCED_FACE('',(#1757),#1768,.F.);
#1757 = FACE_BOUND('',#1758,.F.);
#1758 = EDGE_LOOP('',(#1759,#1760,#1761,#1762));
#1759 = ORIENTED_EDGE('',*,*,#967,.F.);
#1760 = ORIENTED_EDGE('',*,*,#1745,.F.);
#1761 = ORIENTED_EDGE('',*,*,#179,.T.);
#1762 = ORIENTED_EDGE('',*,*,#1763,.T.);
#1763 = EDGE_CURVE('',#172,#960,#1764,.T.);
#1764 = LINE('',#1765,#1766);
#1765 = CARTESIAN_POINT('',(10.55,-1.,2.75));
#1766 = VECTOR('',#1767,1.);
#1767 = DIRECTION('',(-0.,1.,0.));
#1768 = CYLINDRICAL_SURFACE('',#1769,3.2);
#1769 = AXIS2_PLACEMENT_3D('',#1770,#1771,#1772);
#1770 = CARTESIAN_POINT('',(10.55,-1.,5.95));
#1771 = DIRECTION('',(0.,1.,0.));
#1772 = DIRECTION('',(0.,-0.,1.));
#1773 = ADVANCED_FACE('',(#1774),#1780,.T.);
#1774 = FACE_BOUND('',#1775,.T.);
#1775 = EDGE_LOOP('',(#1776,#1777,#1778,#1779));
#1776 = ORIENTED_EDGE('',*,*,#1729,.F.);
#1777 = ORIENTED_EDGE('',*,*,#171,.T.);
#1778 = ORIENTED_EDGE('',*,*,#1763,.T.);
#1779 = ORIENTED_EDGE('',*,*,#959,.F.);
#1780 = PLANE('',#1781);
#1781 = AXIS2_PLACEMENT_3D('',#1782,#1783,#1784);
#1782 = CARTESIAN_POINT('',(6.95,-1.,2.75));
#1783 = DIRECTION('',(0.,0.,1.));
#1784 = DIRECTION('',(1.,0.,-0.));
#1785 = ADVANCED_FACE('',(#1786),#1797,.F.);
#1786 = FACE_BOUND('',#1787,.F.);
#1787 = EDGE_LOOP('',(#1788,#1789,#1795,#1796));
#1788 = ORIENTED_EDGE('',*,*,#984,.F.);
#1789 = ORIENTED_EDGE('',*,*,#1790,.F.);
#1790 = EDGE_CURVE('',#197,#985,#1791,.T.);
#1791 = LINE('',#1792,#1793);
#1792 = CARTESIAN_POINT('',(27.8,-1.,7.55));
#1793 = VECTOR('',#1794,1.);
#1794 = DIRECTION('',(0.,1.,0.));
#1795 = ORIENTED_EDGE('',*,*,#196,.T.);
#1796 = ORIENTED_EDGE('',*,*,#1790,.T.);
#1797 = CYLINDRICAL_SURFACE('',#1798,2.65);
#1798 = AXIS2_PLACEMENT_3D('',#1799,#1800,#1801);
#1799 = CARTESIAN_POINT('',(27.8,-1.,4.9));
#1800 = DIRECTION('',(0.,1.,0.));
#1801 = DIRECTION('',(0.,-0.,1.));
#1802 = ADVANCED_FACE('',(#1803),#1814,.F.);
#1803 = FACE_BOUND('',#1804,.F.);
#1804 = EDGE_LOOP('',(#1805,#1806,#1812,#1813));
#1805 = ORIENTED_EDGE('',*,*,#995,.F.);
#1806 = ORIENTED_EDGE('',*,*,#1807,.F.);
#1807 = EDGE_CURVE('',#208,#996,#1808,.T.);
#1808 = LINE('',#1809,#1810);
#1809 = CARTESIAN_POINT('',(52.,-1.,25.85));
#1810 = VECTOR('',#1811,1.);
#1811 = DIRECTION('',(0.,1.,0.));
#1812 = ORIENTED_EDGE('',*,*,#207,.T.);
#1813 = ORIENTED_EDGE('',*,*,#1807,.T.);
#1814 = CYLINDRICAL_SURFACE('',#1815,4.75);
#1815 = AXIS2_PLACEMENT_3D('',#1816,#1817,#1818);
#1816 = CARTESIAN_POINT('',(52.,-1.,21.1));
#1817 = DIRECTION('',(0.,1.,0.));
#1818 = DIRECTION('',(0.,-0.,1.));
#1819 = ADVANCED_FACE('',(#1820),#1831,.F.);
#1820 = FACE_BOUND('',#1821,.F.);
#1821 = EDGE_LOOP('',(#1822,#1823,#1829,#1830));
#1822 = ORIENTED_EDGE('',*,*,#1006,.F.);
#1823 = ORIENTED_EDGE('',*,*,#1824,.F.);
#1824 = EDGE_CURVE('',#219,#1007,#1825,.T.);
#1825 = LINE('',#1826,#1827);
#1826 = CARTESIAN_POINT('',(80.,-1.,24.85));
#1827 = VECTOR('',#1828,1.);
#1828 = DIRECTION('',(0.,1.,0.));
#1829 = ORIENTED_EDGE('',*,*,#218,.T.);
#1830 = ORIENTED_EDGE('',*,*,#1824,.T.);
#1831 = CYLINDRICAL_SURFACE('',#1832,3.75);
#1832 = AXIS2_PLACEMENT_3D('',#1833,#1834,#1835);
#1833 = CARTESIAN_POINT('',(80.,-1.,21.1));
#1834 = DIRECTION('',(0.,1.,0.));
#1835 = DIRECTION('',(0.,-0.,1.));
#1836 = ADVANCED_FACE('',(#1837),#1848,.F.);
#1837 = FACE_BOUND('',#1838,.F.);
#1838 = EDGE_LOOP('',(#1839,#1840,#1846,#1847));
#1839 = ORIENTED_EDGE('',*,*,#1017,.F.);
#1840 = ORIENTED_EDGE('',*,*,#1841,.F.);
#1841 = EDGE_CURVE('',#230,#1018,#1842,.T.);
#1842 = LINE('',#1843,#1844);
#1843 = CARTESIAN_POINT('',(101.,-1.,24.1));
#1844 = VECTOR('',#1845,1.);
#1845 = DIRECTION('',(0.,1.,0.));
#1846 = ORIENTED_EDGE('',*,*,#229,.T.);
#1847 = ORIENTED_EDGE('',*,*,#1841,.T.);
#1848 = CYLINDRICAL_SURFACE('',#1849,3.);
#1849 = AXIS2_PLACEMENT_3D('',#1850,#1851,#1852);
#1850 = CARTESIAN_POINT('',(101.,-1.,21.1));
#1851 = DIRECTION('',(0.,1.,0.));
#1852 = DIRECTION('',(0.,-0.,1.));
#1853 = ADVANCED_FACE('',(#1854),#1865,.F.);
#1854 = FACE_BOUND('',#1855,.F.);
#1855 = EDGE_LOOP('',(#1856,#1857,#1863,#1864));
#1856 = ORIENTED_EDGE('',*,*,#1028,.F.);
#1857 = ORIENTED_EDGE('',*,*,#1858,.F.);
#1858 = EDGE_CURVE('',#241,#1029,#1859,.T.);
#1859 = LINE('',#1860,#1861);
#1860 = CARTESIAN_POINT('',(113.,-1.,24.1));
#1861 = VECTOR('',#1862,1.);
#1862 = DIRECTION('',(0.,1.,0.));
#1863 = ORIENTED_EDGE('',*,*,#240,.T.);
#1864 = ORIENTED_EDGE('',*,*,#1858,.T.);
#1865 = CYLINDRICAL_SURFACE('',#1866,3.);
#1866 = AXIS2_PLACEMENT_3D('',#1867,#1868,#1869);
#1867 = CARTESIAN_POINT('',(113.,-1.,21.1));
#1868 = DIRECTION('',(0.,1.,0.));
#1869 = DIRECTION('',(0.,-0.,1.));
#1870 = ADVANCED_FACE('',(#1871),#1882,.F.);
#1871 = FACE_BOUND('',#1872,.F.);
#1872 = EDGE_LOOP('',(#1873,#1874,#1880,#1881));
#1873 = ORIENTED_EDGE('',*,*,#1039,.F.);
#1874 = ORIENTED_EDGE('',*,*,#1875,.F.);
#1875 = EDGE_CURVE('',#252,#1040,#1876,.T.);
#1876 = LINE('',#1877,#1878);
#1877 = CARTESIAN_POINT('',(134.,-1.,25.85));
#1878 = VECTOR('',#1879,1.);
#1879 = DIRECTION('',(0.,1.,0.));
#1880 = ORIENTED_EDGE('',*,*,#251,.T.);
#1881 = ORIENTED_EDGE('',*,*,#1875,.T.);
#1882 = CYLINDRICAL_SURFACE('',#1883,4.75);
#1883 = AXIS2_PLACEMENT_3D('',#1884,#1885,#1886);
#1884 = CARTESIAN_POINT('',(134.,-1.,21.1));
#1885 = DIRECTION('',(0.,1.,0.));
#1886 = DIRECTION('',(0.,-0.,1.));
#1887 = ADVANCED_FACE('',(#1888),#1899,.F.);
#1888 = FACE_BOUND('',#1889,.F.);
#1889 = EDGE_LOOP('',(#1890,#1891,#1897,#1898));
#1890 = ORIENTED_EDGE('',*,*,#1050,.F.);
#1891 = ORIENTED_EDGE('',*,*,#1892,.F.);
#1892 = EDGE_CURVE('',#263,#1051,#1893,.T.);
#1893 = LINE('',#1894,#1895);
#1894 = CARTESIAN_POINT('',(158.5,-1.,25.85));
#1895 = VECTOR('',#1896,1.);
#1896 = DIRECTION('',(0.,1.,0.));
#1897 = ORIENTED_EDGE('',*,*,#262,.T.);
#1898 = ORIENTED_EDGE('',*,*,#1892,.T.);
#1899 = CYLINDRICAL_SURFACE('',#1900,4.75);
#1900 = AXIS2_PLACEMENT_3D('',#1901,#1902,#1903);
#1901 = CARTESIAN_POINT('',(158.5,-1.,21.1));
#1902 = DIRECTION('',(0.,1.,0.));
#1903 = DIRECTION('',(0.,-0.,1.));
#1904 = ADVANCED_FACE('',(#1905),#1916,.F.);
#1905 = FACE_BOUND('',#1906,.F.);
#1906 = EDGE_LOOP('',(#1907,#1908,#1914,#1915));
#1907 = ORIENTED_EDGE('',*,*,#1061,.F.);
#1908 = ORIENTED_EDGE('',*,*,#1909,.F.);
#1909 = EDGE_CURVE('',#274,#1062,#1910,.T.);
#1910 = LINE('',#1911,#1912);
#1911 = CARTESIAN_POINT('',(199.,-1.,24.85));
#1912 = VECTOR('',#1913,1.);
#1913 = DIRECTION('',(0.,1.,0.));
#1914 = ORIENTED_EDGE('',*,*,#273,.T.);
#1915 = ORIENTED_EDGE('',*,*,#1909,.T.);
#1916 = CYLINDRICAL_SURFACE('',#1917,3.75);
#1917 = AXIS2_PLACEMENT_3D('',#1918,#1919,#1920);
#1918 = CARTESIAN_POINT('',(199.,-1.,21.1));
#1919 = DIRECTION('',(0.,1.,0.));
#1920 = DIRECTION('',(0.,-0.,1.));
#1921 = ADVANCED_FACE('',(#1922),#1933,.F.);
#1922 = FACE_BOUND('',#1923,.F.);
#1923 = EDGE_LOOP('',(#1924,#1925,#1931,#1932));
#1924 = ORIENTED_EDGE('',*,*,#1072,.F.);
#1925 = ORIENTED_EDGE('',*,*,#1926,.F.);
#1926 = EDGE_CURVE('',#285,#1073,#1927,.T.);
#1927 = LINE('',#1928,#1929);
#1928 = CARTESIAN_POINT('',(214.,-1.,33.7));
#1929 = VECTOR('',#1930,1.);
#1930 = DIRECTION('',(0.,1.,0.));
#1931 = ORIENTED_EDGE('',*,*,#284,.T.);
#1932 = ORIENTED_EDGE('',*,*,#1926,.T.);
#1933 = CYLINDRICAL_SURFACE('',#1934,1.6);
#1934 = AXIS2_PLACEMENT_3D('',#1935,#1936,#1937);
#1935 = CARTESIAN_POINT('',(214.,-1.,32.1));
#1936 = DIRECTION('',(0.,1.,0.));
#1937 = DIRECTION('',(0.,-0.,1.));
#1938 = ADVANCED_FACE('',(#1939),#1950,.F.);
#1939 = FACE_BOUND('',#1940,.F.);
#1940 = EDGE_LOOP('',(#1941,#1942,#1948,#1949));
#1941 = ORIENTED_EDGE('',*,*,#1083,.F.);
#1942 = ORIENTED_EDGE('',*,*,#1943,.F.);
#1943 = EDGE_CURVE('',#296,#1084,#1944,.T.);
#1944 = LINE('',#1945,#1946);
#1945 = CARTESIAN_POINT('',(219.,-1.,33.7));
#1946 = VECTOR('',#1947,1.);
#1947 = DIRECTION('',(0.,1.,0.));
#1948 = ORIENTED_EDGE('',*,*,#295,.T.);
#1949 = ORIENTED_EDGE('',*,*,#1943,.T.);
#1950 = CYLINDRICAL_SURFACE('',#1951,1.6);
#1951 = AXIS2_PLACEMENT_3D('',#1952,#1953,#1954);
#1952 = CARTESIAN_POINT('',(219.,-1.,32.1));
#1953 = DIRECTION('',(0.,1.,0.));
#1954 = DIRECTION('',(0.,-0.,1.));
#1955 = ADVANCED_FACE('',(#1956),#1967,.F.);
#1956 = FACE_BOUND('',#1957,.F.);
#1957 = EDGE_LOOP('',(#1958,#1959,#1965,#1966));
#1958 = ORIENTED_EDGE('',*,*,#1094,.F.);
#1959 = ORIENTED_EDGE('',*,*,#1960,.F.);
#1960 = EDGE_CURVE('',#307,#1095,#1961,.T.);
#1961 = LINE('',#1962,#1963);
#1962 = CARTESIAN_POINT('',(227.5,-1.,33.7));
#1963 = VECTOR('',#1964,1.);
#1964 = DIRECTION('',(0.,1.,0.));
#1965 = ORIENTED_EDGE('',*,*,#306,.T.);
#1966 = ORIENTED_EDGE('',*,*,#1960,.T.);
#1967 = CYLINDRICAL_SURFACE('',#1968,1.6);
#1968 = AXIS2_PLACEMENT_3D('',#1969,#1970,#1971);
#1969 = CARTESIAN_POINT('',(227.5,-1.,32.1));
#1970 = DIRECTION('',(0.,1.,0.));
#1971 = DIRECTION('',(0.,-0.,1.));
#1972 = ADVANCED_FACE('',(#1973),#1984,.F.);
#1973 = FACE_BOUND('',#1974,.F.);
#1974 = EDGE_LOOP('',(#1975,#1976,#1982,#1983));
#1975 = ORIENTED_EDGE('',*,*,#1105,.F.);
#1976 = ORIENTED_EDGE('',*,*,#1977,.F.);
#1977 = EDGE_CURVE('',#318,#1106,#1978,.T.);
#1978 = LINE('',#1979,#1980);
#1979 = CARTESIAN_POINT('',(232.5,-1.,33.7));
#1980 = VECTOR('',#1981,1.);
#1981 = DIRECTION('',(0.,1.,0.));
#1982 = ORIENTED_EDGE('',*,*,#317,.T.);
#1983 = ORIENTED_EDGE('',*,*,#1977,.T.);
#1984 = CYLINDRICAL_SURFACE('',#1985,1.6);
#1985 = AXIS2_PLACEMENT_3D('',#1986,#1987,#1988);
#1986 = CARTESIAN_POINT('',(232.5,-1.,32.1));
#1987 = DIRECTION('',(0.,1.,0.));
#1988 = DIRECTION('',(0.,-0.,1.));
#1989 = ADVANCED_FACE('',(#1990),#2001,.F.);
#1990 = FACE_BOUND('',#1991,.F.);
#1991 = EDGE_LOOP('',(#1992,#1993,#1999,#2000));
#1992 = ORIENTED_EDGE('',*,*,#1116,.F.);
#1993 = ORIENTED_EDGE('',*,*,#1994,.F.);
#1994 = EDGE_CURVE('',#329,#1117,#1995,.T.);
#1995 = LINE('',#1996,#1997);
#1996 = CARTESIAN_POINT('',(62.,-1.,51.7));
#1997 = VECTOR('',#1998,1.);
#1998 = DIRECTION('',(0.,1.,0.));
#1999 = ORIENTED_EDGE('',*,*,#328,.T.);
#2000 = ORIENTED_EDGE('',*,*,#1994,.T.);
#2001 = CYLINDRICAL_SURFACE('',#2002,1.6);
#2002 = AXIS2_PLACEMENT_3D('',#2003,#2004,#2005);
#2003 = CARTESIAN_POINT('',(62.,-1.,50.1));
#2004 = DIRECTION('',(0.,1.,0.));
#2005 = DIRECTION('',(0.,-0.,1.));
#2006 = ADVANCED_FACE('',(#2007),#2018,.F.);
#2007 = FACE_BOUND('',#2008,.F.);
#2008 = EDGE_LOOP('',(#2009,#2010,#2016,#2017));
#2009 = ORIENTED_EDGE('',*,*,#1127,.F.);
#2010 = ORIENTED_EDGE('',*,*,#2011,.F.);
#2011 = EDGE_CURVE('',#340,#1128,#2012,.T.);
#2012 = LINE('',#2013,#2014);
#2013 = CARTESIAN_POINT('',(52.,-1.,73.6));
#2014 = VECTOR('',#2015,1.);
#2015 = DIRECTION('',(0.,1.,0.));
#2016 = ORIENTED_EDGE('',*,*,#339,.T.);
#2017 = ORIENTED_EDGE('',*,*,#2011,.T.);
#2018 = CYLINDRICAL_SURFACE('',#2019,12.);
#2019 = AXIS2_PLACEMENT_3D('',#2020,#2021,#2022);
#2020 = CARTESIAN_POINT('',(52.,-1.,61.6));
#2021 = DIRECTION('',(0.,1.,0.));
#2022 = DIRECTION('',(0.,-0.,1.));
#2023 = ADVANCED_FACE('',(#2024),#2035,.F.);
#2024 = FACE_BOUND('',#2025,.F.);
#2025 = EDGE_LOOP('',(#2026,#2027,#2033,#2034));
#2026 = ORIENTED_EDGE('',*,*,#1138,.F.);
#2027 = ORIENTED_EDGE('',*,*,#2028,.F.);
#2028 = EDGE_CURVE('',#351,#1139,#2029,.T.);
#2029 = LINE('',#2030,#2031);
#2030 = CARTESIAN_POINT('',(80.,-1.,65.35));
#2031 = VECTOR('',#2032,1.);
#2032 = DIRECTION('',(0.,1.,0.));
#2033 = ORIENTED_EDGE('',*,*,#350,.T.);
#2034 = ORIENTED_EDGE('',*,*,#2028,.T.);
#2035 = CYLINDRICAL_SURFACE('',#2036,3.75);
#2036 = AXIS2_PLACEMENT_3D('',#2037,#2038,#2039);
#2037 = CARTESIAN_POINT('',(80.,-1.,61.6));
#2038 = DIRECTION('',(0.,1.,0.));
#2039 = DIRECTION('',(0.,-0.,1.));
#2040 = ADVANCED_FACE('',(#2041),#2052,.F.);
#2041 = FACE_BOUND('',#2042,.F.);
#2042 = EDGE_LOOP('',(#2043,#2044,#2050,#2051));
#2043 = ORIENTED_EDGE('',*,*,#1149,.F.);
#2044 = ORIENTED_EDGE('',*,*,#2045,.F.);
#2045 = EDGE_CURVE('',#362,#1150,#2046,.T.);
#2046 = LINE('',#2047,#2048);
#2047 = CARTESIAN_POINT('',(101.,-1.,64.6));
#2048 = VECTOR('',#2049,1.);
#2049 = DIRECTION('',(0.,1.,0.));
#2050 = ORIENTED_EDGE('',*,*,#361,.T.);
#2051 = ORIENTED_EDGE('',*,*,#2045,.T.);
#2052 = CYLINDRICAL_SURFACE('',#2053,3.);
#2053 = AXIS2_PLACEMENT_3D('',#2054,#2055,#2056);
#2054 = CARTESIAN_POINT('',(101.,-1.,61.6));
#2055 = DIRECTION('',(0.,1.,0.));
#2056 = DIRECTION('',(0.,-0.,1.));
#2057 = ADVANCED_FACE('',(#2058),#2069,.F.);
#2058 = FACE_BOUND('',#2059,.F.);
#2059 = EDGE_LOOP('',(#2060,#2061,#2067,#2068));
#2060 = ORIENTED_EDGE('',*,*,#1160,.F.);
#2061 = ORIENTED_EDGE('',*,*,#2062,.F.);
#2062 = EDGE_CURVE('',#373,#1161,#2063,.T.);
#2063 = LINE('',#2064,#2065);
#2064 = CARTESIAN_POINT('',(120.5,-1.,65.35));
#2065 = VECTOR('',#2066,1.);
#2066 = DIRECTION('',(0.,1.,0.));
#2067 = ORIENTED_EDGE('',*,*,#372,.T.);
#2068 = ORIENTED_EDGE('',*,*,#2062,.T.);
#2069 = CYLINDRICAL_SURFACE('',#2070,3.75);
#2070 = AXIS2_PLACEMENT_3D('',#2071,#2072,#2073);
#2071 = CARTESIAN_POINT('',(120.5,-1.,61.6));
#2072 = DIRECTION('',(0.,1.,0.));
#2073 = DIRECTION('',(0.,-0.,1.));
#2074 = ADVANCED_FACE('',(#2075),#2086,.F.);
#2075 = FACE_BOUND('',#2076,.F.);
#2076 = EDGE_LOOP('',(#2077,#2078,#2084,#2085));
#2077 = ORIENTED_EDGE('',*,*,#1171,.F.);
#2078 = ORIENTED_EDGE('',*,*,#2079,.F.);
#2079 = EDGE_CURVE('',#384,#1172,#2080,.T.);
#2080 = LINE('',#2081,#2082);
#2081 = CARTESIAN_POINT('',(42.,-1.,74.7));
#2082 = VECTOR('',#2083,1.);
#2083 = DIRECTION('',(0.,1.,0.));
#2084 = ORIENTED_EDGE('',*,*,#383,.T.);
#2085 = ORIENTED_EDGE('',*,*,#2079,.T.);
#2086 = CYLINDRICAL_SURFACE('',#2087,1.6);
#2087 = AXIS2_PLACEMENT_3D('',#2088,#2089,#2090);
#2088 = CARTESIAN_POINT('',(42.,-1.,73.1));
#2089 = DIRECTION('',(0.,1.,0.));
#2090 = DIRECTION('',(0.,-0.,1.));
#2091 = ADVANCED_FACE('',(#2092),#2108,.F.);
#2092 = FACE_BOUND('',#2093,.F.);
#2093 = EDGE_LOOP('',(#2094,#2095,#2101,#2102));
#2094 = ORIENTED_EDGE('',*,*,#394,.T.);
#2095 = ORIENTED_EDGE('',*,*,#2096,.T.);
#2096 = EDGE_CURVE('',#397,#1185,#2097,.T.);
#2097 = LINE('',#2098,#2099);
#2098 = CARTESIAN_POINT('',(6.95,-1.,85.35));
#2099 = VECTOR('',#2100,1.);
#2100 = DIRECTION('',(-0.,1.,0.));
#2101 = ORIENTED_EDGE('',*,*,#1182,.F.);
#2102 = ORIENTED_EDGE('',*,*,#2103,.F.);
#2103 = EDGE_CURVE('',#395,#1183,#2104,.T.);
#2104 = LINE('',#2105,#2106);
#2105 = CARTESIAN_POINT('',(6.95,-1.,78.95));
#2106 = VECTOR('',#2107,1.);
#2107 = DIRECTION('',(-0.,1.,0.));
#2108 = CYLINDRICAL_SURFACE('',#2109,3.2);
#2109 = AXIS2_PLACEMENT_3D('',#2110,#2111,#2112);
#2110 = CARTESIAN_POINT('',(6.95,-1.,82.15));
#2111 = DIRECTION('',(0.,1.,0.));
#2112 = DIRECTION('',(0.,-0.,1.));
#2113 = ADVANCED_FACE('',(#2114),#2125,.F.);
#2114 = FACE_BOUND('',#2115,.F.);
#2115 = EDGE_LOOP('',(#2116,#2117,#2118,#2124));
#2116 = ORIENTED_EDGE('',*,*,#2096,.F.);
#2117 = ORIENTED_EDGE('',*,*,#422,.T.);
#2118 = ORIENTED_EDGE('',*,*,#2119,.T.);
#2119 = EDGE_CURVE('',#414,#1202,#2120,.T.);
#2120 = LINE('',#2121,#2122);
#2121 = CARTESIAN_POINT('',(10.55,-1.,85.35));
#2122 = VECTOR('',#2123,1.);
#2123 = DIRECTION('',(-0.,1.,0.));
#2124 = ORIENTED_EDGE('',*,*,#1210,.F.);
#2125 = PLANE('',#2126);
#2126 = AXIS2_PLACEMENT_3D('',#2127,#2128,#2129);
#2127 = CARTESIAN_POINT('',(6.95,-1.,85.35));
#2128 = DIRECTION('',(0.,0.,1.));
#2129 = DIRECTION('',(1.,0.,-0.));
#2130 = ADVANCED_FACE('',(#2131),#2142,.F.);
#2131 = FACE_BOUND('',#2132,.F.);
#2132 = EDGE_LOOP('',(#2133,#2134,#2135,#2136));
#2133 = ORIENTED_EDGE('',*,*,#1201,.F.);
#2134 = ORIENTED_EDGE('',*,*,#2119,.F.);
#2135 = ORIENTED_EDGE('',*,*,#413,.T.);
#2136 = ORIENTED_EDGE('',*,*,#2137,.T.);
#2137 = EDGE_CURVE('',#406,#1194,#2138,.T.);
#2138 = LINE('',#2139,#2140);
#2139 = CARTESIAN_POINT('',(10.55,-1.,78.95));
#2140 = VECTOR('',#2141,1.);
#2141 = DIRECTION('',(-0.,1.,0.));
#2142 = CYLINDRICAL_SURFACE('',#2143,3.2);
#2143 = AXIS2_PLACEMENT_3D('',#2144,#2145,#2146);
#2144 = CARTESIAN_POINT('',(10.55,-1.,82.15));
#2145 = DIRECTION('',(0.,1.,0.));
#2146 = DIRECTION('',(0.,-0.,1.));
#2147 = ADVANCED_FACE('',(#2148),#2154,.T.);
#2148 = FACE_BOUND('',#2149,.T.);
#2149 = EDGE_LOOP('',(#2150,#2151,#2152,#2153));
#2150 = ORIENTED_EDGE('',*,*,#2103,.F.);
#2151 = ORIENTED_EDGE('',*,*,#405,.T.);
#2152 = ORIENTED_EDGE('',*,*,#2137,.T.);
#2153 = ORIENTED_EDGE('',*,*,#1193,.F.);
#2154 = PLANE('',#2155);
#2155 = AXIS2_PLACEMENT_3D('',#2156,#2157,#2158);
#2156 = CARTESIAN_POINT('',(6.95,-1.,78.95));
#2157 = DIRECTION('',(0.,0.,1.));
#2158 = DIRECTION('',(1.,0.,-0.));
#2159 = ADVANCED_FACE('',(#2160),#2171,.F.);
#2160 = FACE_BOUND('',#2161,.F.);
#2161 = EDGE_LOOP('',(#2162,#2163,#2169,#2170));
#2162 = ORIENTED_EDGE('',*,*,#1218,.F.);
#2163 = ORIENTED_EDGE('',*,*,#2164,.F.);
#2164 = EDGE_CURVE('',#431,#1219,#2165,.T.);
#2165 = LINE('',#2166,#2167);
#2166 = CARTESIAN_POINT('',(27.8,-1.,85.85));
#2167 = VECTOR('',#2168,1.);
#2168 = DIRECTION('',(0.,1.,0.));
#2169 = ORIENTED_EDGE('',*,*,#430,.T.);
#2170 = ORIENTED_EDGE('',*,*,#2164,.T.);
#2171 = CYLINDRICAL_SURFACE('',#2172,2.65);
#2172 = AXIS2_PLACEMENT_3D('',#2173,#2174,#2175);
#2173 = CARTESIAN_POINT('',(27.8,-1.,83.2));
#2174 = DIRECTION('',(0.,1.,0.));
#2175 = DIRECTION('',(0.,-0.,1.));
#2176 = ADVANCED_FACE('',(#2177),#2188,.F.);
#2177 = FACE_BOUND('',#2178,.F.);
#2178 = EDGE_LOOP('',(#2179,#2180,#2186,#2187));
#2179 = ORIENTED_EDGE('',*,*,#1229,.F.);
#2180 = ORIENTED_EDGE('',*,*,#2181,.F.);
#2181 = EDGE_CURVE('',#442,#1230,#2182,.T.);
#2182 = LINE('',#2183,#2184);
#2183 = CARTESIAN_POINT('',(139.5,-1.,64.6));
#2184 = VECTOR('',#2185,1.);
#2185 = DIRECTION('',(0.,1.,0.));
#2186 = ORIENTED_EDGE('',*,*,#441,.T.);
#2187 = ORIENTED_EDGE('',*,*,#2181,.T.);
#2188 = CYLINDRICAL_SURFACE('',#2189,3.);
#2189 = AXIS2_PLACEMENT_3D('',#2190,#2191,#2192);
#2190 = CARTESIAN_POINT('',(139.5,-1.,61.6));
#2191 = DIRECTION('',(0.,1.,0.));
#2192 = DIRECTION('',(0.,-0.,1.));
#2193 = ADVANCED_FACE('',(#2194),#2205,.F.);
#2194 = FACE_BOUND('',#2195,.F.);
#2195 = EDGE_LOOP('',(#2196,#2197,#2203,#2204));
#2196 = ORIENTED_EDGE('',*,*,#1240,.F.);
#2197 = ORIENTED_EDGE('',*,*,#2198,.F.);
#2198 = EDGE_CURVE('',#453,#1241,#2199,.T.);
#2199 = LINE('',#2200,#2201);
#2200 = CARTESIAN_POINT('',(158.5,-1.,65.35));
#2201 = VECTOR('',#2202,1.);
#2202 = DIRECTION('',(0.,1.,0.));
#2203 = ORIENTED_EDGE('',*,*,#452,.T.);
#2204 = ORIENTED_EDGE('',*,*,#2198,.T.);
#2205 = CYLINDRICAL_SURFACE('',#2206,3.75);
#2206 = AXIS2_PLACEMENT_3D('',#2207,#2208,#2209);
#2207 = CARTESIAN_POINT('',(158.5,-1.,61.6));
#2208 = DIRECTION('',(0.,1.,0.));
#2209 = DIRECTION('',(0.,-0.,1.));
#2210 = ADVANCED_FACE('',(#2211),#2222,.F.);
#2211 = FACE_BOUND('',#2212,.F.);
#2212 = EDGE_LOOP('',(#2213,#2214,#2220,#2221));
#2213 = ORIENTED_EDGE('',*,*,#1251,.F.);
#2214 = ORIENTED_EDGE('',*,*,#2215,.F.);
#2215 = EDGE_CURVE('',#464,#1252,#2216,.T.);
#2216 = LINE('',#2217,#2218);
#2217 = CARTESIAN_POINT('',(199.,-1.,64.85));
#2218 = VECTOR('',#2219,1.);
#2219 = DIRECTION('',(0.,1.,0.));
#2220 = ORIENTED_EDGE('',*,*,#463,.T.);
#2221 = ORIENTED_EDGE('',*,*,#2215,.T.);
#2222 = CYLINDRICAL_SURFACE('',#2223,3.75);
#2223 = AXIS2_PLACEMENT_3D('',#2224,#2225,#2226);
#2224 = CARTESIAN_POINT('',(199.,-1.,61.1));
#2225 = DIRECTION('',(0.,1.,0.));
#2226 = DIRECTION('',(0.,-0.,1.));
#2227 = ADVANCED_FACE('',(#2228),#2239,.F.);
#2228 = FACE_BOUND('',#2229,.F.);
#2229 = EDGE_LOOP('',(#2230,#2231,#2237,#2238));
#2230 = ORIENTED_EDGE('',*,*,#1262,.F.);
#2231 = ORIENTED_EDGE('',*,*,#2232,.F.);
#2232 = EDGE_CURVE('',#475,#1263,#2233,.T.);
#2233 = LINE('',#2234,#2235);
#2234 = CARTESIAN_POINT('',(248.,-1.,24.85));
#2235 = VECTOR('',#2236,1.);
#2236 = DIRECTION('',(0.,1.,0.));
#2237 = ORIENTED_EDGE('',*,*,#474,.T.);
#2238 = ORIENTED_EDGE('',*,*,#2232,.T.);
#2239 = CYLINDRICAL_SURFACE('',#2240,3.75);
#2240 = AXIS2_PLACEMENT_3D('',#2241,#2242,#2243);
#2241 = CARTESIAN_POINT('',(248.,-1.,21.1));
#2242 = DIRECTION('',(0.,1.,0.));
#2243 = DIRECTION('',(0.,-0.,1.));
#2244 = ADVANCED_FACE('',(#2245),#2256,.F.);
#2245 = FACE_BOUND('',#2246,.F.);
#2246 = EDGE_LOOP('',(#2247,#2248,#2254,#2255));
#2247 = ORIENTED_EDGE('',*,*,#1273,.F.);
#2248 = ORIENTED_EDGE('',*,*,#2249,.F.);
#2249 = EDGE_CURVE('',#486,#1274,#2250,.T.);
#2250 = LINE('',#2251,#2252);
#2251 = CARTESIAN_POINT('',(287.,-1.,25.85));
#2252 = VECTOR('',#2253,1.);
#2253 = DIRECTION('',(0.,1.,0.));
#2254 = ORIENTED_EDGE('',*,*,#485,.T.);
#2255 = ORIENTED_EDGE('',*,*,#2249,.T.);
#2256 = CYLINDRICAL_SURFACE('',#2257,4.75);
#2257 = AXIS2_PLACEMENT_3D('',#2258,#2259,#2260);
#2258 = CARTESIAN_POINT('',(287.,-1.,21.1));
#2259 = DIRECTION('',(0.,1.,0.));
#2260 = DIRECTION('',(0.,-0.,1.));
#2261 = ADVANCED_FACE('',(#2262),#2273,.F.);
#2262 = FACE_BOUND('',#2263,.F.);
#2263 = EDGE_LOOP('',(#2264,#2265,#2271,#2272));
#2264 = ORIENTED_EDGE('',*,*,#1284,.F.);
#2265 = ORIENTED_EDGE('',*,*,#2266,.F.);
#2266 = EDGE_CURVE('',#497,#1285,#2267,.T.);
#2267 = LINE('',#2268,#2269);
#2268 = CARTESIAN_POINT('',(308.5,-1.,14.1));
#2269 = VECTOR('',#2270,1.);
#2270 = DIRECTION('',(0.,1.,0.));
#2271 = ORIENTED_EDGE('',*,*,#496,.T.);
#2272 = ORIENTED_EDGE('',*,*,#2266,.T.);
#2273 = CYLINDRICAL_SURFACE('',#2274,3.);
#2274 = AXIS2_PLACEMENT_3D('',#2275,#2276,#2277);
#2275 = CARTESIAN_POINT('',(308.5,-1.,11.1));
#2276 = DIRECTION('',(0.,1.,0.));
#2277 = DIRECTION('',(0.,-0.,1.));
#2278 = ADVANCED_FACE('',(#2279),#2290,.F.);
#2279 = FACE_BOUND('',#2280,.F.);
#2280 = EDGE_LOOP('',(#2281,#2282,#2288,#2289));
#2281 = ORIENTED_EDGE('',*,*,#1295,.F.);
#2282 = ORIENTED_EDGE('',*,*,#2283,.F.);
#2283 = EDGE_CURVE('',#508,#1296,#2284,.T.);
#2284 = LINE('',#2285,#2286);
#2285 = CARTESIAN_POINT('',(318.,-1.,12.7));
#2286 = VECTOR('',#2287,1.);
#2287 = DIRECTION('',(0.,1.,0.));
#2288 = ORIENTED_EDGE('',*,*,#507,.T.);
#2289 = ORIENTED_EDGE('',*,*,#2283,.T.);
#2290 = CYLINDRICAL_SURFACE('',#2291,1.6);
#2291 = AXIS2_PLACEMENT_3D('',#2292,#2293,#2294);
#2292 = CARTESIAN_POINT('',(318.,-1.,11.1));
#2293 = DIRECTION('',(0.,1.,0.));
#2294 = DIRECTION('',(0.,-0.,1.));
#2295 = ADVANCED_FACE('',(#2296),#2307,.F.);
#2296 = FACE_BOUND('',#2297,.F.);
#2297 = EDGE_LOOP('',(#2298,#2299,#2305,#2306));
#2298 = ORIENTED_EDGE('',*,*,#1306,.F.);
#2299 = ORIENTED_EDGE('',*,*,#2300,.F.);
#2300 = EDGE_CURVE('',#519,#1307,#2301,.T.);
#2301 = LINE('',#2302,#2303);
#2302 = CARTESIAN_POINT('',(327.5,-1.,14.1));
#2303 = VECTOR('',#2304,1.);
#2304 = DIRECTION('',(0.,1.,0.));
#2305 = ORIENTED_EDGE('',*,*,#518,.T.);
#2306 = ORIENTED_EDGE('',*,*,#2300,.T.);
#2307 = CYLINDRICAL_SURFACE('',#2308,3.);
#2308 = AXIS2_PLACEMENT_3D('',#2309,#2310,#2311);
#2309 = CARTESIAN_POINT('',(327.5,-1.,11.1));
#2310 = DIRECTION('',(0.,1.,0.));
#2311 = DIRECTION('',(0.,-0.,1.));
#2312 = ADVANCED_FACE('',(#2313),#2324,.F.);
#2313 = FACE_BOUND('',#2314,.F.);
#2314 = EDGE_LOOP('',(#2315,#2316,#2322,#2323));
#2315 = ORIENTED_EDGE('',*,*,#1317,.F.);
#2316 = ORIENTED_EDGE('',*,*,#2317,.F.);
#2317 = EDGE_CURVE('',#530,#1318,#2318,.T.);
#2318 = LINE('',#2319,#2320);
#2319 = CARTESIAN_POINT('',(348.,-1.,24.85));
#2320 = VECTOR('',#2321,1.);
#2321 = DIRECTION('',(0.,1.,0.));
#2322 = ORIENTED_EDGE('',*,*,#529,.T.);
#2323 = ORIENTED_EDGE('',*,*,#2317,.T.);
#2324 = CYLINDRICAL_SURFACE('',#2325,3.75);
#2325 = AXIS2_PLACEMENT_3D('',#2326,#2327,#2328);
#2326 = CARTESIAN_POINT('',(348.,-1.,21.1));
#2327 = DIRECTION('',(0.,1.,0.));
#2328 = DIRECTION('',(0.,-0.,1.));
#2329 = ADVANCED_FACE('',(#2330),#2341,.F.);
#2330 = FACE_BOUND('',#2331,.F.);
#2331 = EDGE_LOOP('',(#2332,#2333,#2339,#2340));
#2332 = ORIENTED_EDGE('',*,*,#1328,.F.);
#2333 = ORIENTED_EDGE('',*,*,#2334,.F.);
#2334 = EDGE_CURVE('',#541,#1329,#2335,.T.);
#2335 = LINE('',#2336,#2337);
#2336 = CARTESIAN_POINT('',(318.,-1.,40.85));
#2337 = VECTOR('',#2338,1.);
#2338 = DIRECTION('',(0.,1.,0.));
#2339 = ORIENTED_EDGE('',*,*,#540,.T.);
#2340 = ORIENTED_EDGE('',*,*,#2334,.T.);
#2341 = CYLINDRICAL_SURFACE('',#2342,3.75);
#2342 = AXIS2_PLACEMENT_3D('',#2343,#2344,#2345);
#2343 = CARTESIAN_POINT('',(318.,-1.,37.1));
#2344 = DIRECTION('',(0.,1.,0.));
#2345 = DIRECTION('',(0.,-0.,1.));
#2346 = ADVANCED_FACE('',(#2347),#2358,.F.);
#2347 = FACE_BOUND('',#2348,.F.);
#2348 = EDGE_LOOP('',(#2349,#2350,#2356,#2357));
#2349 = ORIENTED_EDGE('',*,*,#1339,.F.);
#2350 = ORIENTED_EDGE('',*,*,#2351,.F.);
#2351 = EDGE_CURVE('',#552,#1340,#2352,.T.);
#2352 = LINE('',#2353,#2354);
#2353 = CARTESIAN_POINT('',(372.,-1.,24.85));
#2354 = VECTOR('',#2355,1.);
#2355 = DIRECTION('',(0.,1.,0.));
#2356 = ORIENTED_EDGE('',*,*,#551,.T.);
#2357 = ORIENTED_EDGE('',*,*,#2351,.T.);
#2358 = CYLINDRICAL_SURFACE('',#2359,3.75);
#2359 = AXIS2_PLACEMENT_3D('',#2360,#2361,#2362);
#2360 = CARTESIAN_POINT('',(372.,-1.,21.1));
#2361 = DIRECTION('',(0.,1.,0.));
#2362 = DIRECTION('',(0.,-0.,1.));
#2363 = ADVANCED_FACE('',(#2364),#2375,.F.);
#2364 = FACE_BOUND('',#2365,.F.);
#2365 = EDGE_LOOP('',(#2366,#2367,#2373,#2374));
#2366 = ORIENTED_EDGE('',*,*,#1350,.F.);
#2367 = ORIENTED_EDGE('',*,*,#2368,.F.);
#2368 = EDGE_CURVE('',#563,#1351,#2369,.T.);
#2369 = LINE('',#2370,#2371);
#2370 = CARTESIAN_POINT('',(389.,-1.,24.1));
#2371 = VECTOR('',#2372,1.);
#2372 = DIRECTION('',(0.,1.,0.));
#2373 = ORIENTED_EDGE('',*,*,#562,.T.);
#2374 = ORIENTED_EDGE('',*,*,#2368,.T.);
#2375 = CYLINDRICAL_SURFACE('',#2376,3.);
#2376 = AXIS2_PLACEMENT_3D('',#2377,#2378,#2379);
#2377 = CARTESIAN_POINT('',(389.,-1.,21.1));
#2378 = DIRECTION('',(0.,1.,0.));
#2379 = DIRECTION('',(0.,-0.,1.));
#2380 = ADVANCED_FACE('',(#2381),#2392,.F.);
#2381 = FACE_BOUND('',#2382,.F.);
#2382 = EDGE_LOOP('',(#2383,#2384,#2390,#2391));
#2383 = ORIENTED_EDGE('',*,*,#1361,.F.);
#2384 = ORIENTED_EDGE('',*,*,#2385,.F.);
#2385 = EDGE_CURVE('',#574,#1362,#2386,.T.);
#2386 = LINE('',#2387,#2388);
#2387 = CARTESIAN_POINT('',(402.,-1.,24.1));
#2388 = VECTOR('',#2389,1.);
#2389 = DIRECTION('',(0.,1.,0.));
#2390 = ORIENTED_EDGE('',*,*,#573,.T.);
#2391 = ORIENTED_EDGE('',*,*,#2385,.T.);
#2392 = CYLINDRICAL_SURFACE('',#2393,3.);
#2393 = AXIS2_PLACEMENT_3D('',#2394,#2395,#2396);
#2394 = CARTESIAN_POINT('',(402.,-1.,21.1));
#2395 = DIRECTION('',(0.,1.,0.));
#2396 = DIRECTION('',(0.,-0.,1.));
#2397 = ADVANCED_FACE('',(#2398),#2409,.F.);
#2398 = FACE_BOUND('',#2399,.F.);
#2399 = EDGE_LOOP('',(#2400,#2401,#2407,#2408));
#2400 = ORIENTED_EDGE('',*,*,#1372,.F.);
#2401 = ORIENTED_EDGE('',*,*,#2402,.F.);
#2402 = EDGE_CURVE('',#585,#1373,#2403,.T.);
#2403 = LINE('',#2404,#2405);
#2404 = CARTESIAN_POINT('',(416.5,-1.,25.85));
#2405 = VECTOR('',#2406,1.);
#2406 = DIRECTION('',(0.,1.,0.));
#2407 = ORIENTED_EDGE('',*,*,#584,.T.);
#2408 = ORIENTED_EDGE('',*,*,#2402,.T.);
#2409 = CYLINDRICAL_SURFACE('',#2410,4.75);
#2410 = AXIS2_PLACEMENT_3D('',#2411,#2412,#2413);
#2411 = CARTESIAN_POINT('',(416.5,-1.,21.1));
#2412 = DIRECTION('',(0.,1.,0.));
#2413 = DIRECTION('',(0.,-0.,1.));
#2414 = ADVANCED_FACE('',(#2415),#2426,.F.);
#2415 = FACE_BOUND('',#2416,.F.);
#2416 = EDGE_LOOP('',(#2417,#2418,#2424,#2425));
#2417 = ORIENTED_EDGE('',*,*,#1383,.F.);
#2418 = ORIENTED_EDGE('',*,*,#2419,.F.);
#2419 = EDGE_CURVE('',#596,#1384,#2420,.T.);
#2420 = LINE('',#2421,#2422);
#2421 = CARTESIAN_POINT('',(454.8,-1.,7.55));
#2422 = VECTOR('',#2423,1.);
#2423 = DIRECTION('',(0.,1.,0.));
#2424 = ORIENTED_EDGE('',*,*,#595,.T.);
#2425 = ORIENTED_EDGE('',*,*,#2419,.T.);
#2426 = CYLINDRICAL_SURFACE('',#2427,2.65);
#2427 = AXIS2_PLACEMENT_3D('',#2428,#2429,#2430);
#2428 = CARTESIAN_POINT('',(454.8,-1.,4.9));
#2429 = DIRECTION('',(0.,1.,0.));
#2430 = DIRECTION('',(0.,-0.,1.));
#2431 = ADVANCED_FACE('',(#2432),#2448,.F.);
#2432 = FACE_BOUND('',#2433,.F.);
#2433 = EDGE_LOOP('',(#2434,#2435,#2441,#2442));
#2434 = ORIENTED_EDGE('',*,*,#606,.T.);
#2435 = ORIENTED_EDGE('',*,*,#2436,.T.);
#2436 = EDGE_CURVE('',#609,#1397,#2437,.T.);
#2437 = LINE('',#2438,#2439);
#2438 = CARTESIAN_POINT('',(472.05,-1.,9.15));
#2439 = VECTOR('',#2440,1.);
#2440 = DIRECTION('',(-0.,1.,0.));
#2441 = ORIENTED_EDGE('',*,*,#1394,.F.);
#2442 = ORIENTED_EDGE('',*,*,#2443,.F.);
#2443 = EDGE_CURVE('',#607,#1395,#2444,.T.);
#2444 = LINE('',#2445,#2446);
#2445 = CARTESIAN_POINT('',(472.05,-1.,2.75));
#2446 = VECTOR('',#2447,1.);
#2447 = DIRECTION('',(-0.,1.,0.));
#2448 = CYLINDRICAL_SURFACE('',#2449,3.2);
#2449 = AXIS2_PLACEMENT_3D('',#2450,#2451,#2452);
#2450 = CARTESIAN_POINT('',(472.05,-1.,5.95));
#2451 = DIRECTION('',(0.,1.,0.));
#2452 = DIRECTION('',(0.,-0.,1.));
#2453 = ADVANCED_FACE('',(#2454),#2465,.F.);
#2454 = FACE_BOUND('',#2455,.F.);
#2455 = EDGE_LOOP('',(#2456,#2457,#2458,#2464));
#2456 = ORIENTED_EDGE('',*,*,#2436,.F.);
#2457 = ORIENTED_EDGE('',*,*,#634,.T.);
#2458 = ORIENTED_EDGE('',*,*,#2459,.T.);
#2459 = EDGE_CURVE('',#626,#1414,#2460,.T.);
#2460 = LINE('',#2461,#2462);
#2461 = CARTESIAN_POINT('',(475.65,-1.,9.15));
#2462 = VECTOR('',#2463,1.);
#2463 = DIRECTION('',(-0.,1.,0.));
#2464 = ORIENTED_EDGE('',*,*,#1422,.F.);
#2465 = PLANE('',#2466);
#2466 = AXIS2_PLACEMENT_3D('',#2467,#2468,#2469);
#2467 = CARTESIAN_POINT('',(472.05,-1.,9.15));
#2468 = DIRECTION('',(0.,0.,1.));
#2469 = DIRECTION('',(1.,0.,-0.));
#2470 = ADVANCED_FACE('',(#2471),#2482,.F.);
#2471 = FACE_BOUND('',#2472,.F.);
#2472 = EDGE_LOOP('',(#2473,#2474,#2475,#2476));
#2473 = ORIENTED_EDGE('',*,*,#1413,.F.);
#2474 = ORIENTED_EDGE('',*,*,#2459,.F.);
#2475 = ORIENTED_EDGE('',*,*,#625,.T.);
#2476 = ORIENTED_EDGE('',*,*,#2477,.T.);
#2477 = EDGE_CURVE('',#618,#1406,#2478,.T.);
#2478 = LINE('',#2479,#2480);
#2479 = CARTESIAN_POINT('',(475.65,-1.,2.75));
#2480 = VECTOR('',#2481,1.);
#2481 = DIRECTION('',(-0.,1.,0.));
#2482 = CYLINDRICAL_SURFACE('',#2483,3.2);
#2483 = AXIS2_PLACEMENT_3D('',#2484,#2485,#2486);
#2484 = CARTESIAN_POINT('',(475.65,-1.,5.95));
#2485 = DIRECTION('',(0.,1.,0.));
#2486 = DIRECTION('',(0.,-0.,1.));
#2487 = ADVANCED_FACE('',(#2488),#2494,.T.);
#2488 = FACE_BOUND('',#2489,.T.);
#2489 = EDGE_LOOP('',(#2490,#2491,#2492,#2493));
#2490 = ORIENTED_EDGE('',*,*,#2443,.F.);
#2491 = ORIENTED_EDGE('',*,*,#617,.T.);
#2492 = ORIENTED_EDGE('',*,*,#2477,.T.);
#2493 = ORIENTED_EDGE('',*,*,#1405,.F.);
#2494 = PLANE('',#2495);
#2495 = AXIS2_PLACEMENT_3D('',#2496,#2497,#2498);
#2496 = CARTESIAN_POINT('',(472.05,-1.,2.75));
#2497 = DIRECTION('',(0.,0.,1.));
#2498 = DIRECTION('',(1.,0.,-0.));
#2499 = ADVANCED_FACE('',(#2500),#2516,.F.);
#2500 = FACE_BOUND('',#2501,.F.);
#2501 = EDGE_LOOP('',(#2502,#2508,#2509,#2515));
#2502 = ORIENTED_EDGE('',*,*,#2503,.F.);
#2503 = EDGE_CURVE('',#643,#1431,#2504,.T.);
#2504 = LINE('',#2505,#2506);
#2505 = CARTESIAN_POINT('',(430.35,-1.,56.65));
#2506 = VECTOR('',#2507,1.);
#2507 = DIRECTION('',(-0.,1.,0.));
#2508 = ORIENTED_EDGE('',*,*,#642,.T.);
#2509 = ORIENTED_EDGE('',*,*,#2510,.T.);
#2510 = EDGE_CURVE('',#645,#1433,#2511,.T.);
#2511 = LINE('',#2512,#2513);
#2512 = CARTESIAN_POINT('',(431.35,-1.,57.65));
#2513 = VECTOR('',#2514,1.);
#2514 = DIRECTION('',(-0.,1.,0.));
#2515 = ORIENTED_EDGE('',*,*,#1430,.F.);
#2516 = CYLINDRICAL_SURFACE('',#2517,1.);
#2517 = AXIS2_PLACEMENT_3D('',#2518,#2519,#2520);
#2518 = CARTESIAN_POINT('',(431.35,-1.,56.65));
#2519 = DIRECTION('',(-0.,1.,0.));
#2520 = DIRECTION('',(-1.,-0.,0.));
#2521 = ADVANCED_FACE('',(#2522),#2533,.F.);
#2522 = FACE_BOUND('',#2523,.F.);
#2523 = EDGE_LOOP('',(#2524,#2525,#2526,#2527));
#2524 = ORIENTED_EDGE('',*,*,#1492,.F.);
#2525 = ORIENTED_EDGE('',*,*,#2510,.F.);
#2526 = ORIENTED_EDGE('',*,*,#704,.T.);
#2527 = ORIENTED_EDGE('',*,*,#2528,.T.);
#2528 = EDGE_CURVE('',#696,#1484,#2529,.T.);
#2529 = LINE('',#2530,#2531);
#2530 = CARTESIAN_POINT('',(441.65,-1.,57.65));
#2531 = VECTOR('',#2532,1.);
#2532 = DIRECTION('',(-0.,1.,0.));
#2533 = PLANE('',#2534);
#2534 = AXIS2_PLACEMENT_3D('',#2535,#2536,#2537);
#2535 = CARTESIAN_POINT('',(430.35,-1.,57.65));
#2536 = DIRECTION('',(0.,0.,1.));
#2537 = DIRECTION('',(1.,0.,-0.));
#2538 = ADVANCED_FACE('',(#2539),#2550,.F.);
#2539 = FACE_BOUND('',#2540,.T.);
#2540 = EDGE_LOOP('',(#2541,#2547,#2548,#2549));
#2541 = ORIENTED_EDGE('',*,*,#2542,.F.);
#2542 = EDGE_CURVE('',#688,#1476,#2543,.T.);
#2543 = LINE('',#2544,#2545);
#2544 = CARTESIAN_POINT('',(442.65,-1.,56.65));
#2545 = VECTOR('',#2546,1.);
#2546 = DIRECTION('',(-0.,1.,0.));
#2547 = ORIENTED_EDGE('',*,*,#695,.F.);
#2548 = ORIENTED_EDGE('',*,*,#2528,.T.);
#2549 = ORIENTED_EDGE('',*,*,#1483,.T.);
#2550 = CYLINDRICAL_SURFACE('',#2551,1.);
#2551 = AXIS2_PLACEMENT_3D('',#2552,#2553,#2554);
#2552 = CARTESIAN_POINT('',(441.65,-1.,56.65));
#2553 = DIRECTION('',(-0.,1.,0.));
#2554 = DIRECTION('',(1.,0.,-0.));
#2555 = ADVANCED_FACE('',(#2556),#2567,.F.);
#2556 = FACE_BOUND('',#2557,.F.);
#2557 = EDGE_LOOP('',(#2558,#2559,#2565,#2566));
#2558 = ORIENTED_EDGE('',*,*,#687,.T.);
#2559 = ORIENTED_EDGE('',*,*,#2560,.T.);
#2560 = EDGE_CURVE('',#679,#1467,#2561,.T.);
#2561 = LINE('',#2562,#2563);
#2562 = CARTESIAN_POINT('',(442.65,-1.,31.45));
#2563 = VECTOR('',#2564,1.);
#2564 = DIRECTION('',(-0.,1.,0.));
#2565 = ORIENTED_EDGE('',*,*,#1475,.F.);
#2566 = ORIENTED_EDGE('',*,*,#2542,.F.);
#2567 = PLANE('',#2568);
#2568 = AXIS2_PLACEMENT_3D('',#2569,#2570,#2571);
#2569 = CARTESIAN_POINT('',(442.65,-1.,30.45));
#2570 = DIRECTION('',(1.,0.,-0.));
#2571 = DIRECTION('',(0.,0.,1.));
#2572 = ADVANCED_FACE('',(#2573),#2584,.F.);
#2573 = FACE_BOUND('',#2574,.F.);
#2574 = EDGE_LOOP('',(#2575,#2576,#2577,#2583));
#2575 = ORIENTED_EDGE('',*,*,#2560,.F.);
#2576 = ORIENTED_EDGE('',*,*,#678,.T.);
#2577 = ORIENTED_EDGE('',*,*,#2578,.T.);
#2578 = EDGE_CURVE('',#671,#1459,#2579,.T.);
#2579 = LINE('',#2580,#2581);
#2580 = CARTESIAN_POINT('',(441.65,-1.,30.45));
#2581 = VECTOR('',#2582,1.);
#2582 = DIRECTION('',(-0.,1.,0.));
#2583 = ORIENTED_EDGE('',*,*,#1466,.F.);
#2584 = CYLINDRICAL_SURFACE('',#2585,1.);
#2585 = AXIS2_PLACEMENT_3D('',#2586,#2587,#2588);
#2586 = CARTESIAN_POINT('',(441.65,-1.,31.45));
#2587 = DIRECTION('',(-0.,1.,0.));
#2588 = DIRECTION('',(1.,0.,-0.));
#2589 = ADVANCED_FACE('',(#2590),#2601,.T.);
#2590 = FACE_BOUND('',#2591,.T.);
#2591 = EDGE_LOOP('',(#2592,#2593,#2599,#2600));
#2592 = ORIENTED_EDGE('',*,*,#1458,.F.);
#2593 = ORIENTED_EDGE('',*,*,#2594,.F.);
#2594 = EDGE_CURVE('',#662,#1450,#2595,.T.);
#2595 = LINE('',#2596,#2597);
#2596 = CARTESIAN_POINT('',(431.35,-1.,30.45));
#2597 = VECTOR('',#2598,1.);
#2598 = DIRECTION('',(-0.,1.,0.));
#2599 = ORIENTED_EDGE('',*,*,#670,.T.);
#2600 = ORIENTED_EDGE('',*,*,#2578,.T.);
#2601 = PLANE('',#2602);
#2602 = AXIS2_PLACEMENT_3D('',#2603,#2604,#2605);
#2603 = CARTESIAN_POINT('',(430.35,-1.,30.45));
#2604 = DIRECTION('',(0.,0.,1.));
#2605 = DIRECTION('',(1.,0.,-0.));
#2606 = ADVANCED_FACE('',(#2607),#2618,.F.);
#2607 = FACE_BOUND('',#2608,.T.);
#2608 = EDGE_LOOP('',(#2609,#2615,#2616,#2617));
#2609 = ORIENTED_EDGE('',*,*,#2610,.F.);
#2610 = EDGE_CURVE('',#654,#1442,#2611,.T.);
#2611 = LINE('',#2612,#2613);
#2612 = CARTESIAN_POINT('',(430.35,-1.,31.45));
#2613 = VECTOR('',#2614,1.);
#2614 = DIRECTION('',(-0.,1.,0.));
#2615 = ORIENTED_EDGE('',*,*,#661,.F.);
#2616 = ORIENTED_EDGE('',*,*,#2594,.T.);
#2617 = ORIENTED_EDGE('',*,*,#1449,.T.);
#2618 = CYLINDRICAL_SURFACE('',#2619,1.);
#2619 = AXIS2_PLACEMENT_3D('',#2620,#2621,#2622);
#2620 = CARTESIAN_POINT('',(431.35,-1.,31.45));
#2621 = DIRECTION('',(-0.,1.,0.));
#2622 = DIRECTION('',(-1.,-0.,0.));
#2623 = ADVANCED_FACE('',(#2624),#2630,.T.);
#2624 = FACE_BOUND('',#2625,.T.);
#2625 = EDGE_LOOP('',(#2626,#2627,#2628,#2629));
#2626 = ORIENTED_EDGE('',*,*,#653,.T.);
#2627 = ORIENTED_EDGE('',*,*,#2610,.T.);
#2628 = ORIENTED_EDGE('',*,*,#1441,.F.);
#2629 = ORIENTED_EDGE('',*,*,#2503,.F.);
#2630 = PLANE('',#2631);
#2631 = AXIS2_PLACEMENT_3D('',#2632,#2633,#2634);
#2632 = CARTESIAN_POINT('',(430.35,-1.,30.45));
#2633 = DIRECTION('',(1.,0.,-0.));
#2634 = DIRECTION('',(0.,0.,1.));
#2635 = ADVANCED_FACE('',(#2636),#2647,.F.);
#2636 = FACE_BOUND('',#2637,.F.);
#2637 = EDGE_LOOP('',(#2638,#2639,#2645,#2646));
#2638 = ORIENTED_EDGE('',*,*,#1500,.F.);
#2639 = ORIENTED_EDGE('',*,*,#2640,.F.);
#2640 = EDGE_CURVE('',#713,#1501,#2641,.T.);
#2641 = LINE('',#2642,#2643);
#2642 = CARTESIAN_POINT('',(248.,-1.,64.85));
#2643 = VECTOR('',#2644,1.);
#2644 = DIRECTION('',(0.,1.,0.));
#2645 = ORIENTED_EDGE('',*,*,#712,.T.);
#2646 = ORIENTED_EDGE('',*,*,#2640,.T.);
#2647 = CYLINDRICAL_SURFACE('',#2648,3.75);
#2648 = AXIS2_PLACEMENT_3D('',#2649,#2650,#2651);
#2649 = CARTESIAN_POINT('',(248.,-1.,61.1));
#2650 = DIRECTION('',(0.,1.,0.));
#2651 = DIRECTION('',(0.,-0.,1.));
#2652 = ADVANCED_FACE('',(#2653),#2664,.F.);
#2653 = FACE_BOUND('',#2654,.F.);
#2654 = EDGE_LOOP('',(#2655,#2656,#2662,#2663));
#2655 = ORIENTED_EDGE('',*,*,#1511,.F.);
#2656 = ORIENTED_EDGE('',*,*,#2657,.F.);
#2657 = EDGE_CURVE('',#724,#1512,#2658,.T.);
#2658 = LINE('',#2659,#2660);
#2659 = CARTESIAN_POINT('',(287.,-1.,65.35));
#2660 = VECTOR('',#2661,1.);
#2661 = DIRECTION('',(0.,1.,0.));
#2662 = ORIENTED_EDGE('',*,*,#723,.T.);
#2663 = ORIENTED_EDGE('',*,*,#2657,.T.);
#2664 = CYLINDRICAL_SURFACE('',#2665,3.75);
#2665 = AXIS2_PLACEMENT_3D('',#2666,#2667,#2668);
#2666 = CARTESIAN_POINT('',(287.,-1.,61.6));
#2667 = DIRECTION('',(0.,1.,0.));
#2668 = DIRECTION('',(0.,-0.,1.));
#2669 = ADVANCED_FACE('',(#2670),#2681,.F.);
#2670 = FACE_BOUND('',#2671,.F.);
#2671 = EDGE_LOOP('',(#2672,#2673,#2679,#2680));
#2672 = ORIENTED_EDGE('',*,*,#1522,.F.);
#2673 = ORIENTED_EDGE('',*,*,#2674,.F.);
#2674 = EDGE_CURVE('',#735,#1523,#2675,.T.);
#2675 = LINE('',#2676,#2677);
#2676 = CARTESIAN_POINT('',(318.,-1.,65.35));
#2677 = VECTOR('',#2678,1.);
#2678 = DIRECTION('',(0.,1.,0.));
#2679 = ORIENTED_EDGE('',*,*,#734,.T.);
#2680 = ORIENTED_EDGE('',*,*,#2674,.T.);
#2681 = CYLINDRICAL_SURFACE('',#2682,3.75);
#2682 = AXIS2_PLACEMENT_3D('',#2683,#2684,#2685);
#2683 = CARTESIAN_POINT('',(318.,-1.,61.6));
#2684 = DIRECTION('',(0.,1.,0.));
#2685 = DIRECTION('',(0.,-0.,1.));
#2686 = ADVANCED_FACE('',(#2687),#2698,.F.);
#2687 = FACE_BOUND('',#2688,.F.);
#2688 = EDGE_LOOP('',(#2689,#2690,#2696,#2697));
#2689 = ORIENTED_EDGE('',*,*,#1533,.F.);
#2690 = ORIENTED_EDGE('',*,*,#2691,.F.);
#2691 = EDGE_CURVE('',#746,#1534,#2692,.T.);
#2692 = LINE('',#2693,#2694);
#2693 = CARTESIAN_POINT('',(348.,-1.,65.35));
#2694 = VECTOR('',#2695,1.);
#2695 = DIRECTION('',(0.,1.,0.));
#2696 = ORIENTED_EDGE('',*,*,#745,.T.);
#2697 = ORIENTED_EDGE('',*,*,#2691,.T.);
#2698 = CYLINDRICAL_SURFACE('',#2699,3.75);
#2699 = AXIS2_PLACEMENT_3D('',#2700,#2701,#2702);
#2700 = CARTESIAN_POINT('',(348.,-1.,61.6));
#2701 = DIRECTION('',(0.,1.,0.));
#2702 = DIRECTION('',(0.,-0.,1.));
#2703 = ADVANCED_FACE('',(#2704),#2715,.F.);
#2704 = FACE_BOUND('',#2705,.F.);
#2705 = EDGE_LOOP('',(#2706,#2707,#2713,#2714));
#2706 = ORIENTED_EDGE('',*,*,#1544,.F.);
#2707 = ORIENTED_EDGE('',*,*,#2708,.F.);
#2708 = EDGE_CURVE('',#757,#1545,#2709,.T.);
#2709 = LINE('',#2710,#2711);
#2710 = CARTESIAN_POINT('',(372.,-1.,65.35));
#2711 = VECTOR('',#2712,1.);
#2712 = DIRECTION('',(0.,1.,0.));
#2713 = ORIENTED_EDGE('',*,*,#756,.T.);
#2714 = ORIENTED_EDGE('',*,*,#2708,.T.);
#2715 = CYLINDRICAL_SURFACE('',#2716,3.75);
#2716 = AXIS2_PLACEMENT_3D('',#2717,#2718,#2719);
#2717 = CARTESIAN_POINT('',(372.,-1.,61.6));
#2718 = DIRECTION('',(0.,1.,0.));
#2719 = DIRECTION('',(0.,-0.,1.));
#2720 = ADVANCED_FACE('',(#2721),#2732,.F.);
#2721 = FACE_BOUND('',#2722,.F.);
#2722 = EDGE_LOOP('',(#2723,#2724,#2730,#2731));
#2723 = ORIENTED_EDGE('',*,*,#1555,.F.);
#2724 = ORIENTED_EDGE('',*,*,#2725,.F.);
#2725 = EDGE_CURVE('',#768,#1556,#2726,.T.);
#2726 = LINE('',#2727,#2728);
#2727 = CARTESIAN_POINT('',(389.,-1.,64.6));
#2728 = VECTOR('',#2729,1.);
#2729 = DIRECTION('',(0.,1.,0.));
#2730 = ORIENTED_EDGE('',*,*,#767,.T.);
#2731 = ORIENTED_EDGE('',*,*,#2725,.T.);
#2732 = CYLINDRICAL_SURFACE('',#2733,3.);
#2733 = AXIS2_PLACEMENT_3D('',#2734,#2735,#2736);
#2734 = CARTESIAN_POINT('',(389.,-1.,61.6));
#2735 = DIRECTION('',(0.,1.,0.));
#2736 = DIRECTION('',(0.,-0.,1.));
#2737 = ADVANCED_FACE('',(#2738),#2749,.F.);
#2738 = FACE_BOUND('',#2739,.F.);
#2739 = EDGE_LOOP('',(#2740,#2741,#2747,#2748));
#2740 = ORIENTED_EDGE('',*,*,#1566,.F.);
#2741 = ORIENTED_EDGE('',*,*,#2742,.F.);
#2742 = EDGE_CURVE('',#779,#1567,#2743,.T.);
#2743 = LINE('',#2744,#2745);
#2744 = CARTESIAN_POINT('',(402.,-1.,64.6));
#2745 = VECTOR('',#2746,1.);
#2746 = DIRECTION('',(0.,1.,0.));
#2747 = ORIENTED_EDGE('',*,*,#778,.T.);
#2748 = ORIENTED_EDGE('',*,*,#2742,.T.);
#2749 = CYLINDRICAL_SURFACE('',#2750,3.);
#2750 = AXIS2_PLACEMENT_3D('',#2751,#2752,#2753);
#2751 = CARTESIAN_POINT('',(402.,-1.,61.6));
#2752 = DIRECTION('',(0.,1.,0.));
#2753 = DIRECTION('',(0.,-0.,1.));
#2754 = ADVANCED_FACE('',(#2755),#2766,.F.);
#2755 = FACE_BOUND('',#2756,.F.);
#2756 = EDGE_LOOP('',(#2757,#2758,#2764,#2765));
#2757 = ORIENTED_EDGE('',*,*,#1577,.F.);
#2758 = ORIENTED_EDGE('',*,*,#2759,.F.);
#2759 = EDGE_CURVE('',#790,#1578,#2760,.T.);
#2760 = LINE('',#2761,#2762);
#2761 = CARTESIAN_POINT('',(416.5,-1.,66.35));
#2762 = VECTOR('',#2763,1.);
#2763 = DIRECTION('',(0.,1.,0.));
#2764 = ORIENTED_EDGE('',*,*,#789,.T.);
#2765 = ORIENTED_EDGE('',*,*,#2759,.T.);
#2766 = CYLINDRICAL_SURFACE('',#2767,4.75);
#2767 = AXIS2_PLACEMENT_3D('',#2768,#2769,#2770);
#2768 = CARTESIAN_POINT('',(416.5,-1.,61.6));
#2769 = DIRECTION('',(0.,1.,0.));
#2770 = DIRECTION('',(0.,-0.,1.));
#2771 = ADVANCED_FACE('',(#2772),#2783,.F.);
#2772 = FACE_BOUND('',#2773,.F.);
#2773 = EDGE_LOOP('',(#2774,#2775,#2781,#2782));
#2774 = ORIENTED_EDGE('',*,*,#1588,.F.);
#2775 = ORIENTED_EDGE('',*,*,#2776,.F.);
#2776 = EDGE_CURVE('',#801,#1589,#2777,.T.);
#2777 = LINE('',#2778,#2779);
#2778 = CARTESIAN_POINT('',(454.8,-1.,85.85));
#2779 = VECTOR('',#2780,1.);
#2780 = DIRECTION('',(0.,1.,0.));
#2781 = ORIENTED_EDGE('',*,*,#800,.T.);
#2782 = ORIENTED_EDGE('',*,*,#2776,.T.);
#2783 = CYLINDRICAL_SURFACE('',#2784,2.65);
#2784 = AXIS2_PLACEMENT_3D('',#2785,#2786,#2787);
#2785 = CARTESIAN_POINT('',(454.8,-1.,83.2));
#2786 = DIRECTION('',(0.,1.,0.));
#2787 = DIRECTION('',(0.,-0.,1.));
#2788 = ADVANCED_FACE('',(#2789),#2805,.F.);
#2789 = FACE_BOUND('',#2790,.F.);
#2790 = EDGE_LOOP('',(#2791,#2792,#2798,#2799));
#2791 = ORIENTED_EDGE('',*,*,#811,.T.);
#2792 = ORIENTED_EDGE('',*,*,#2793,.T.);
#2793 = EDGE_CURVE('',#814,#1602,#2794,.T.);
#2794 = LINE('',#2795,#2796);
#2795 = CARTESIAN_POINT('',(472.05,-1.,85.35));
#2796 = VECTOR('',#2797,1.);
#2797 = DIRECTION('',(-0.,1.,0.));
#2798 = ORIENTED_EDGE('',*,*,#1599,.F.);
#2799 = ORIENTED_EDGE('',*,*,#2800,.F.);
#2800 = EDGE_CURVE('',#812,#1600,#2801,.T.);
#2801 = LINE('',#2802,#2803);
#2802 = CARTESIAN_POINT('',(472.05,-1.,78.95));
#2803 = VECTOR('',#2804,1.);
#2804 = DIRECTION('',(-0.,1.,0.));
#2805 = CYLINDRICAL_SURFACE('',#2806,3.2);
#2806 = AXIS2_PLACEMENT_3D('',#2807,#2808,#2809);
#2807 = CARTESIAN_POINT('',(472.05,-1.,82.15));
#2808 = DIRECTION('',(0.,1.,0.));
#2809 = DIRECTION('',(0.,-0.,1.));
#2810 = ADVANCED_FACE('',(#2811),#2822,.F.);
#2811 = FACE_BOUND('',#2812,.F.);
#2812 = EDGE_LOOP('',(#2813,#2814,#2815,#2821));
#2813 = ORIENTED_EDGE('',*,*,#2793,.F.);
#2814 = ORIENTED_EDGE('',*,*,#839,.T.);
#2815 = ORIENTED_EDGE('',*,*,#2816,.T.);
#2816 = EDGE_CURVE('',#831,#1619,#2817,.T.);
#2817 = LINE('',#2818,#2819);
#2818 = CARTESIAN_POINT('',(475.65,-1.,85.35));
#2819 = VECTOR('',#2820,1.);
#2820 = DIRECTION('',(-0.,1.,0.));
#2821 = ORIENTED_EDGE('',*,*,#1627,.F.);
#2822 = PLANE('',#2823);
#2823 = AXIS2_PLACEMENT_3D('',#2824,#2825,#2826);
#2824 = CARTESIAN_POINT('',(472.05,-1.,85.35));
#2825 = DIRECTION('',(0.,0.,1.));
#2826 = DIRECTION('',(1.,0.,-0.));
#2827 = ADVANCED_FACE('',(#2828),#2839,.F.);
#2828 = FACE_BOUND('',#2829,.F.);
#2829 = EDGE_LOOP('',(#2830,#2831,#2832,#2833));
#2830 = ORIENTED_EDGE('',*,*,#1618,.F.);
#2831 = ORIENTED_EDGE('',*,*,#2816,.F.);
#2832 = ORIENTED_EDGE('',*,*,#830,.T.);
#2833 = ORIENTED_EDGE('',*,*,#2834,.T.);
#2834 = EDGE_CURVE('',#823,#1611,#2835,.T.);
#2835 = LINE('',#2836,#2837);
#2836 = CARTESIAN_POINT('',(475.65,-1.,78.95));
#2837 = VECTOR('',#2838,1.);
#2838 = DIRECTION('',(-0.,1.,0.));
#2839 = CYLINDRICAL_SURFACE('',#2840,3.2);
#2840 = AXIS2_PLACEMENT_3D('',#2841,#2842,#2843);
#2841 = CARTESIAN_POINT('',(475.65,-1.,82.15));
#2842 = DIRECTION('',(0.,1.,0.));
#2843 = DIRECTION('',(0.,-0.,1.));
#2844 = ADVANCED_FACE('',(#2845),#2851,.T.);
#2845 = FACE_BOUND('',#2846,.T.);
#2846 = EDGE_LOOP('',(#2847,#2848,#2849,#2850));
#2847 = ORIENTED_EDGE('',*,*,#2800,.F.);
#2848 = ORIENTED_EDGE('',*,*,#822,.T.);
#2849 = ORIENTED_EDGE('',*,*,#2834,.T.);
#2850 = ORIENTED_EDGE('',*,*,#1610,.F.);
#2851 = PLANE('',#2852);
#2852 = AXIS2_PLACEMENT_3D('',#2853,#2854,#2855);
#2853 = CARTESIAN_POINT('',(472.05,-1.,78.95));
#2854 = DIRECTION('',(0.,0.,1.));
#2855 = DIRECTION('',(1.,0.,-0.));
#2856 = ( GEOMETRIC_REPRESENTATION_CONTEXT(3) 
GLOBAL_UNCERTAINTY_ASSIGNED_CONTEXT((#2860)) 
GLOBAL_UNIT_ASSIGNED_CONTEXT((#2857,#2858,#2859)) REPRESENTATION_CONTEXT
('Context #1','3D Context with UNIT and UNCERTAINTY') );
#2857 = ( LENGTH_UNIT() NAMED_UNIT(*) SI_UNIT(.MILLI.,.METRE.) );
#2858 = ( NAMED_UNIT(*) PLANE_ANGLE_UNIT() SI_UNIT($,.RADIAN.) );
#2859 = ( NAMED_UNIT(*) SI_UNIT($,.STERADIAN.) SOLID_ANGLE_UNIT() );
#2860 = UNCERTAINTY_MEASURE_WITH_UNIT(LENGTH_MEASURE(1.E-07),#2857,
  'distance_accuracy_value','confusion accuracy');
#2861 = CONTEXT_DEPENDENT_SHAPE_REPRESENTATION(#2862,#2864);
#2862 = ( REPRESENTATION_RELATIONSHIP('','',#52,#10) 
REPRESENTATION_RELATIONSHIP_WITH_TRANSFORMATION(#2863) 
SHAPE_REPRESENTATION_RELATIONSHIP() );
#2863 = ITEM_DEFINED_TRANSFORMATION('','',#11,#15);
#2864 = PRODUCT_DEFINITION_SHAPE('Placement','Placement of an item',
  #2865);
#2865 = NEXT_ASSEMBLY_USAGE_OCCURRENCE('1','Frontplatte','',#5,#47,$);
#2866 = PRODUCT_RELATED_PRODUCT_CATEGORY('part',$,(#49));
#2867 = SHAPE_DEFINITION_REPRESENTATION(#2868,#2874);
#2868 = PRODUCT_DEFINITION_SHAPE('','',#2869);
#2869 = PRODUCT_DEFINITION('design','',#2870,#2873);
#2870 = PRODUCT_DEFINITION_FORMATION('','',#2871);
#2871 = PRODUCT('Rueckwand','Rueckwand','',(#2872));
#2872 = PRODUCT_CONTEXT('',#2,'mechanical');
#2873 = PRODUCT_DEFINITION_CONTEXT('part definition',#2,'design');
#2874 = ADVANCED_BREP_SHAPE_REPRESENTATION('',(#11,#2875),#3360);
#2875 = MANIFOLD_SOLID_BREP('',#2876);
#2876 = CLOSED_SHELL('',(#2877,#2917,#3039,#3064,#3089,#3195,#3212,#3229
    ,#3246,#3263,#3275,#3292,#3309,#3326,#3343));
#2877 = ADVANCED_FACE('',(#2878),#2912,.F.);
#2878 = FACE_BOUND('',#2879,.F.);
#2879 = EDGE_LOOP('',(#2880,#2890,#2898,#2906));
#2880 = ORIENTED_EDGE('',*,*,#2881,.F.);
#2881 = EDGE_CURVE('',#2882,#2884,#2886,.T.);
#2882 = VERTEX_POINT('',#2883);
#2883 = CARTESIAN_POINT('',(-4.440892098501E-16,0.,2.));
#2884 = VERTEX_POINT('',#2885);
#2885 = CARTESIAN_POINT('',(-4.440892098501E-16,0.,86.1));
#2886 = LINE('',#2887,#2888);
#2887 = CARTESIAN_POINT('',(0.,0.,0.));
#2888 = VECTOR('',#2889,1.);
#2889 = DIRECTION('',(0.,0.,1.));
#2890 = ORIENTED_EDGE('',*,*,#2891,.T.);
#2891 = EDGE_CURVE('',#2882,#2892,#2894,.T.);
#2892 = VERTEX_POINT('',#2893);
#2893 = CARTESIAN_POINT('',(-4.440892098501E-16,2.,2.));
#2894 = LINE('',#2895,#2896);
#2895 = CARTESIAN_POINT('',(-4.440892098501E-16,0.,2.));
#2896 = VECTOR('',#2897,1.);
#2897 = DIRECTION('',(-0.,1.,0.));
#2898 = ORIENTED_EDGE('',*,*,#2899,.T.);
#2899 = EDGE_CURVE('',#2892,#2900,#2902,.T.);
#2900 = VERTEX_POINT('',#2901);
#2901 = CARTESIAN_POINT('',(-4.440892098501E-16,2.,86.1));
#2902 = LINE('',#2903,#2904);
#2903 = CARTESIAN_POINT('',(0.,2.,0.));
#2904 = VECTOR('',#2905,1.);
#2905 = DIRECTION('',(0.,0.,1.));
#2906 = ORIENTED_EDGE('',*,*,#2907,.F.);
#2907 = EDGE_CURVE('',#2884,#2900,#2908,.T.);
#2908 = LINE('',#2909,#2910);
#2909 = CARTESIAN_POINT('',(-4.440892098501E-16,0.,86.1));
#2910 = VECTOR('',#2911,1.);
#2911 = DIRECTION('',(-0.,1.,0.));
#2912 = PLANE('',#2913);
#2913 = AXIS2_PLACEMENT_3D('',#2914,#2915,#2916);
#2914 = CARTESIAN_POINT('',(0.,0.,0.));
#2915 = DIRECTION('',(1.,0.,-0.));
#2916 = DIRECTION('',(0.,0.,1.));
#2917 = ADVANCED_FACE('',(#2918,#2979,#2990,#3001,#3012,#3023),#3034,.F.
  );
#2918 = FACE_BOUND('',#2919,.F.);
#2919 = EDGE_LOOP('',(#2920,#2930,#2937,#2938,#2947,#2955,#2964,#2972));
#2920 = ORIENTED_EDGE('',*,*,#2921,.F.);
#2921 = EDGE_CURVE('',#2922,#2924,#2926,.T.);
#2922 = VERTEX_POINT('',#2923);
#2923 = CARTESIAN_POINT('',(2.,0.,-4.440892098501E-16));
#2924 = VERTEX_POINT('',#2925);
#2925 = CARTESIAN_POINT('',(435.,0.,-4.440892098501E-16));
#2926 = LINE('',#2927,#2928);
#2927 = CARTESIAN_POINT('',(0.,0.,0.));
#2928 = VECTOR('',#2929,1.);
#2929 = DIRECTION('',(1.,0.,-0.));
#2930 = ORIENTED_EDGE('',*,*,#2931,.F.);
#2931 = EDGE_CURVE('',#2882,#2922,#2932,.T.);
#2932 = CIRCLE('',#2933,2.);
#2933 = AXIS2_PLACEMENT_3D('',#2934,#2935,#2936);
#2934 = CARTESIAN_POINT('',(2.,0.,2.));
#2935 = DIRECTION('',(0.,-1.,0.));
#2936 = DIRECTION('',(0.,0.,1.));
#2937 = ORIENTED_EDGE('',*,*,#2881,.T.);
#2938 = ORIENTED_EDGE('',*,*,#2939,.T.);
#2939 = EDGE_CURVE('',#2884,#2940,#2942,.T.);
#2940 = VERTEX_POINT('',#2941);
#2941 = CARTESIAN_POINT('',(2.,0.,88.1));
#2942 = CIRCLE('',#2943,2.);
#2943 = AXIS2_PLACEMENT_3D('',#2944,#2945,#2946);
#2944 = CARTESIAN_POINT('',(2.,0.,86.1));
#2945 = DIRECTION('',(-0.,1.,0.));
#2946 = DIRECTION('',(0.,0.,1.));
#2947 = ORIENTED_EDGE('',*,*,#2948,.T.);
#2948 = EDGE_CURVE('',#2940,#2949,#2951,.T.);
#2949 = VERTEX_POINT('',#2950);
#2950 = CARTESIAN_POINT('',(435.,0.,88.1));
#2951 = LINE('',#2952,#2953);
#2952 = CARTESIAN_POINT('',(0.,0.,88.1));
#2953 = VECTOR('',#2954,1.);
#2954 = DIRECTION('',(1.,0.,-0.));
#2955 = ORIENTED_EDGE('',*,*,#2956,.F.);
#2956 = EDGE_CURVE('',#2957,#2949,#2959,.T.);
#2957 = VERTEX_POINT('',#2958);
#2958 = CARTESIAN_POINT('',(437.,0.,86.1));
#2959 = CIRCLE('',#2960,2.);
#2960 = AXIS2_PLACEMENT_3D('',#2961,#2962,#2963);
#2961 = CARTESIAN_POINT('',(435.,0.,86.1));
#2962 = DIRECTION('',(0.,-1.,0.));
#2963 = DIRECTION('',(0.,0.,1.));
#2964 = ORIENTED_EDGE('',*,*,#2965,.F.);
#2965 = EDGE_CURVE('',#2966,#2957,#2968,.T.);
#2966 = VERTEX_POINT('',#2967);
#2967 = CARTESIAN_POINT('',(437.,0.,2.));
#2968 = LINE('',#2969,#2970);
#2969 = CARTESIAN_POINT('',(437.,0.,0.));
#2970 = VECTOR('',#2971,1.);
#2971 = DIRECTION('',(0.,0.,1.));
#2972 = ORIENTED_EDGE('',*,*,#2973,.T.);
#2973 = EDGE_CURVE('',#2966,#2924,#2974,.T.);
#2974 = CIRCLE('',#2975,2.);
#2975 = AXIS2_PLACEMENT_3D('',#2976,#2977,#2978);
#2976 = CARTESIAN_POINT('',(435.,0.,2.));
#2977 = DIRECTION('',(-0.,1.,0.));
#2978 = DIRECTION('',(0.,0.,1.));
#2979 = FACE_BOUND('',#2980,.F.);
#2980 = EDGE_LOOP('',(#2981));
#2981 = ORIENTED_EDGE('',*,*,#2982,.F.);
#2982 = EDGE_CURVE('',#2983,#2983,#2985,.T.);
#2983 = VERTEX_POINT('',#2984);
#2984 = CARTESIAN_POINT('',(5.,0.,7.55));
#2985 = CIRCLE('',#2986,2.65);
#2986 = AXIS2_PLACEMENT_3D('',#2987,#2988,#2989);
#2987 = CARTESIAN_POINT('',(5.,0.,4.9));
#2988 = DIRECTION('',(0.,1.,0.));
#2989 = DIRECTION('',(0.,-0.,1.));
#2990 = FACE_BOUND('',#2991,.F.);
#2991 = EDGE_LOOP('',(#2992));
#2992 = ORIENTED_EDGE('',*,*,#2993,.F.);
#2993 = EDGE_CURVE('',#2994,#2994,#2996,.T.);
#2994 = VERTEX_POINT('',#2995);
#2995 = CARTESIAN_POINT('',(40.,0.,36.));
#2996 = CIRCLE('',#2997,6.);
#2997 = AXIS2_PLACEMENT_3D('',#2998,#2999,#3000);
#2998 = CARTESIAN_POINT('',(40.,0.,30.));
#2999 = DIRECTION('',(0.,1.,0.));
#3000 = DIRECTION('',(0.,-0.,1.));
#3001 = FACE_BOUND('',#3002,.F.);
#3002 = EDGE_LOOP('',(#3003));
#3003 = ORIENTED_EDGE('',*,*,#3004,.F.);
#3004 = EDGE_CURVE('',#3005,#3005,#3007,.T.);
#3005 = VERTEX_POINT('',#3006);
#3006 = CARTESIAN_POINT('',(5.,0.,85.85));
#3007 = CIRCLE('',#3008,2.65);
#3008 = AXIS2_PLACEMENT_3D('',#3009,#3010,#3011);
#3009 = CARTESIAN_POINT('',(5.,0.,83.2));
#3010 = DIRECTION('',(0.,1.,0.));
#3011 = DIRECTION('',(0.,-0.,1.));
#3012 = FACE_BOUND('',#3013,.F.);
#3013 = EDGE_LOOP('',(#3014));
#3014 = ORIENTED_EDGE('',*,*,#3015,.F.);
#3015 = EDGE_CURVE('',#3016,#3016,#3018,.T.);
#3016 = VERTEX_POINT('',#3017);
#3017 = CARTESIAN_POINT('',(432.,0.,7.55));
#3018 = CIRCLE('',#3019,2.65);
#3019 = AXIS2_PLACEMENT_3D('',#3020,#3021,#3022);
#3020 = CARTESIAN_POINT('',(432.,0.,4.9));
#3021 = DIRECTION('',(0.,1.,0.));
#3022 = DIRECTION('',(0.,-0.,1.));
#3023 = FACE_BOUND('',#3024,.F.);
#3024 = EDGE_LOOP('',(#3025));
#3025 = ORIENTED_EDGE('',*,*,#3026,.F.);
#3026 = EDGE_CURVE('',#3027,#3027,#3029,.T.);
#3027 = VERTEX_POINT('',#3028);
#3028 = CARTESIAN_POINT('',(432.,0.,85.85));
#3029 = CIRCLE('',#3030,2.65);
#3030 = AXIS2_PLACEMENT_3D('',#3031,#3032,#3033);
#3031 = CARTESIAN_POINT('',(432.,0.,83.2));
#3032 = DIRECTION('',(0.,1.,0.));
#3033 = DIRECTION('',(0.,-0.,1.));
#3034 = PLANE('',#3035);
#3035 = AXIS2_PLACEMENT_3D('',#3036,#3037,#3038);
#3036 = CARTESIAN_POINT('',(0.,0.,0.));
#3037 = DIRECTION('',(-0.,1.,0.));
#3038 = DIRECTION('',(0.,0.,1.));
#3039 = ADVANCED_FACE('',(#3040),#3059,.T.);
#3040 = FACE_BOUND('',#3041,.F.);
#3041 = EDGE_LOOP('',(#3042,#3043,#3051,#3058));
#3042 = ORIENTED_EDGE('',*,*,#2931,.T.);
#3043 = ORIENTED_EDGE('',*,*,#3044,.T.);
#3044 = EDGE_CURVE('',#2922,#3045,#3047,.T.);
#3045 = VERTEX_POINT('',#3046);
#3046 = CARTESIAN_POINT('',(2.,2.,-4.440892098501E-16));
#3047 = LINE('',#3048,#3049);
#3048 = CARTESIAN_POINT('',(2.,0.,-4.440892098501E-16));
#3049 = VECTOR('',#3050,1.);
#3050 = DIRECTION('',(-0.,1.,0.));
#3051 = ORIENTED_EDGE('',*,*,#3052,.F.);
#3052 = EDGE_CURVE('',#2892,#3045,#3053,.T.);
#3053 = CIRCLE('',#3054,2.);
#3054 = AXIS2_PLACEMENT_3D('',#3055,#3056,#3057);
#3055 = CARTESIAN_POINT('',(2.,2.,2.));
#3056 = DIRECTION('',(0.,-1.,0.));
#3057 = DIRECTION('',(0.,0.,1.));
#3058 = ORIENTED_EDGE('',*,*,#2891,.F.);
#3059 = CYLINDRICAL_SURFACE('',#3060,2.);
#3060 = AXIS2_PLACEMENT_3D('',#3061,#3062,#3063);
#3061 = CARTESIAN_POINT('',(2.,0.,2.));
#3062 = DIRECTION('',(-0.,1.,0.));
#3063 = DIRECTION('',(-1.,-0.,0.));
#3064 = ADVANCED_FACE('',(#3065),#3084,.T.);
#3065 = FACE_BOUND('',#3066,.T.);
#3066 = EDGE_LOOP('',(#3067,#3068,#3076,#3083));
#3067 = ORIENTED_EDGE('',*,*,#2939,.T.);
#3068 = ORIENTED_EDGE('',*,*,#3069,.T.);
#3069 = EDGE_CURVE('',#2940,#3070,#3072,.T.);
#3070 = VERTEX_POINT('',#3071);
#3071 = CARTESIAN_POINT('',(2.,2.,88.1));
#3072 = LINE('',#3073,#3074);
#3073 = CARTESIAN_POINT('',(2.,0.,88.1));
#3074 = VECTOR('',#3075,1.);
#3075 = DIRECTION('',(-0.,1.,0.));
#3076 = ORIENTED_EDGE('',*,*,#3077,.F.);
#3077 = EDGE_CURVE('',#2900,#3070,#3078,.T.);
#3078 = CIRCLE('',#3079,2.);
#3079 = AXIS2_PLACEMENT_3D('',#3080,#3081,#3082);
#3080 = CARTESIAN_POINT('',(2.,2.,86.1));
#3081 = DIRECTION('',(-0.,1.,0.));
#3082 = DIRECTION('',(0.,0.,1.));
#3083 = ORIENTED_EDGE('',*,*,#2907,.F.);
#3084 = CYLINDRICAL_SURFACE('',#3085,2.);
#3085 = AXIS2_PLACEMENT_3D('',#3086,#3087,#3088);
#3086 = CARTESIAN_POINT('',(2.,0.,86.1));
#3087 = DIRECTION('',(-0.,1.,0.));
#3088 = DIRECTION('',(-1.,-0.,0.));
#3089 = ADVANCED_FACE('',(#3090,#3135,#3146,#3157,#3168,#3179),#3190,.T.
  );
#3090 = FACE_BOUND('',#3091,.T.);
#3091 = EDGE_LOOP('',(#3092,#3100,#3101,#3102,#3103,#3111,#3120,#3128));
#3092 = ORIENTED_EDGE('',*,*,#3093,.F.);
#3093 = EDGE_CURVE('',#3045,#3094,#3096,.T.);
#3094 = VERTEX_POINT('',#3095);
#3095 = CARTESIAN_POINT('',(435.,2.,-4.440892098501E-16));
#3096 = LINE('',#3097,#3098);
#3097 = CARTESIAN_POINT('',(0.,2.,0.));
#3098 = VECTOR('',#3099,1.);
#3099 = DIRECTION('',(1.,0.,-0.));
#3100 = ORIENTED_EDGE('',*,*,#3052,.F.);
#3101 = ORIENTED_EDGE('',*,*,#2899,.T.);
#3102 = ORIENTED_EDGE('',*,*,#3077,.T.);
#3103 = ORIENTED_EDGE('',*,*,#3104,.T.);
#3104 = EDGE_CURVE('',#3070,#3105,#3107,.T.);
#3105 = VERTEX_POINT('',#3106);
#3106 = CARTESIAN_POINT('',(435.,2.,88.1));
#3107 = LINE('',#3108,#3109);
#3108 = CARTESIAN_POINT('',(0.,2.,88.1));
#3109 = VECTOR('',#3110,1.);
#3110 = DIRECTION('',(1.,0.,-0.));
#3111 = ORIENTED_EDGE('',*,*,#3112,.F.);
#3112 = EDGE_CURVE('',#3113,#3105,#3115,.T.);
#3113 = VERTEX_POINT('',#3114);
#3114 = CARTESIAN_POINT('',(437.,2.,86.1));
#3115 = CIRCLE('',#3116,2.);
#3116 = AXIS2_PLACEMENT_3D('',#3117,#3118,#3119);
#3117 = CARTESIAN_POINT('',(435.,2.,86.1));
#3118 = DIRECTION('',(0.,-1.,0.));
#3119 = DIRECTION('',(0.,0.,1.));
#3120 = ORIENTED_EDGE('',*,*,#3121,.F.);
#3121 = EDGE_CURVE('',#3122,#3113,#3124,.T.);
#3122 = VERTEX_POINT('',#3123);
#3123 = CARTESIAN_POINT('',(437.,2.,2.));
#3124 = LINE('',#3125,#3126);
#3125 = CARTESIAN_POINT('',(437.,2.,0.));
#3126 = VECTOR('',#3127,1.);
#3127 = DIRECTION('',(0.,0.,1.));
#3128 = ORIENTED_EDGE('',*,*,#3129,.T.);
#3129 = EDGE_CURVE('',#3122,#3094,#3130,.T.);
#3130 = CIRCLE('',#3131,2.);
#3131 = AXIS2_PLACEMENT_3D('',#3132,#3133,#3134);
#3132 = CARTESIAN_POINT('',(435.,2.,2.));
#3133 = DIRECTION('',(-0.,1.,0.));
#3134 = DIRECTION('',(0.,0.,1.));
#3135 = FACE_BOUND('',#3136,.T.);
#3136 = EDGE_LOOP('',(#3137));
#3137 = ORIENTED_EDGE('',*,*,#3138,.F.);
#3138 = EDGE_CURVE('',#3139,#3139,#3141,.T.);
#3139 = VERTEX_POINT('',#3140);
#3140 = CARTESIAN_POINT('',(5.,2.,7.55));
#3141 = CIRCLE('',#3142,2.65);
#3142 = AXIS2_PLACEMENT_3D('',#3143,#3144,#3145);
#3143 = CARTESIAN_POINT('',(5.,2.,4.9));
#3144 = DIRECTION('',(0.,1.,0.));
#3145 = DIRECTION('',(0.,-0.,1.));
#3146 = FACE_BOUND('',#3147,.T.);
#3147 = EDGE_LOOP('',(#3148));
#3148 = ORIENTED_EDGE('',*,*,#3149,.F.);
#3149 = EDGE_CURVE('',#3150,#3150,#3152,.T.);
#3150 = VERTEX_POINT('',#3151);
#3151 = CARTESIAN_POINT('',(40.,2.,36.));
#3152 = CIRCLE('',#3153,6.);
#3153 = AXIS2_PLACEMENT_3D('',#3154,#3155,#3156);
#3154 = CARTESIAN_POINT('',(40.,2.,30.));
#3155 = DIRECTION('',(0.,1.,0.));
#3156 = DIRECTION('',(0.,-0.,1.));
#3157 = FACE_BOUND('',#3158,.T.);
#3158 = EDGE_LOOP('',(#3159));
#3159 = ORIENTED_EDGE('',*,*,#3160,.F.);
#3160 = EDGE_CURVE('',#3161,#3161,#3163,.T.);
#3161 = VERTEX_POINT('',#3162);
#3162 = CARTESIAN_POINT('',(5.,2.,85.85));
#3163 = CIRCLE('',#3164,2.65);
#3164 = AXIS2_PLACEMENT_3D('',#3165,#3166,#3167);
#3165 = CARTESIAN_POINT('',(5.,2.,83.2));
#3166 = DIRECTION('',(0.,1.,0.));
#3167 = DIRECTION('',(0.,-0.,1.));
#3168 = FACE_BOUND('',#3169,.T.);
#3169 = EDGE_LOOP('',(#3170));
#3170 = ORIENTED_EDGE('',*,*,#3171,.F.);
#3171 = EDGE_CURVE('',#3172,#3172,#3174,.T.);
#3172 = VERTEX_POINT('',#3173);
#3173 = CARTESIAN_POINT('',(432.,2.,7.55));
#3174 = CIRCLE('',#3175,2.65);
#3175 = AXIS2_PLACEMENT_3D('',#3176,#3177,#3178);
#3176 = CARTESIAN_POINT('',(432.,2.,4.9));
#3177 = DIRECTION('',(0.,1.,0.));
#3178 = DIRECTION('',(0.,-0.,1.));
#3179 = FACE_BOUND('',#3180,.T.);
#3180 = EDGE_LOOP('',(#3181));
#3181 = ORIENTED_EDGE('',*,*,#3182,.F.);
#3182 = EDGE_CURVE('',#3183,#3183,#3185,.T.);
#3183 = VERTEX_POINT('',#3184);
#3184 = CARTESIAN_POINT('',(432.,2.,85.85));
#3185 = CIRCLE('',#3186,2.65);
#3186 = AXIS2_PLACEMENT_3D('',#3187,#3188,#3189);
#3187 = CARTESIAN_POINT('',(432.,2.,83.2));
#3188 = DIRECTION('',(0.,1.,0.));
#3189 = DIRECTION('',(0.,-0.,1.));
#3190 = PLANE('',#3191);
#3191 = AXIS2_PLACEMENT_3D('',#3192,#3193,#3194);
#3192 = CARTESIAN_POINT('',(0.,2.,0.));
#3193 = DIRECTION('',(-0.,1.,0.));
#3194 = DIRECTION('',(0.,0.,1.));
#3195 = ADVANCED_FACE('',(#3196),#3207,.F.);
#3196 = FACE_BOUND('',#3197,.F.);
#3197 = EDGE_LOOP('',(#3198,#3199,#3200,#3201));
#3198 = ORIENTED_EDGE('',*,*,#3093,.F.);
#3199 = ORIENTED_EDGE('',*,*,#3044,.F.);
#3200 = ORIENTED_EDGE('',*,*,#2921,.T.);
#3201 = ORIENTED_EDGE('',*,*,#3202,.T.);
#3202 = EDGE_CURVE('',#2924,#3094,#3203,.T.);
#3203 = LINE('',#3204,#3205);
#3204 = CARTESIAN_POINT('',(435.,0.,-4.440892098501E-16));
#3205 = VECTOR('',#3206,1.);
#3206 = DIRECTION('',(-0.,1.,0.));
#3207 = PLANE('',#3208);
#3208 = AXIS2_PLACEMENT_3D('',#3209,#3210,#3211);
#3209 = CARTESIAN_POINT('',(0.,0.,0.));
#3210 = DIRECTION('',(0.,0.,1.));
#3211 = DIRECTION('',(1.,0.,-0.));
#3212 = ADVANCED_FACE('',(#3213),#3224,.T.);
#3213 = FACE_BOUND('',#3214,.T.);
#3214 = EDGE_LOOP('',(#3215,#3216,#3217,#3218));
#3215 = ORIENTED_EDGE('',*,*,#2973,.T.);
#3216 = ORIENTED_EDGE('',*,*,#3202,.T.);
#3217 = ORIENTED_EDGE('',*,*,#3129,.F.);
#3218 = ORIENTED_EDGE('',*,*,#3219,.F.);
#3219 = EDGE_CURVE('',#2966,#3122,#3220,.T.);
#3220 = LINE('',#3221,#3222);
#3221 = CARTESIAN_POINT('',(437.,0.,2.));
#3222 = VECTOR('',#3223,1.);
#3223 = DIRECTION('',(-0.,1.,0.));
#3224 = CYLINDRICAL_SURFACE('',#3225,2.);
#3225 = AXIS2_PLACEMENT_3D('',#3226,#3227,#3228);
#3226 = CARTESIAN_POINT('',(435.,0.,2.));
#3227 = DIRECTION('',(-0.,1.,0.));
#3228 = DIRECTION('',(1.,0.,-0.));
#3229 = ADVANCED_FACE('',(#3230),#3241,.T.);
#3230 = FACE_BOUND('',#3231,.T.);
#3231 = EDGE_LOOP('',(#3232,#3233,#3234,#3235));
#3232 = ORIENTED_EDGE('',*,*,#2965,.F.);
#3233 = ORIENTED_EDGE('',*,*,#3219,.T.);
#3234 = ORIENTED_EDGE('',*,*,#3121,.T.);
#3235 = ORIENTED_EDGE('',*,*,#3236,.F.);
#3236 = EDGE_CURVE('',#2957,#3113,#3237,.T.);
#3237 = LINE('',#3238,#3239);
#3238 = CARTESIAN_POINT('',(437.,0.,86.1));
#3239 = VECTOR('',#3240,1.);
#3240 = DIRECTION('',(-0.,1.,0.));
#3241 = PLANE('',#3242);
#3242 = AXIS2_PLACEMENT_3D('',#3243,#3244,#3245);
#3243 = CARTESIAN_POINT('',(437.,0.,0.));
#3244 = DIRECTION('',(1.,0.,-0.));
#3245 = DIRECTION('',(0.,0.,1.));
#3246 = ADVANCED_FACE('',(#3247),#3258,.T.);
#3247 = FACE_BOUND('',#3248,.F.);
#3248 = EDGE_LOOP('',(#3249,#3250,#3256,#3257));
#3249 = ORIENTED_EDGE('',*,*,#2956,.T.);
#3250 = ORIENTED_EDGE('',*,*,#3251,.T.);
#3251 = EDGE_CURVE('',#2949,#3105,#3252,.T.);
#3252 = LINE('',#3253,#3254);
#3253 = CARTESIAN_POINT('',(435.,0.,88.1));
#3254 = VECTOR('',#3255,1.);
#3255 = DIRECTION('',(-0.,1.,0.));
#3256 = ORIENTED_EDGE('',*,*,#3112,.F.);
#3257 = ORIENTED_EDGE('',*,*,#3236,.F.);
#3258 = CYLINDRICAL_SURFACE('',#3259,2.);
#3259 = AXIS2_PLACEMENT_3D('',#3260,#3261,#3262);
#3260 = CARTESIAN_POINT('',(435.,0.,86.1));
#3261 = DIRECTION('',(-0.,1.,0.));
#3262 = DIRECTION('',(1.,0.,-0.));
#3263 = ADVANCED_FACE('',(#3264),#3270,.T.);
#3264 = FACE_BOUND('',#3265,.T.);
#3265 = EDGE_LOOP('',(#3266,#3267,#3268,#3269));
#3266 = ORIENTED_EDGE('',*,*,#3104,.F.);
#3267 = ORIENTED_EDGE('',*,*,#3069,.F.);
#3268 = ORIENTED_EDGE('',*,*,#2948,.T.);
#3269 = ORIENTED_EDGE('',*,*,#3251,.T.);
#3270 = PLANE('',#3271);
#3271 = AXIS2_PLACEMENT_3D('',#3272,#3273,#3274);
#3272 = CARTESIAN_POINT('',(0.,0.,88.1));
#3273 = DIRECTION('',(0.,0.,1.));
#3274 = DIRECTION('',(1.,0.,-0.));
#3275 = ADVANCED_FACE('',(#3276),#3287,.F.);
#3276 = FACE_BOUND('',#3277,.F.);
#3277 = EDGE_LOOP('',(#3278,#3279,#3285,#3286));
#3278 = ORIENTED_EDGE('',*,*,#3138,.F.);
#3279 = ORIENTED_EDGE('',*,*,#3280,.F.);
#3280 = EDGE_CURVE('',#2983,#3139,#3281,.T.);
#3281 = LINE('',#3282,#3283);
#3282 = CARTESIAN_POINT('',(5.,-1.,7.55));
#3283 = VECTOR('',#3284,1.);
#3284 = DIRECTION('',(0.,1.,0.));
#3285 = ORIENTED_EDGE('',*,*,#2982,.T.);
#3286 = ORIENTED_EDGE('',*,*,#3280,.T.);
#3287 = CYLINDRICAL_SURFACE('',#3288,2.65);
#3288 = AXIS2_PLACEMENT_3D('',#3289,#3290,#3291);
#3289 = CARTESIAN_POINT('',(5.,-1.,4.9));
#3290 = DIRECTION('',(0.,1.,0.));
#3291 = DIRECTION('',(0.,-0.,1.));
#3292 = ADVANCED_FACE('',(#3293),#3304,.F.);
#3293 = FACE_BOUND('',#3294,.F.);
#3294 = EDGE_LOOP('',(#3295,#3296,#3302,#3303));
#3295 = ORIENTED_EDGE('',*,*,#3149,.F.);
#3296 = ORIENTED_EDGE('',*,*,#3297,.F.);
#3297 = EDGE_CURVE('',#2994,#3150,#3298,.T.);
#3298 = LINE('',#3299,#3300);
#3299 = CARTESIAN_POINT('',(40.,-1.,36.));
#3300 = VECTOR('',#3301,1.);
#3301 = DIRECTION('',(0.,1.,0.));
#3302 = ORIENTED_EDGE('',*,*,#2993,.T.);
#3303 = ORIENTED_EDGE('',*,*,#3297,.T.);
#3304 = CYLINDRICAL_SURFACE('',#3305,6.);
#3305 = AXIS2_PLACEMENT_3D('',#3306,#3307,#3308);
#3306 = CARTESIAN_POINT('',(40.,-1.,30.));
#3307 = DIRECTION('',(0.,1.,0.));
#3308 = DIRECTION('',(0.,-0.,1.));
#3309 = ADVANCED_FACE('',(#3310),#3321,.F.);
#3310 = FACE_BOUND('',#3311,.F.);
#3311 = EDGE_LOOP('',(#3312,#3313,#3319,#3320));
#3312 = ORIENTED_EDGE('',*,*,#3160,.F.);
#3313 = ORIENTED_EDGE('',*,*,#3314,.F.);
#3314 = EDGE_CURVE('',#3005,#3161,#3315,.T.);
#3315 = LINE('',#3316,#3317);
#3316 = CARTESIAN_POINT('',(5.,-1.,85.85));
#3317 = VECTOR('',#3318,1.);
#3318 = DIRECTION('',(0.,1.,0.));
#3319 = ORIENTED_EDGE('',*,*,#3004,.T.);
#3320 = ORIENTED_EDGE('',*,*,#3314,.T.);
#3321 = CYLINDRICAL_SURFACE('',#3322,2.65);
#3322 = AXIS2_PLACEMENT_3D('',#3323,#3324,#3325);
#3323 = CARTESIAN_POINT('',(5.,-1.,83.2));
#3324 = DIRECTION('',(0.,1.,0.));
#3325 = DIRECTION('',(0.,-0.,1.));
#3326 = ADVANCED_FACE('',(#3327),#3338,.F.);
#3327 = FACE_BOUND('',#3328,.F.);
#3328 = EDGE_LOOP('',(#3329,#3330,#3336,#3337));
#3329 = ORIENTED_EDGE('',*,*,#3171,.F.);
#3330 = ORIENTED_EDGE('',*,*,#3331,.F.);
#3331 = EDGE_CURVE('',#3016,#3172,#3332,.T.);
#3332 = LINE('',#3333,#3334);
#3333 = CARTESIAN_POINT('',(432.,-1.,7.55));
#3334 = VECTOR('',#3335,1.);
#3335 = DIRECTION('',(0.,1.,0.));
#3336 = ORIENTED_EDGE('',*,*,#3015,.T.);
#3337 = ORIENTED_EDGE('',*,*,#3331,.T.);
#3338 = CYLINDRICAL_SURFACE('',#3339,2.65);
#3339 = AXIS2_PLACEMENT_3D('',#3340,#3341,#3342);
#3340 = CARTESIAN_POINT('',(432.,-1.,4.9));
#3341 = DIRECTION('',(0.,1.,0.));
#3342 = DIRECTION('',(0.,-0.,1.));
#3343 = ADVANCED_FACE('',(#3344),#3355,.F.);
#3344 = FACE_BOUND('',#3345,.F.);
#3345 = EDGE_LOOP('',(#3346,#3347,#3353,#3354));
#3346 = ORIENTED_EDGE('',*,*,#3182,.F.);
#3347 = ORIENTED_EDGE('',*,*,#3348,.F.);
#3348 = EDGE_CURVE('',#3027,#3183,#3349,.T.);
#3349 = LINE('',#3350,#3351);
#3350 = CARTESIAN_POINT('',(432.,-1.,85.85));
#3351 = VECTOR('',#3352,1.);
#3352 = DIRECTION('',(0.,1.,0.));
#3353 = ORIENTED_EDGE('',*,*,#3026,.T.);
#3354 = ORIENTED_EDGE('',*,*,#3348,.T.);
#3355 = CYLINDRICAL_SURFACE('',#3356,2.65);
#3356 = AXIS2_PLACEMENT_3D('',#3357,#3358,#3359);
#3357 = CARTESIAN_POINT('',(432.,-1.,83.2));
#3358 = DIRECTION('',(0.,1.,0.));
#3359 = DIRECTION('',(0.,-0.,1.));
#3360 = ( GEOMETRIC_REPRESENTATION_CONTEXT(3) 
GLOBAL_UNCERTAINTY_ASSIGNED_CONTEXT((#3364)) 
GLOBAL_UNIT_ASSIGNED_CONTEXT((#3361,#3362,#3363)) REPRESENTATION_CONTEXT
('Context #1','3D Context with UNIT and UNCERTAINTY') );
#3361 = ( LENGTH_UNIT() NAMED_UNIT(*) SI_UNIT(.MILLI.,.METRE.) );
#3362 = ( NAMED_UNIT(*) PLANE_ANGLE_UNIT() SI_UNIT($,.RADIAN.) );
#3363 = ( NAMED_UNIT(*) SI_UNIT($,.STERADIAN.) SOLID_ANGLE_UNIT() );
#3364 = UNCERTAINTY_MEASURE_WITH_UNIT(LENGTH_MEASURE(1.E-07),#3361,
  'distance_accuracy_value','confusion accuracy');
#3365 = CONTEXT_DEPENDENT_SHAPE_REPRESENTATION(#3366,#3368);
#3366 = ( REPRESENTATION_RELATIONSHIP('','',#2874,#10) 
REPRESENTATION_RELATIONSHIP_WITH_TRANSFORMATION(#3367) 
SHAPE_REPRESENTATION_RELATIONSHIP() );
#3367 = ITEM_DEFINED_TRANSFORMATION('','',#11,#19);
#3368 = PRODUCT_DEFINITION_SHAPE('Placement','Placement of an item',
  #3369);
#3369 = NEXT_ASSEMBLY_USAGE_OCCURRENCE('2','Rueckwand','',#5,#2869,$);
#3370 = PRODUCT_RELATED_PRODUCT_CATEGORY('part',$,(#2871));
#3371 = SHAPE_DEFINITION_REPRESENTATION(#3372,#3378);
#3372 = PRODUCT_DEFINITION_SHAPE('','',#3373);
#3373 = PRODUCT_DEFINITION('design','',#3374,#3377);
#3374 = PRODUCT_DEFINITION_FORMATION('','',#3375);
#3375 = PRODUCT('Seitenteil links','Seitenteil links','',(#3376));
#3376 = PRODUCT_CONTEXT('',#2,'mechanical');
#3377 = PRODUCT_DEFINITION_CONTEXT('part definition',#2,'design');
#3378 = ADVANCED_BREP_SHAPE_REPRESENTATION('',(#11,#3379),#9568);
#3379 = MANIFOLD_SOLID_BREP('',#3380);
#3380 = CLOSED_SHELL('',(#3381,#3421,#3452,#3483,#3514,#3545,#3576,#3607
    ,#3638,#3669,#3700,#3731,#3762,#3793,#3824,#3855,#3886,#3917,#3948,
    #3979,#4010,#4041,#4072,#4103,#4134,#4165,#4196,#4227,#4258,#4289,
    #4320,#4351,#4382,#4413,#4444,#4475,#4506,#4537,#4568,#4599,#4630,
    #4661,#4692,#4723,#4754,#4785,#4816,#4847,#4878,#4909,#4940,#4971,
    #5002,#5033,#5064,#5095,#5126,#5157,#5188,#5219,#5250,#5281,#5312,
    #5343,#5374,#5405,#5436,#5467,#5498,#5529,#5560,#5591,#5622,#5653,
    #5684,#5715,#5746,#5777,#5808,#5839,#5870,#5901,#5932,#5963,#5994,
    #6025,#6056,#6087,#6118,#6149,#6180,#6211,#6242,#6273,#6304,#6335,
    #6366,#6397,#6428,#6459,#6490,#6521,#6552,#6583,#6614,#6645,#6676,
    #6707,#6738,#6769,#6800,#6831,#6862,#6893,#6924,#6955,#6986,#7017,
    #7048,#7079,#7110,#7141,#7172,#7203,#7234,#7265,#7296,#7327,#7358,
    #7389,#7420,#7451,#7482,#7513,#7544,#7575,#7606,#7637,#7668,#7699,
    #7730,#7761,#7792,#7823,#7854,#7885,#7916,#7947,#7978,#8009,#8040,
    #8071,#8102,#8133,#8164,#8195,#8226,#8257,#8288,#8319,#8350,#8381,
    #8412,#8443,#8474,#8505,#8536,#8567,#8598,#8629,#8660,#8691,#8722,
    #8753,#8784,#8815,#8846,#8877,#8908,#8939,#8970,#9001,#9032,#9063,
    #9094,#9125,#9156,#9178,#9373));
#3381 = ADVANCED_FACE('',(#3382),#3416,.T.);
#3382 = FACE_BOUND('',#3383,.T.);
#3383 = EDGE_LOOP('',(#3384,#3394,#3402,#3410));
#3384 = ORIENTED_EDGE('',*,*,#3385,.T.);
#3385 = EDGE_CURVE('',#3386,#3388,#3390,.T.);
#3386 = VERTEX_POINT('',#3387);
#3387 = CARTESIAN_POINT('',(22.8,0.,1.9));
#3388 = VERTEX_POINT('',#3389);
#3389 = CARTESIAN_POINT('',(22.8,250.,1.9));
#3390 = LINE('',#3391,#3392);
#3391 = CARTESIAN_POINT('',(22.8,0.,1.9));
#3392 = VECTOR('',#3393,1.);
#3393 = DIRECTION('',(0.,1.,0.));
#3394 = ORIENTED_EDGE('',*,*,#3395,.T.);
#3395 = EDGE_CURVE('',#3388,#3396,#3398,.T.);
#3396 = VERTEX_POINT('',#3397);
#3397 = CARTESIAN_POINT('',(24.8,250.,-0.1));
#3398 = LINE('',#3399,#3400);
#3399 = CARTESIAN_POINT('',(22.8,250.,1.9));
#3400 = VECTOR('',#3401,1.);
#3401 = DIRECTION('',(0.707106781187,0.,-0.707106781187));
#3402 = ORIENTED_EDGE('',*,*,#3403,.F.);
#3403 = EDGE_CURVE('',#3404,#3396,#3406,.T.);
#3404 = VERTEX_POINT('',#3405);
#3405 = CARTESIAN_POINT('',(24.8,0.,-0.1));
#3406 = LINE('',#3407,#3408);
#3407 = CARTESIAN_POINT('',(24.8,0.,-0.1));
#3408 = VECTOR('',#3409,1.);
#3409 = DIRECTION('',(0.,1.,0.));
#3410 = ORIENTED_EDGE('',*,*,#3411,.F.);
#3411 = EDGE_CURVE('',#3386,#3404,#3412,.T.);
#3412 = LINE('',#3413,#3414);
#3413 = CARTESIAN_POINT('',(22.8,0.,1.9));
#3414 = VECTOR('',#3415,1.);
#3415 = DIRECTION('',(0.707106781187,0.,-0.707106781187));
#3416 = PLANE('',#3417);
#3417 = AXIS2_PLACEMENT_3D('',#3418,#3419,#3420);
#3418 = CARTESIAN_POINT('',(22.8,0.,1.9));
#3419 = DIRECTION('',(-0.707106781187,0.,-0.707106781187));
#3420 = DIRECTION('',(0.707106781187,0.,-0.707106781187));
#3421 = ADVANCED_FACE('',(#3422),#3447,.T.);
#3422 = FACE_BOUND('',#3423,.T.);
#3423 = EDGE_LOOP('',(#3424,#3425,#3433,#3441));
#3424 = ORIENTED_EDGE('',*,*,#3403,.T.);
#3425 = ORIENTED_EDGE('',*,*,#3426,.T.);
#3426 = EDGE_CURVE('',#3396,#3427,#3429,.T.);
#3427 = VERTEX_POINT('',#3428);
#3428 = CARTESIAN_POINT('',(30.5,250.,-0.1));
#3429 = LINE('',#3430,#3431);
#3430 = CARTESIAN_POINT('',(24.8,250.,-0.1));
#3431 = VECTOR('',#3432,1.);
#3432 = DIRECTION('',(1.,0.,0.));
#3433 = ORIENTED_EDGE('',*,*,#3434,.F.);
#3434 = EDGE_CURVE('',#3435,#3427,#3437,.T.);
#3435 = VERTEX_POINT('',#3436);
#3436 = CARTESIAN_POINT('',(30.5,0.,-0.1));
#3437 = LINE('',#3438,#3439);
#3438 = CARTESIAN_POINT('',(30.5,0.,-0.1));
#3439 = VECTOR('',#3440,1.);
#3440 = DIRECTION('',(0.,1.,0.));
#3441 = ORIENTED_EDGE('',*,*,#3442,.F.);
#3442 = EDGE_CURVE('',#3404,#3435,#3443,.T.);
#3443 = LINE('',#3444,#3445);
#3444 = CARTESIAN_POINT('',(24.8,0.,-0.1));
#3445 = VECTOR('',#3446,1.);
#3446 = DIRECTION('',(1.,0.,0.));
#3447 = PLANE('',#3448);
#3448 = AXIS2_PLACEMENT_3D('',#3449,#3450,#3451);
#3449 = CARTESIAN_POINT('',(24.8,0.,-0.1));
#3450 = DIRECTION('',(0.,0.,-1.));
#3451 = DIRECTION('',(1.,0.,0.));
#3452 = ADVANCED_FACE('',(#3453),#3478,.T.);
#3453 = FACE_BOUND('',#3454,.T.);
#3454 = EDGE_LOOP('',(#3455,#3456,#3464,#3472));
#3455 = ORIENTED_EDGE('',*,*,#3434,.T.);
#3456 = ORIENTED_EDGE('',*,*,#3457,.T.);
#3457 = EDGE_CURVE('',#3427,#3458,#3460,.T.);
#3458 = VERTEX_POINT('',#3459);
#3459 = CARTESIAN_POINT('',(30.8,250.,0.2));
#3460 = LINE('',#3461,#3462);
#3461 = CARTESIAN_POINT('',(30.5,250.,-0.1));
#3462 = VECTOR('',#3463,1.);
#3463 = DIRECTION('',(0.707106781187,0.,0.707106781187));
#3464 = ORIENTED_EDGE('',*,*,#3465,.F.);
#3465 = EDGE_CURVE('',#3466,#3458,#3468,.T.);
#3466 = VERTEX_POINT('',#3467);
#3467 = CARTESIAN_POINT('',(30.8,0.,0.2));
#3468 = LINE('',#3469,#3470);
#3469 = CARTESIAN_POINT('',(30.8,0.,0.2));
#3470 = VECTOR('',#3471,1.);
#3471 = DIRECTION('',(0.,1.,0.));
#3472 = ORIENTED_EDGE('',*,*,#3473,.F.);
#3473 = EDGE_CURVE('',#3435,#3466,#3474,.T.);
#3474 = LINE('',#3475,#3476);
#3475 = CARTESIAN_POINT('',(30.5,0.,-0.1));
#3476 = VECTOR('',#3477,1.);
#3477 = DIRECTION('',(0.707106781187,0.,0.707106781187));
#3478 = PLANE('',#3479);
#3479 = AXIS2_PLACEMENT_3D('',#3480,#3481,#3482);
#3480 = CARTESIAN_POINT('',(30.5,0.,-0.1));
#3481 = DIRECTION('',(0.707106781187,0.,-0.707106781187));
#3482 = DIRECTION('',(0.707106781187,0.,0.707106781187));
#3483 = ADVANCED_FACE('',(#3484),#3509,.T.);
#3484 = FACE_BOUND('',#3485,.T.);
#3485 = EDGE_LOOP('',(#3486,#3487,#3495,#3503));
#3486 = ORIENTED_EDGE('',*,*,#3465,.T.);
#3487 = ORIENTED_EDGE('',*,*,#3488,.T.);
#3488 = EDGE_CURVE('',#3458,#3489,#3491,.T.);
#3489 = VERTEX_POINT('',#3490);
#3490 = CARTESIAN_POINT('',(31.1,250.,-0.1));
#3491 = LINE('',#3492,#3493);
#3492 = CARTESIAN_POINT('',(30.8,250.,0.2));
#3493 = VECTOR('',#3494,1.);
#3494 = DIRECTION('',(0.707106781187,0.,-0.707106781187));
#3495 = ORIENTED_EDGE('',*,*,#3496,.F.);
#3496 = EDGE_CURVE('',#3497,#3489,#3499,.T.);
#3497 = VERTEX_POINT('',#3498);
#3498 = CARTESIAN_POINT('',(31.1,0.,-0.1));
#3499 = LINE('',#3500,#3501);
#3500 = CARTESIAN_POINT('',(31.1,0.,-0.1));
#3501 = VECTOR('',#3502,1.);
#3502 = DIRECTION('',(0.,1.,0.));
#3503 = ORIENTED_EDGE('',*,*,#3504,.F.);
#3504 = EDGE_CURVE('',#3466,#3497,#3505,.T.);
#3505 = LINE('',#3506,#3507);
#3506 = CARTESIAN_POINT('',(30.8,0.,0.2));
#3507 = VECTOR('',#3508,1.);
#3508 = DIRECTION('',(0.707106781187,0.,-0.707106781187));
#3509 = PLANE('',#3510);
#3510 = AXIS2_PLACEMENT_3D('',#3511,#3512,#3513);
#3511 = CARTESIAN_POINT('',(30.8,0.,0.2));
#3512 = DIRECTION('',(-0.707106781187,0.,-0.707106781187));
#3513 = DIRECTION('',(0.707106781187,0.,-0.707106781187));
#3514 = ADVANCED_FACE('',(#3515),#3540,.T.);
#3515 = FACE_BOUND('',#3516,.T.);
#3516 = EDGE_LOOP('',(#3517,#3518,#3526,#3534));
#3517 = ORIENTED_EDGE('',*,*,#3496,.T.);
#3518 = ORIENTED_EDGE('',*,*,#3519,.T.);
#3519 = EDGE_CURVE('',#3489,#3520,#3522,.T.);
#3520 = VERTEX_POINT('',#3521);
#3521 = CARTESIAN_POINT('',(35.,250.,-0.1));
#3522 = LINE('',#3523,#3524);
#3523 = CARTESIAN_POINT('',(31.1,250.,-0.1));
#3524 = VECTOR('',#3525,1.);
#3525 = DIRECTION('',(1.,0.,0.));
#3526 = ORIENTED_EDGE('',*,*,#3527,.F.);
#3527 = EDGE_CURVE('',#3528,#3520,#3530,.T.);
#3528 = VERTEX_POINT('',#3529);
#3529 = CARTESIAN_POINT('',(35.,0.,-0.1));
#3530 = LINE('',#3531,#3532);
#3531 = CARTESIAN_POINT('',(35.,0.,-0.1));
#3532 = VECTOR('',#3533,1.);
#3533 = DIRECTION('',(0.,1.,0.));
#3534 = ORIENTED_EDGE('',*,*,#3535,.F.);
#3535 = EDGE_CURVE('',#3497,#3528,#3536,.T.);
#3536 = LINE('',#3537,#3538);
#3537 = CARTESIAN_POINT('',(31.1,0.,-0.1));
#3538 = VECTOR('',#3539,1.);
#3539 = DIRECTION('',(1.,0.,0.));
#3540 = PLANE('',#3541);
#3541 = AXIS2_PLACEMENT_3D('',#3542,#3543,#3544);
#3542 = CARTESIAN_POINT('',(31.1,0.,-0.1));
#3543 = DIRECTION('',(0.,0.,-1.));
#3544 = DIRECTION('',(1.,0.,0.));
#3545 = ADVANCED_FACE('',(#3546),#3571,.T.);
#3546 = FACE_BOUND('',#3547,.T.);
#3547 = EDGE_LOOP('',(#3548,#3549,#3557,#3565));
#3548 = ORIENTED_EDGE('',*,*,#3527,.T.);
#3549 = ORIENTED_EDGE('',*,*,#3550,.T.);
#3550 = EDGE_CURVE('',#3520,#3551,#3553,.T.);
#3551 = VERTEX_POINT('',#3552);
#3552 = CARTESIAN_POINT('',(35.8,250.,0.7));
#3553 = LINE('',#3554,#3555);
#3554 = CARTESIAN_POINT('',(35.,250.,-0.1));
#3555 = VECTOR('',#3556,1.);
#3556 = DIRECTION('',(0.707106781187,0.,0.707106781187));
#3557 = ORIENTED_EDGE('',*,*,#3558,.F.);
#3558 = EDGE_CURVE('',#3559,#3551,#3561,.T.);
#3559 = VERTEX_POINT('',#3560);
#3560 = CARTESIAN_POINT('',(35.8,0.,0.7));
#3561 = LINE('',#3562,#3563);
#3562 = CARTESIAN_POINT('',(35.8,0.,0.7));
#3563 = VECTOR('',#3564,1.);
#3564 = DIRECTION('',(0.,1.,0.));
#3565 = ORIENTED_EDGE('',*,*,#3566,.F.);
#3566 = EDGE_CURVE('',#3528,#3559,#3567,.T.);
#3567 = LINE('',#3568,#3569);
#3568 = CARTESIAN_POINT('',(35.,0.,-0.1));
#3569 = VECTOR('',#3570,1.);
#3570 = DIRECTION('',(0.707106781187,0.,0.707106781187));
#3571 = PLANE('',#3572);
#3572 = AXIS2_PLACEMENT_3D('',#3573,#3574,#3575);
#3573 = CARTESIAN_POINT('',(35.,0.,-0.1));
#3574 = DIRECTION('',(0.707106781187,0.,-0.707106781187));
#3575 = DIRECTION('',(0.707106781187,0.,0.707106781187));
#3576 = ADVANCED_FACE('',(#3577),#3602,.T.);
#3577 = FACE_BOUND('',#3578,.T.);
#3578 = EDGE_LOOP('',(#3579,#3580,#3588,#3596));
#3579 = ORIENTED_EDGE('',*,*,#3558,.T.);
#3580 = ORIENTED_EDGE('',*,*,#3581,.T.);
#3581 = EDGE_CURVE('',#3551,#3582,#3584,.T.);
#3582 = VERTEX_POINT('',#3583);
#3583 = CARTESIAN_POINT('',(35.8,250.,1.3));
#3584 = LINE('',#3585,#3586);
#3585 = CARTESIAN_POINT('',(35.8,250.,0.7));
#3586 = VECTOR('',#3587,1.);
#3587 = DIRECTION('',(0.,0.,1.));
#3588 = ORIENTED_EDGE('',*,*,#3589,.F.);
#3589 = EDGE_CURVE('',#3590,#3582,#3592,.T.);
#3590 = VERTEX_POINT('',#3591);
#3591 = CARTESIAN_POINT('',(35.8,0.,1.3));
#3592 = LINE('',#3593,#3594);
#3593 = CARTESIAN_POINT('',(35.8,0.,1.3));
#3594 = VECTOR('',#3595,1.);
#3595 = DIRECTION('',(0.,1.,0.));
#3596 = ORIENTED_EDGE('',*,*,#3597,.F.);
#3597 = EDGE_CURVE('',#3559,#3590,#3598,.T.);
#3598 = LINE('',#3599,#3600);
#3599 = CARTESIAN_POINT('',(35.8,0.,0.7));
#3600 = VECTOR('',#3601,1.);
#3601 = DIRECTION('',(0.,0.,1.));
#3602 = PLANE('',#3603);
#3603 = AXIS2_PLACEMENT_3D('',#3604,#3605,#3606);
#3604 = CARTESIAN_POINT('',(35.8,0.,0.7));
#3605 = DIRECTION('',(1.,0.,0.));
#3606 = DIRECTION('',(0.,0.,1.));
#3607 = ADVANCED_FACE('',(#3608),#3633,.T.);
#3608 = FACE_BOUND('',#3609,.T.);
#3609 = EDGE_LOOP('',(#3610,#3611,#3619,#3627));
#3610 = ORIENTED_EDGE('',*,*,#3589,.T.);
#3611 = ORIENTED_EDGE('',*,*,#3612,.T.);
#3612 = EDGE_CURVE('',#3582,#3613,#3615,.T.);
#3613 = VERTEX_POINT('',#3614);
#3614 = CARTESIAN_POINT('',(32.8,250.,1.3));
#3615 = LINE('',#3616,#3617);
#3616 = CARTESIAN_POINT('',(35.8,250.,1.3));
#3617 = VECTOR('',#3618,1.);
#3618 = DIRECTION('',(-1.,0.,0.));
#3619 = ORIENTED_EDGE('',*,*,#3620,.F.);
#3620 = EDGE_CURVE('',#3621,#3613,#3623,.T.);
#3621 = VERTEX_POINT('',#3622);
#3622 = CARTESIAN_POINT('',(32.8,0.,1.3));
#3623 = LINE('',#3624,#3625);
#3624 = CARTESIAN_POINT('',(32.8,0.,1.3));
#3625 = VECTOR('',#3626,1.);
#3626 = DIRECTION('',(0.,1.,0.));
#3627 = ORIENTED_EDGE('',*,*,#3628,.F.);
#3628 = EDGE_CURVE('',#3590,#3621,#3629,.T.);
#3629 = LINE('',#3630,#3631);
#3630 = CARTESIAN_POINT('',(35.8,0.,1.3));
#3631 = VECTOR('',#3632,1.);
#3632 = DIRECTION('',(-1.,0.,0.));
#3633 = PLANE('',#3634);
#3634 = AXIS2_PLACEMENT_3D('',#3635,#3636,#3637);
#3635 = CARTESIAN_POINT('',(35.8,0.,1.3));
#3636 = DIRECTION('',(0.,-0.,1.));
#3637 = DIRECTION('',(-1.,0.,0.));
#3638 = ADVANCED_FACE('',(#3639),#3664,.T.);
#3639 = FACE_BOUND('',#3640,.T.);
#3640 = EDGE_LOOP('',(#3641,#3642,#3650,#3658));
#3641 = ORIENTED_EDGE('',*,*,#3620,.T.);
#3642 = ORIENTED_EDGE('',*,*,#3643,.T.);
#3643 = EDGE_CURVE('',#3613,#3644,#3646,.T.);
#3644 = VERTEX_POINT('',#3645);
#3645 = CARTESIAN_POINT('',(32.8,250.,2.9));
#3646 = LINE('',#3647,#3648);
#3647 = CARTESIAN_POINT('',(32.8,250.,1.3));
#3648 = VECTOR('',#3649,1.);
#3649 = DIRECTION('',(0.,0.,1.));
#3650 = ORIENTED_EDGE('',*,*,#3651,.F.);
#3651 = EDGE_CURVE('',#3652,#3644,#3654,.T.);
#3652 = VERTEX_POINT('',#3653);
#3653 = CARTESIAN_POINT('',(32.8,0.,2.9));
#3654 = LINE('',#3655,#3656);
#3655 = CARTESIAN_POINT('',(32.8,0.,2.9));
#3656 = VECTOR('',#3657,1.);
#3657 = DIRECTION('',(0.,1.,0.));
#3658 = ORIENTED_EDGE('',*,*,#3659,.F.);
#3659 = EDGE_CURVE('',#3621,#3652,#3660,.T.);
#3660 = LINE('',#3661,#3662);
#3661 = CARTESIAN_POINT('',(32.8,0.,1.3));
#3662 = VECTOR('',#3663,1.);
#3663 = DIRECTION('',(0.,0.,1.));
#3664 = PLANE('',#3665);
#3665 = AXIS2_PLACEMENT_3D('',#3666,#3667,#3668);
#3666 = CARTESIAN_POINT('',(32.8,0.,1.3));
#3667 = DIRECTION('',(1.,0.,0.));
#3668 = DIRECTION('',(0.,0.,1.));
#3669 = ADVANCED_FACE('',(#3670),#3695,.T.);
#3670 = FACE_BOUND('',#3671,.T.);
#3671 = EDGE_LOOP('',(#3672,#3673,#3681,#3689));
#3672 = ORIENTED_EDGE('',*,*,#3651,.T.);
#3673 = ORIENTED_EDGE('',*,*,#3674,.T.);
#3674 = EDGE_CURVE('',#3644,#3675,#3677,.T.);
#3675 = VERTEX_POINT('',#3676);
#3676 = CARTESIAN_POINT('',(36.9,250.,2.9));
#3677 = LINE('',#3678,#3679);
#3678 = CARTESIAN_POINT('',(32.8,250.,2.9));
#3679 = VECTOR('',#3680,1.);
#3680 = DIRECTION('',(1.,0.,0.));
#3681 = ORIENTED_EDGE('',*,*,#3682,.F.);
#3682 = EDGE_CURVE('',#3683,#3675,#3685,.T.);
#3683 = VERTEX_POINT('',#3684);
#3684 = CARTESIAN_POINT('',(36.9,0.,2.9));
#3685 = LINE('',#3686,#3687);
#3686 = CARTESIAN_POINT('',(36.9,0.,2.9));
#3687 = VECTOR('',#3688,1.);
#3688 = DIRECTION('',(0.,1.,0.));
#3689 = ORIENTED_EDGE('',*,*,#3690,.F.);
#3690 = EDGE_CURVE('',#3652,#3683,#3691,.T.);
#3691 = LINE('',#3692,#3693);
#3692 = CARTESIAN_POINT('',(32.8,0.,2.9));
#3693 = VECTOR('',#3694,1.);
#3694 = DIRECTION('',(1.,0.,0.));
#3695 = PLANE('',#3696);
#3696 = AXIS2_PLACEMENT_3D('',#3697,#3698,#3699);
#3697 = CARTESIAN_POINT('',(32.8,0.,2.9));
#3698 = DIRECTION('',(0.,0.,-1.));
#3699 = DIRECTION('',(1.,0.,0.));
#3700 = ADVANCED_FACE('',(#3701),#3726,.T.);
#3701 = FACE_BOUND('',#3702,.T.);
#3702 = EDGE_LOOP('',(#3703,#3704,#3712,#3720));
#3703 = ORIENTED_EDGE('',*,*,#3682,.T.);
#3704 = ORIENTED_EDGE('',*,*,#3705,.T.);
#3705 = EDGE_CURVE('',#3675,#3706,#3708,.T.);
#3706 = VERTEX_POINT('',#3707);
#3707 = CARTESIAN_POINT('',(37.2,250.,3.2));
#3708 = LINE('',#3709,#3710);
#3709 = CARTESIAN_POINT('',(36.9,250.,2.9));
#3710 = VECTOR('',#3711,1.);
#3711 = DIRECTION('',(0.707106781187,0.,0.707106781187));
#3712 = ORIENTED_EDGE('',*,*,#3713,.F.);
#3713 = EDGE_CURVE('',#3714,#3706,#3716,.T.);
#3714 = VERTEX_POINT('',#3715);
#3715 = CARTESIAN_POINT('',(37.2,0.,3.2));
#3716 = LINE('',#3717,#3718);
#3717 = CARTESIAN_POINT('',(37.2,0.,3.2));
#3718 = VECTOR('',#3719,1.);
#3719 = DIRECTION('',(0.,1.,0.));
#3720 = ORIENTED_EDGE('',*,*,#3721,.F.);
#3721 = EDGE_CURVE('',#3683,#3714,#3722,.T.);
#3722 = LINE('',#3723,#3724);
#3723 = CARTESIAN_POINT('',(36.9,0.,2.9));
#3724 = VECTOR('',#3725,1.);
#3725 = DIRECTION('',(0.707106781187,0.,0.707106781187));
#3726 = PLANE('',#3727);
#3727 = AXIS2_PLACEMENT_3D('',#3728,#3729,#3730);
#3728 = CARTESIAN_POINT('',(36.9,0.,2.9));
#3729 = DIRECTION('',(0.707106781187,0.,-0.707106781187));
#3730 = DIRECTION('',(0.707106781187,0.,0.707106781187));
#3731 = ADVANCED_FACE('',(#3732),#3757,.T.);
#3732 = FACE_BOUND('',#3733,.T.);
#3733 = EDGE_LOOP('',(#3734,#3735,#3743,#3751));
#3734 = ORIENTED_EDGE('',*,*,#3713,.T.);
#3735 = ORIENTED_EDGE('',*,*,#3736,.T.);
#3736 = EDGE_CURVE('',#3706,#3737,#3739,.T.);
#3737 = VERTEX_POINT('',#3738);
#3738 = CARTESIAN_POINT('',(37.2,250.,4.1));
#3739 = LINE('',#3740,#3741);
#3740 = CARTESIAN_POINT('',(37.2,250.,3.2));
#3741 = VECTOR('',#3742,1.);
#3742 = DIRECTION('',(0.,0.,1.));
#3743 = ORIENTED_EDGE('',*,*,#3744,.F.);
#3744 = EDGE_CURVE('',#3745,#3737,#3747,.T.);
#3745 = VERTEX_POINT('',#3746);
#3746 = CARTESIAN_POINT('',(37.2,0.,4.1));
#3747 = LINE('',#3748,#3749);
#3748 = CARTESIAN_POINT('',(37.2,0.,4.1));
#3749 = VECTOR('',#3750,1.);
#3750 = DIRECTION('',(0.,1.,0.));
#3751 = ORIENTED_EDGE('',*,*,#3752,.F.);
#3752 = EDGE_CURVE('',#3714,#3745,#3753,.T.);
#3753 = LINE('',#3754,#3755);
#3754 = CARTESIAN_POINT('',(37.2,0.,3.2));
#3755 = VECTOR('',#3756,1.);
#3756 = DIRECTION('',(0.,0.,1.));
#3757 = PLANE('',#3758);
#3758 = AXIS2_PLACEMENT_3D('',#3759,#3760,#3761);
#3759 = CARTESIAN_POINT('',(37.2,0.,3.2));
#3760 = DIRECTION('',(1.,0.,0.));
#3761 = DIRECTION('',(0.,0.,1.));
#3762 = ADVANCED_FACE('',(#3763),#3788,.T.);
#3763 = FACE_BOUND('',#3764,.T.);
#3764 = EDGE_LOOP('',(#3765,#3766,#3774,#3782));
#3765 = ORIENTED_EDGE('',*,*,#3744,.T.);
#3766 = ORIENTED_EDGE('',*,*,#3767,.T.);
#3767 = EDGE_CURVE('',#3737,#3768,#3770,.T.);
#3768 = VERTEX_POINT('',#3769);
#3769 = CARTESIAN_POINT('',(36.9,250.,4.4));
#3770 = LINE('',#3771,#3772);
#3771 = CARTESIAN_POINT('',(37.2,250.,4.1));
#3772 = VECTOR('',#3773,1.);
#3773 = DIRECTION('',(-0.707106781187,0.,0.707106781187));
#3774 = ORIENTED_EDGE('',*,*,#3775,.F.);
#3775 = EDGE_CURVE('',#3776,#3768,#3778,.T.);
#3776 = VERTEX_POINT('',#3777);
#3777 = CARTESIAN_POINT('',(36.9,0.,4.4));
#3778 = LINE('',#3779,#3780);
#3779 = CARTESIAN_POINT('',(36.9,0.,4.4));
#3780 = VECTOR('',#3781,1.);
#3781 = DIRECTION('',(0.,1.,0.));
#3782 = ORIENTED_EDGE('',*,*,#3783,.F.);
#3783 = EDGE_CURVE('',#3745,#3776,#3784,.T.);
#3784 = LINE('',#3785,#3786);
#3785 = CARTESIAN_POINT('',(37.2,0.,4.1));
#3786 = VECTOR('',#3787,1.);
#3787 = DIRECTION('',(-0.707106781187,0.,0.707106781187));
#3788 = PLANE('',#3789);
#3789 = AXIS2_PLACEMENT_3D('',#3790,#3791,#3792);
#3790 = CARTESIAN_POINT('',(37.2,0.,4.1));
#3791 = DIRECTION('',(0.707106781187,-0.,0.707106781187));
#3792 = DIRECTION('',(-0.707106781187,0.,0.707106781187));
#3793 = ADVANCED_FACE('',(#3794),#3819,.T.);
#3794 = FACE_BOUND('',#3795,.T.);
#3795 = EDGE_LOOP('',(#3796,#3797,#3805,#3813));
#3796 = ORIENTED_EDGE('',*,*,#3775,.T.);
#3797 = ORIENTED_EDGE('',*,*,#3798,.T.);
#3798 = EDGE_CURVE('',#3768,#3799,#3801,.T.);
#3799 = VERTEX_POINT('',#3800);
#3800 = CARTESIAN_POINT('',(35.8,250.,4.4));
#3801 = LINE('',#3802,#3803);
#3802 = CARTESIAN_POINT('',(36.9,250.,4.4));
#3803 = VECTOR('',#3804,1.);
#3804 = DIRECTION('',(-1.,0.,0.));
#3805 = ORIENTED_EDGE('',*,*,#3806,.F.);
#3806 = EDGE_CURVE('',#3807,#3799,#3809,.T.);
#3807 = VERTEX_POINT('',#3808);
#3808 = CARTESIAN_POINT('',(35.8,0.,4.4));
#3809 = LINE('',#3810,#3811);
#3810 = CARTESIAN_POINT('',(35.8,0.,4.4));
#3811 = VECTOR('',#3812,1.);
#3812 = DIRECTION('',(0.,1.,0.));
#3813 = ORIENTED_EDGE('',*,*,#3814,.F.);
#3814 = EDGE_CURVE('',#3776,#3807,#3815,.T.);
#3815 = LINE('',#3816,#3817);
#3816 = CARTESIAN_POINT('',(36.9,0.,4.4));
#3817 = VECTOR('',#3818,1.);
#3818 = DIRECTION('',(-1.,0.,0.));
#3819 = PLANE('',#3820);
#3820 = AXIS2_PLACEMENT_3D('',#3821,#3822,#3823);
#3821 = CARTESIAN_POINT('',(36.9,0.,4.4));
#3822 = DIRECTION('',(0.,-0.,1.));
#3823 = DIRECTION('',(-1.,0.,0.));
#3824 = ADVANCED_FACE('',(#3825),#3850,.T.);
#3825 = FACE_BOUND('',#3826,.T.);
#3826 = EDGE_LOOP('',(#3827,#3828,#3836,#3844));
#3827 = ORIENTED_EDGE('',*,*,#3806,.T.);
#3828 = ORIENTED_EDGE('',*,*,#3829,.T.);
#3829 = EDGE_CURVE('',#3799,#3830,#3832,.T.);
#3830 = VERTEX_POINT('',#3831);
#3831 = CARTESIAN_POINT('',(35.8,250.,6.4));
#3832 = LINE('',#3833,#3834);
#3833 = CARTESIAN_POINT('',(35.8,250.,4.4));
#3834 = VECTOR('',#3835,1.);
#3835 = DIRECTION('',(0.,0.,1.));
#3836 = ORIENTED_EDGE('',*,*,#3837,.F.);
#3837 = EDGE_CURVE('',#3838,#3830,#3840,.T.);
#3838 = VERTEX_POINT('',#3839);
#3839 = CARTESIAN_POINT('',(35.8,0.,6.4));
#3840 = LINE('',#3841,#3842);
#3841 = CARTESIAN_POINT('',(35.8,0.,6.4));
#3842 = VECTOR('',#3843,1.);
#3843 = DIRECTION('',(0.,1.,0.));
#3844 = ORIENTED_EDGE('',*,*,#3845,.F.);
#3845 = EDGE_CURVE('',#3807,#3838,#3846,.T.);
#3846 = LINE('',#3847,#3848);
#3847 = CARTESIAN_POINT('',(35.8,0.,4.4));
#3848 = VECTOR('',#3849,1.);
#3849 = DIRECTION('',(0.,0.,1.));
#3850 = PLANE('',#3851);
#3851 = AXIS2_PLACEMENT_3D('',#3852,#3853,#3854);
#3852 = CARTESIAN_POINT('',(35.8,0.,4.4));
#3853 = DIRECTION('',(1.,0.,0.));
#3854 = DIRECTION('',(0.,0.,1.));
#3855 = ADVANCED_FACE('',(#3856),#3881,.T.);
#3856 = FACE_BOUND('',#3857,.T.);
#3857 = EDGE_LOOP('',(#3858,#3859,#3867,#3875));
#3858 = ORIENTED_EDGE('',*,*,#3837,.T.);
#3859 = ORIENTED_EDGE('',*,*,#3860,.T.);
#3860 = EDGE_CURVE('',#3830,#3861,#3863,.T.);
#3861 = VERTEX_POINT('',#3862);
#3862 = CARTESIAN_POINT('',(37.2,250.,6.4));
#3863 = LINE('',#3864,#3865);
#3864 = CARTESIAN_POINT('',(35.8,250.,6.4));
#3865 = VECTOR('',#3866,1.);
#3866 = DIRECTION('',(1.,0.,0.));
#3867 = ORIENTED_EDGE('',*,*,#3868,.F.);
#3868 = EDGE_CURVE('',#3869,#3861,#3871,.T.);
#3869 = VERTEX_POINT('',#3870);
#3870 = CARTESIAN_POINT('',(37.2,0.,6.4));
#3871 = LINE('',#3872,#3873);
#3872 = CARTESIAN_POINT('',(37.2,0.,6.4));
#3873 = VECTOR('',#3874,1.);
#3874 = DIRECTION('',(0.,1.,0.));
#3875 = ORIENTED_EDGE('',*,*,#3876,.F.);
#3876 = EDGE_CURVE('',#3838,#3869,#3877,.T.);
#3877 = LINE('',#3878,#3879);
#3878 = CARTESIAN_POINT('',(35.8,0.,6.4));
#3879 = VECTOR('',#3880,1.);
#3880 = DIRECTION('',(1.,0.,0.));
#3881 = PLANE('',#3882);
#3882 = AXIS2_PLACEMENT_3D('',#3883,#3884,#3885);
#3883 = CARTESIAN_POINT('',(35.8,0.,6.4));
#3884 = DIRECTION('',(0.,0.,-1.));
#3885 = DIRECTION('',(1.,0.,0.));
#3886 = ADVANCED_FACE('',(#3887),#3912,.T.);
#3887 = FACE_BOUND('',#3888,.T.);
#3888 = EDGE_LOOP('',(#3889,#3890,#3898,#3906));
#3889 = ORIENTED_EDGE('',*,*,#3868,.T.);
#3890 = ORIENTED_EDGE('',*,*,#3891,.T.);
#3891 = EDGE_CURVE('',#3861,#3892,#3894,.T.);
#3892 = VERTEX_POINT('',#3893);
#3893 = CARTESIAN_POINT('',(37.2,250.,6.9));
#3894 = LINE('',#3895,#3896);
#3895 = CARTESIAN_POINT('',(37.2,250.,6.4));
#3896 = VECTOR('',#3897,1.);
#3897 = DIRECTION('',(0.,0.,1.));
#3898 = ORIENTED_EDGE('',*,*,#3899,.F.);
#3899 = EDGE_CURVE('',#3900,#3892,#3902,.T.);
#3900 = VERTEX_POINT('',#3901);
#3901 = CARTESIAN_POINT('',(37.2,0.,6.9));
#3902 = LINE('',#3903,#3904);
#3903 = CARTESIAN_POINT('',(37.2,0.,6.9));
#3904 = VECTOR('',#3905,1.);
#3905 = DIRECTION('',(0.,1.,0.));
#3906 = ORIENTED_EDGE('',*,*,#3907,.F.);
#3907 = EDGE_CURVE('',#3869,#3900,#3908,.T.);
#3908 = LINE('',#3909,#3910);
#3909 = CARTESIAN_POINT('',(37.2,0.,6.4));
#3910 = VECTOR('',#3911,1.);
#3911 = DIRECTION('',(0.,0.,1.));
#3912 = PLANE('',#3913);
#3913 = AXIS2_PLACEMENT_3D('',#3914,#3915,#3916);
#3914 = CARTESIAN_POINT('',(37.2,0.,6.4));
#3915 = DIRECTION('',(1.,0.,0.));
#3916 = DIRECTION('',(0.,0.,1.));
#3917 = ADVANCED_FACE('',(#3918),#3943,.T.);
#3918 = FACE_BOUND('',#3919,.T.);
#3919 = EDGE_LOOP('',(#3920,#3921,#3929,#3937));
#3920 = ORIENTED_EDGE('',*,*,#3899,.T.);
#3921 = ORIENTED_EDGE('',*,*,#3922,.T.);
#3922 = EDGE_CURVE('',#3892,#3923,#3925,.T.);
#3923 = VERTEX_POINT('',#3924);
#3924 = CARTESIAN_POINT('',(40.4,250.,6.9));
#3925 = LINE('',#3926,#3927);
#3926 = CARTESIAN_POINT('',(37.2,250.,6.9));
#3927 = VECTOR('',#3928,1.);
#3928 = DIRECTION('',(1.,0.,0.));
#3929 = ORIENTED_EDGE('',*,*,#3930,.F.);
#3930 = EDGE_CURVE('',#3931,#3923,#3933,.T.);
#3931 = VERTEX_POINT('',#3932);
#3932 = CARTESIAN_POINT('',(40.4,0.,6.9));
#3933 = LINE('',#3934,#3935);
#3934 = CARTESIAN_POINT('',(40.4,0.,6.9));
#3935 = VECTOR('',#3936,1.);
#3936 = DIRECTION('',(0.,1.,0.));
#3937 = ORIENTED_EDGE('',*,*,#3938,.F.);
#3938 = EDGE_CURVE('',#3900,#3931,#3939,.T.);
#3939 = LINE('',#3940,#3941);
#3940 = CARTESIAN_POINT('',(37.2,0.,6.9));
#3941 = VECTOR('',#3942,1.);
#3942 = DIRECTION('',(1.,0.,0.));
#3943 = PLANE('',#3944);
#3944 = AXIS2_PLACEMENT_3D('',#3945,#3946,#3947);
#3945 = CARTESIAN_POINT('',(37.2,0.,6.9));
#3946 = DIRECTION('',(0.,0.,-1.));
#3947 = DIRECTION('',(1.,0.,0.));
#3948 = ADVANCED_FACE('',(#3949),#3974,.T.);
#3949 = FACE_BOUND('',#3950,.T.);
#3950 = EDGE_LOOP('',(#3951,#3952,#3960,#3968));
#3951 = ORIENTED_EDGE('',*,*,#3930,.T.);
#3952 = ORIENTED_EDGE('',*,*,#3953,.T.);
#3953 = EDGE_CURVE('',#3923,#3954,#3956,.T.);
#3954 = VERTEX_POINT('',#3955);
#3955 = CARTESIAN_POINT('',(40.4,250.,6.4));
#3956 = LINE('',#3957,#3958);
#3957 = CARTESIAN_POINT('',(40.4,250.,6.9));
#3958 = VECTOR('',#3959,1.);
#3959 = DIRECTION('',(0.,0.,-1.));
#3960 = ORIENTED_EDGE('',*,*,#3961,.F.);
#3961 = EDGE_CURVE('',#3962,#3954,#3964,.T.);
#3962 = VERTEX_POINT('',#3963);
#3963 = CARTESIAN_POINT('',(40.4,0.,6.4));
#3964 = LINE('',#3965,#3966);
#3965 = CARTESIAN_POINT('',(40.4,0.,6.4));
#3966 = VECTOR('',#3967,1.);
#3967 = DIRECTION('',(0.,1.,0.));
#3968 = ORIENTED_EDGE('',*,*,#3969,.F.);
#3969 = EDGE_CURVE('',#3931,#3962,#3970,.T.);
#3970 = LINE('',#3971,#3972);
#3971 = CARTESIAN_POINT('',(40.4,0.,6.9));
#3972 = VECTOR('',#3973,1.);
#3973 = DIRECTION('',(0.,0.,-1.));
#3974 = PLANE('',#3975);
#3975 = AXIS2_PLACEMENT_3D('',#3976,#3977,#3978);
#3976 = CARTESIAN_POINT('',(40.4,0.,6.9));
#3977 = DIRECTION('',(-1.,0.,0.));
#3978 = DIRECTION('',(0.,0.,-1.));
#3979 = ADVANCED_FACE('',(#3980),#4005,.T.);
#3980 = FACE_BOUND('',#3981,.T.);
#3981 = EDGE_LOOP('',(#3982,#3983,#3991,#3999));
#3982 = ORIENTED_EDGE('',*,*,#3961,.T.);
#3983 = ORIENTED_EDGE('',*,*,#3984,.T.);
#3984 = EDGE_CURVE('',#3954,#3985,#3987,.T.);
#3985 = VERTEX_POINT('',#3986);
#3986 = CARTESIAN_POINT('',(41.8,250.,6.4));
#3987 = LINE('',#3988,#3989);
#3988 = CARTESIAN_POINT('',(40.4,250.,6.4));
#3989 = VECTOR('',#3990,1.);
#3990 = DIRECTION('',(1.,0.,0.));
#3991 = ORIENTED_EDGE('',*,*,#3992,.F.);
#3992 = EDGE_CURVE('',#3993,#3985,#3995,.T.);
#3993 = VERTEX_POINT('',#3994);
#3994 = CARTESIAN_POINT('',(41.8,0.,6.4));
#3995 = LINE('',#3996,#3997);
#3996 = CARTESIAN_POINT('',(41.8,0.,6.4));
#3997 = VECTOR('',#3998,1.);
#3998 = DIRECTION('',(0.,1.,0.));
#3999 = ORIENTED_EDGE('',*,*,#4000,.F.);
#4000 = EDGE_CURVE('',#3962,#3993,#4001,.T.);
#4001 = LINE('',#4002,#4003);
#4002 = CARTESIAN_POINT('',(40.4,0.,6.4));
#4003 = VECTOR('',#4004,1.);
#4004 = DIRECTION('',(1.,0.,0.));
#4005 = PLANE('',#4006);
#4006 = AXIS2_PLACEMENT_3D('',#4007,#4008,#4009);
#4007 = CARTESIAN_POINT('',(40.4,0.,6.4));
#4008 = DIRECTION('',(0.,0.,-1.));
#4009 = DIRECTION('',(1.,0.,0.));
#4010 = ADVANCED_FACE('',(#4011),#4036,.T.);
#4011 = FACE_BOUND('',#4012,.T.);
#4012 = EDGE_LOOP('',(#4013,#4014,#4022,#4030));
#4013 = ORIENTED_EDGE('',*,*,#3992,.T.);
#4014 = ORIENTED_EDGE('',*,*,#4015,.T.);
#4015 = EDGE_CURVE('',#3985,#4016,#4018,.T.);
#4016 = VERTEX_POINT('',#4017);
#4017 = CARTESIAN_POINT('',(41.8,250.,4.4));
#4018 = LINE('',#4019,#4020);
#4019 = CARTESIAN_POINT('',(41.8,250.,6.4));
#4020 = VECTOR('',#4021,1.);
#4021 = DIRECTION('',(0.,0.,-1.));
#4022 = ORIENTED_EDGE('',*,*,#4023,.F.);
#4023 = EDGE_CURVE('',#4024,#4016,#4026,.T.);
#4024 = VERTEX_POINT('',#4025);
#4025 = CARTESIAN_POINT('',(41.8,0.,4.4));
#4026 = LINE('',#4027,#4028);
#4027 = CARTESIAN_POINT('',(41.8,0.,4.4));
#4028 = VECTOR('',#4029,1.);
#4029 = DIRECTION('',(0.,1.,0.));
#4030 = ORIENTED_EDGE('',*,*,#4031,.F.);
#4031 = EDGE_CURVE('',#3993,#4024,#4032,.T.);
#4032 = LINE('',#4033,#4034);
#4033 = CARTESIAN_POINT('',(41.8,0.,6.4));
#4034 = VECTOR('',#4035,1.);
#4035 = DIRECTION('',(0.,0.,-1.));
#4036 = PLANE('',#4037);
#4037 = AXIS2_PLACEMENT_3D('',#4038,#4039,#4040);
#4038 = CARTESIAN_POINT('',(41.8,0.,6.4));
#4039 = DIRECTION('',(-1.,0.,0.));
#4040 = DIRECTION('',(0.,0.,-1.));
#4041 = ADVANCED_FACE('',(#4042),#4067,.T.);
#4042 = FACE_BOUND('',#4043,.T.);
#4043 = EDGE_LOOP('',(#4044,#4045,#4053,#4061));
#4044 = ORIENTED_EDGE('',*,*,#4023,.T.);
#4045 = ORIENTED_EDGE('',*,*,#4046,.T.);
#4046 = EDGE_CURVE('',#4016,#4047,#4049,.T.);
#4047 = VERTEX_POINT('',#4048);
#4048 = CARTESIAN_POINT('',(40.7,250.,4.4));
#4049 = LINE('',#4050,#4051);
#4050 = CARTESIAN_POINT('',(41.8,250.,4.4));
#4051 = VECTOR('',#4052,1.);
#4052 = DIRECTION('',(-1.,0.,0.));
#4053 = ORIENTED_EDGE('',*,*,#4054,.F.);
#4054 = EDGE_CURVE('',#4055,#4047,#4057,.T.);
#4055 = VERTEX_POINT('',#4056);
#4056 = CARTESIAN_POINT('',(40.7,0.,4.4));
#4057 = LINE('',#4058,#4059);
#4058 = CARTESIAN_POINT('',(40.7,0.,4.4));
#4059 = VECTOR('',#4060,1.);
#4060 = DIRECTION('',(0.,1.,0.));
#4061 = ORIENTED_EDGE('',*,*,#4062,.F.);
#4062 = EDGE_CURVE('',#4024,#4055,#4063,.T.);
#4063 = LINE('',#4064,#4065);
#4064 = CARTESIAN_POINT('',(41.8,0.,4.4));
#4065 = VECTOR('',#4066,1.);
#4066 = DIRECTION('',(-1.,0.,0.));
#4067 = PLANE('',#4068);
#4068 = AXIS2_PLACEMENT_3D('',#4069,#4070,#4071);
#4069 = CARTESIAN_POINT('',(41.8,0.,4.4));
#4070 = DIRECTION('',(0.,-0.,1.));
#4071 = DIRECTION('',(-1.,0.,0.));
#4072 = ADVANCED_FACE('',(#4073),#4098,.T.);
#4073 = FACE_BOUND('',#4074,.T.);
#4074 = EDGE_LOOP('',(#4075,#4076,#4084,#4092));
#4075 = ORIENTED_EDGE('',*,*,#4054,.T.);
#4076 = ORIENTED_EDGE('',*,*,#4077,.T.);
#4077 = EDGE_CURVE('',#4047,#4078,#4080,.T.);
#4078 = VERTEX_POINT('',#4079);
#4079 = CARTESIAN_POINT('',(40.4,250.,4.1));
#4080 = LINE('',#4081,#4082);
#4081 = CARTESIAN_POINT('',(40.7,250.,4.4));
#4082 = VECTOR('',#4083,1.);
#4083 = DIRECTION('',(-0.707106781187,0.,-0.707106781187));
#4084 = ORIENTED_EDGE('',*,*,#4085,.F.);
#4085 = EDGE_CURVE('',#4086,#4078,#4088,.T.);
#4086 = VERTEX_POINT('',#4087);
#4087 = CARTESIAN_POINT('',(40.4,0.,4.1));
#4088 = LINE('',#4089,#4090);
#4089 = CARTESIAN_POINT('',(40.4,0.,4.1));
#4090 = VECTOR('',#4091,1.);
#4091 = DIRECTION('',(0.,1.,0.));
#4092 = ORIENTED_EDGE('',*,*,#4093,.F.);
#4093 = EDGE_CURVE('',#4055,#4086,#4094,.T.);
#4094 = LINE('',#4095,#4096);
#4095 = CARTESIAN_POINT('',(40.7,0.,4.4));
#4096 = VECTOR('',#4097,1.);
#4097 = DIRECTION('',(-0.707106781187,0.,-0.707106781187));
#4098 = PLANE('',#4099);
#4099 = AXIS2_PLACEMENT_3D('',#4100,#4101,#4102);
#4100 = CARTESIAN_POINT('',(40.7,0.,4.4));
#4101 = DIRECTION('',(-0.707106781187,0.,0.707106781187));
#4102 = DIRECTION('',(-0.707106781187,0.,-0.707106781187));
#4103 = ADVANCED_FACE('',(#4104),#4129,.T.);
#4104 = FACE_BOUND('',#4105,.T.);
#4105 = EDGE_LOOP('',(#4106,#4107,#4115,#4123));
#4106 = ORIENTED_EDGE('',*,*,#4085,.T.);
#4107 = ORIENTED_EDGE('',*,*,#4108,.T.);
#4108 = EDGE_CURVE('',#4078,#4109,#4111,.T.);
#4109 = VERTEX_POINT('',#4110);
#4110 = CARTESIAN_POINT('',(40.4,250.,3.2));
#4111 = LINE('',#4112,#4113);
#4112 = CARTESIAN_POINT('',(40.4,250.,4.1));
#4113 = VECTOR('',#4114,1.);
#4114 = DIRECTION('',(0.,0.,-1.));
#4115 = ORIENTED_EDGE('',*,*,#4116,.F.);
#4116 = EDGE_CURVE('',#4117,#4109,#4119,.T.);
#4117 = VERTEX_POINT('',#4118);
#4118 = CARTESIAN_POINT('',(40.4,0.,3.2));
#4119 = LINE('',#4120,#4121);
#4120 = CARTESIAN_POINT('',(40.4,0.,3.2));
#4121 = VECTOR('',#4122,1.);
#4122 = DIRECTION('',(0.,1.,0.));
#4123 = ORIENTED_EDGE('',*,*,#4124,.F.);
#4124 = EDGE_CURVE('',#4086,#4117,#4125,.T.);
#4125 = LINE('',#4126,#4127);
#4126 = CARTESIAN_POINT('',(40.4,0.,4.1));
#4127 = VECTOR('',#4128,1.);
#4128 = DIRECTION('',(0.,0.,-1.));
#4129 = PLANE('',#4130);
#4130 = AXIS2_PLACEMENT_3D('',#4131,#4132,#4133);
#4131 = CARTESIAN_POINT('',(40.4,0.,4.1));
#4132 = DIRECTION('',(-1.,0.,0.));
#4133 = DIRECTION('',(0.,0.,-1.));
#4134 = ADVANCED_FACE('',(#4135),#4160,.T.);
#4135 = FACE_BOUND('',#4136,.T.);
#4136 = EDGE_LOOP('',(#4137,#4138,#4146,#4154));
#4137 = ORIENTED_EDGE('',*,*,#4116,.T.);
#4138 = ORIENTED_EDGE('',*,*,#4139,.T.);
#4139 = EDGE_CURVE('',#4109,#4140,#4142,.T.);
#4140 = VERTEX_POINT('',#4141);
#4141 = CARTESIAN_POINT('',(40.7,250.,2.9));
#4142 = LINE('',#4143,#4144);
#4143 = CARTESIAN_POINT('',(40.4,250.,3.2));
#4144 = VECTOR('',#4145,1.);
#4145 = DIRECTION('',(0.707106781187,0.,-0.707106781187));
#4146 = ORIENTED_EDGE('',*,*,#4147,.F.);
#4147 = EDGE_CURVE('',#4148,#4140,#4150,.T.);
#4148 = VERTEX_POINT('',#4149);
#4149 = CARTESIAN_POINT('',(40.7,0.,2.9));
#4150 = LINE('',#4151,#4152);
#4151 = CARTESIAN_POINT('',(40.7,0.,2.9));
#4152 = VECTOR('',#4153,1.);
#4153 = DIRECTION('',(0.,1.,0.));
#4154 = ORIENTED_EDGE('',*,*,#4155,.F.);
#4155 = EDGE_CURVE('',#4117,#4148,#4156,.T.);
#4156 = LINE('',#4157,#4158);
#4157 = CARTESIAN_POINT('',(40.4,0.,3.2));
#4158 = VECTOR('',#4159,1.);
#4159 = DIRECTION('',(0.707106781187,0.,-0.707106781187));
#4160 = PLANE('',#4161);
#4161 = AXIS2_PLACEMENT_3D('',#4162,#4163,#4164);
#4162 = CARTESIAN_POINT('',(40.4,0.,3.2));
#4163 = DIRECTION('',(-0.707106781187,0.,-0.707106781187));
#4164 = DIRECTION('',(0.707106781187,0.,-0.707106781187));
#4165 = ADVANCED_FACE('',(#4166),#4191,.T.);
#4166 = FACE_BOUND('',#4167,.T.);
#4167 = EDGE_LOOP('',(#4168,#4169,#4177,#4185));
#4168 = ORIENTED_EDGE('',*,*,#4147,.T.);
#4169 = ORIENTED_EDGE('',*,*,#4170,.T.);
#4170 = EDGE_CURVE('',#4140,#4171,#4173,.T.);
#4171 = VERTEX_POINT('',#4172);
#4172 = CARTESIAN_POINT('',(43.2,250.,2.9));
#4173 = LINE('',#4174,#4175);
#4174 = CARTESIAN_POINT('',(40.7,250.,2.9));
#4175 = VECTOR('',#4176,1.);
#4176 = DIRECTION('',(1.,0.,0.));
#4177 = ORIENTED_EDGE('',*,*,#4178,.F.);
#4178 = EDGE_CURVE('',#4179,#4171,#4181,.T.);
#4179 = VERTEX_POINT('',#4180);
#4180 = CARTESIAN_POINT('',(43.2,0.,2.9));
#4181 = LINE('',#4182,#4183);
#4182 = CARTESIAN_POINT('',(43.2,0.,2.9));
#4183 = VECTOR('',#4184,1.);
#4184 = DIRECTION('',(0.,1.,0.));
#4185 = ORIENTED_EDGE('',*,*,#4186,.F.);
#4186 = EDGE_CURVE('',#4148,#4179,#4187,.T.);
#4187 = LINE('',#4188,#4189);
#4188 = CARTESIAN_POINT('',(40.7,0.,2.9));
#4189 = VECTOR('',#4190,1.);
#4190 = DIRECTION('',(1.,0.,0.));
#4191 = PLANE('',#4192);
#4192 = AXIS2_PLACEMENT_3D('',#4193,#4194,#4195);
#4193 = CARTESIAN_POINT('',(40.7,0.,2.9));
#4194 = DIRECTION('',(0.,0.,-1.));
#4195 = DIRECTION('',(1.,0.,0.));
#4196 = ADVANCED_FACE('',(#4197),#4222,.T.);
#4197 = FACE_BOUND('',#4198,.T.);
#4198 = EDGE_LOOP('',(#4199,#4200,#4208,#4216));
#4199 = ORIENTED_EDGE('',*,*,#4178,.T.);
#4200 = ORIENTED_EDGE('',*,*,#4201,.T.);
#4201 = EDGE_CURVE('',#4171,#4202,#4204,.T.);
#4202 = VERTEX_POINT('',#4203);
#4203 = CARTESIAN_POINT('',(43.3,250.,3.));
#4204 = LINE('',#4205,#4206);
#4205 = CARTESIAN_POINT('',(43.2,250.,2.9));
#4206 = VECTOR('',#4207,1.);
#4207 = DIRECTION('',(0.707106781187,0.,0.707106781187));
#4208 = ORIENTED_EDGE('',*,*,#4209,.F.);
#4209 = EDGE_CURVE('',#4210,#4202,#4212,.T.);
#4210 = VERTEX_POINT('',#4211);
#4211 = CARTESIAN_POINT('',(43.3,0.,3.));
#4212 = LINE('',#4213,#4214);
#4213 = CARTESIAN_POINT('',(43.3,0.,3.));
#4214 = VECTOR('',#4215,1.);
#4215 = DIRECTION('',(0.,1.,0.));
#4216 = ORIENTED_EDGE('',*,*,#4217,.F.);
#4217 = EDGE_CURVE('',#4179,#4210,#4218,.T.);
#4218 = LINE('',#4219,#4220);
#4219 = CARTESIAN_POINT('',(43.2,0.,2.9));
#4220 = VECTOR('',#4221,1.);
#4221 = DIRECTION('',(0.707106781187,0.,0.707106781187));
#4222 = PLANE('',#4223);
#4223 = AXIS2_PLACEMENT_3D('',#4224,#4225,#4226);
#4224 = CARTESIAN_POINT('',(43.2,0.,2.9));
#4225 = DIRECTION('',(0.707106781187,0.,-0.707106781187));
#4226 = DIRECTION('',(0.707106781187,0.,0.707106781187));
#4227 = ADVANCED_FACE('',(#4228),#4253,.T.);
#4228 = FACE_BOUND('',#4229,.T.);
#4229 = EDGE_LOOP('',(#4230,#4231,#4239,#4247));
#4230 = ORIENTED_EDGE('',*,*,#4209,.T.);
#4231 = ORIENTED_EDGE('',*,*,#4232,.T.);
#4232 = EDGE_CURVE('',#4202,#4233,#4235,.T.);
#4233 = VERTEX_POINT('',#4234);
#4234 = CARTESIAN_POINT('',(43.3,250.,7.4));
#4235 = LINE('',#4236,#4237);
#4236 = CARTESIAN_POINT('',(43.3,250.,3.));
#4237 = VECTOR('',#4238,1.);
#4238 = DIRECTION('',(0.,0.,1.));
#4239 = ORIENTED_EDGE('',*,*,#4240,.F.);
#4240 = EDGE_CURVE('',#4241,#4233,#4243,.T.);
#4241 = VERTEX_POINT('',#4242);
#4242 = CARTESIAN_POINT('',(43.3,0.,7.4));
#4243 = LINE('',#4244,#4245);
#4244 = CARTESIAN_POINT('',(43.3,0.,7.4));
#4245 = VECTOR('',#4246,1.);
#4246 = DIRECTION('',(0.,1.,0.));
#4247 = ORIENTED_EDGE('',*,*,#4248,.F.);
#4248 = EDGE_CURVE('',#4210,#4241,#4249,.T.);
#4249 = LINE('',#4250,#4251);
#4250 = CARTESIAN_POINT('',(43.3,0.,3.));
#4251 = VECTOR('',#4252,1.);
#4252 = DIRECTION('',(0.,0.,1.));
#4253 = PLANE('',#4254);
#4254 = AXIS2_PLACEMENT_3D('',#4255,#4256,#4257);
#4255 = CARTESIAN_POINT('',(43.3,0.,3.));
#4256 = DIRECTION('',(1.,0.,0.));
#4257 = DIRECTION('',(0.,0.,1.));
#4258 = ADVANCED_FACE('',(#4259),#4284,.T.);
#4259 = FACE_BOUND('',#4260,.T.);
#4260 = EDGE_LOOP('',(#4261,#4262,#4270,#4278));
#4261 = ORIENTED_EDGE('',*,*,#4240,.T.);
#4262 = ORIENTED_EDGE('',*,*,#4263,.T.);
#4263 = EDGE_CURVE('',#4233,#4264,#4266,.T.);
#4264 = VERTEX_POINT('',#4265);
#4265 = CARTESIAN_POINT('',(42.3,250.,8.4));
#4266 = LINE('',#4267,#4268);
#4267 = CARTESIAN_POINT('',(43.3,250.,7.4));
#4268 = VECTOR('',#4269,1.);
#4269 = DIRECTION('',(-0.707106781187,0.,0.707106781187));
#4270 = ORIENTED_EDGE('',*,*,#4271,.F.);
#4271 = EDGE_CURVE('',#4272,#4264,#4274,.T.);
#4272 = VERTEX_POINT('',#4273);
#4273 = CARTESIAN_POINT('',(42.3,0.,8.4));
#4274 = LINE('',#4275,#4276);
#4275 = CARTESIAN_POINT('',(42.3,0.,8.4));
#4276 = VECTOR('',#4277,1.);
#4277 = DIRECTION('',(0.,1.,0.));
#4278 = ORIENTED_EDGE('',*,*,#4279,.F.);
#4279 = EDGE_CURVE('',#4241,#4272,#4280,.T.);
#4280 = LINE('',#4281,#4282);
#4281 = CARTESIAN_POINT('',(43.3,0.,7.4));
#4282 = VECTOR('',#4283,1.);
#4283 = DIRECTION('',(-0.707106781187,0.,0.707106781187));
#4284 = PLANE('',#4285);
#4285 = AXIS2_PLACEMENT_3D('',#4286,#4287,#4288);
#4286 = CARTESIAN_POINT('',(43.3,0.,7.4));
#4287 = DIRECTION('',(0.707106781187,-0.,0.707106781187));
#4288 = DIRECTION('',(-0.707106781187,0.,0.707106781187));
#4289 = ADVANCED_FACE('',(#4290),#4315,.T.);
#4290 = FACE_BOUND('',#4291,.T.);
#4291 = EDGE_LOOP('',(#4292,#4293,#4301,#4309));
#4292 = ORIENTED_EDGE('',*,*,#4271,.T.);
#4293 = ORIENTED_EDGE('',*,*,#4294,.T.);
#4294 = EDGE_CURVE('',#4264,#4295,#4297,.T.);
#4295 = VERTEX_POINT('',#4296);
#4296 = CARTESIAN_POINT('',(35.3,250.,8.4));
#4297 = LINE('',#4298,#4299);
#4298 = CARTESIAN_POINT('',(42.3,250.,8.4));
#4299 = VECTOR('',#4300,1.);
#4300 = DIRECTION('',(-1.,0.,0.));
#4301 = ORIENTED_EDGE('',*,*,#4302,.F.);
#4302 = EDGE_CURVE('',#4303,#4295,#4305,.T.);
#4303 = VERTEX_POINT('',#4304);
#4304 = CARTESIAN_POINT('',(35.3,0.,8.4));
#4305 = LINE('',#4306,#4307);
#4306 = CARTESIAN_POINT('',(35.3,0.,8.4));
#4307 = VECTOR('',#4308,1.);
#4308 = DIRECTION('',(0.,1.,0.));
#4309 = ORIENTED_EDGE('',*,*,#4310,.F.);
#4310 = EDGE_CURVE('',#4272,#4303,#4311,.T.);
#4311 = LINE('',#4312,#4313);
#4312 = CARTESIAN_POINT('',(42.3,0.,8.4));
#4313 = VECTOR('',#4314,1.);
#4314 = DIRECTION('',(-1.,0.,0.));
#4315 = PLANE('',#4316);
#4316 = AXIS2_PLACEMENT_3D('',#4317,#4318,#4319);
#4317 = CARTESIAN_POINT('',(42.3,0.,8.4));
#4318 = DIRECTION('',(0.,-0.,1.));
#4319 = DIRECTION('',(-1.,0.,0.));
#4320 = ADVANCED_FACE('',(#4321),#4346,.T.);
#4321 = FACE_BOUND('',#4322,.T.);
#4322 = EDGE_LOOP('',(#4323,#4324,#4332,#4340));
#4323 = ORIENTED_EDGE('',*,*,#4302,.T.);
#4324 = ORIENTED_EDGE('',*,*,#4325,.T.);
#4325 = EDGE_CURVE('',#4295,#4326,#4328,.T.);
#4326 = VERTEX_POINT('',#4327);
#4327 = CARTESIAN_POINT('',(34.3,250.,7.4));
#4328 = LINE('',#4329,#4330);
#4329 = CARTESIAN_POINT('',(35.3,250.,8.4));
#4330 = VECTOR('',#4331,1.);
#4331 = DIRECTION('',(-0.707106781187,0.,-0.707106781187));
#4332 = ORIENTED_EDGE('',*,*,#4333,.F.);
#4333 = EDGE_CURVE('',#4334,#4326,#4336,.T.);
#4334 = VERTEX_POINT('',#4335);
#4335 = CARTESIAN_POINT('',(34.3,0.,7.4));
#4336 = LINE('',#4337,#4338);
#4337 = CARTESIAN_POINT('',(34.3,0.,7.4));
#4338 = VECTOR('',#4339,1.);
#4339 = DIRECTION('',(0.,1.,0.));
#4340 = ORIENTED_EDGE('',*,*,#4341,.F.);
#4341 = EDGE_CURVE('',#4303,#4334,#4342,.T.);
#4342 = LINE('',#4343,#4344);
#4343 = CARTESIAN_POINT('',(35.3,0.,8.4));
#4344 = VECTOR('',#4345,1.);
#4345 = DIRECTION('',(-0.707106781187,0.,-0.707106781187));
#4346 = PLANE('',#4347);
#4347 = AXIS2_PLACEMENT_3D('',#4348,#4349,#4350);
#4348 = CARTESIAN_POINT('',(35.3,0.,8.4));
#4349 = DIRECTION('',(-0.707106781187,0.,0.707106781187));
#4350 = DIRECTION('',(-0.707106781187,0.,-0.707106781187));
#4351 = ADVANCED_FACE('',(#4352),#4377,.T.);
#4352 = FACE_BOUND('',#4353,.T.);
#4353 = EDGE_LOOP('',(#4354,#4355,#4363,#4371));
#4354 = ORIENTED_EDGE('',*,*,#4333,.T.);
#4355 = ORIENTED_EDGE('',*,*,#4356,.T.);
#4356 = EDGE_CURVE('',#4326,#4357,#4359,.T.);
#4357 = VERTEX_POINT('',#4358);
#4358 = CARTESIAN_POINT('',(34.3,250.,5.9));
#4359 = LINE('',#4360,#4361);
#4360 = CARTESIAN_POINT('',(34.3,250.,7.4));
#4361 = VECTOR('',#4362,1.);
#4362 = DIRECTION('',(0.,0.,-1.));
#4363 = ORIENTED_EDGE('',*,*,#4364,.F.);
#4364 = EDGE_CURVE('',#4365,#4357,#4367,.T.);
#4365 = VERTEX_POINT('',#4366);
#4366 = CARTESIAN_POINT('',(34.3,0.,5.9));
#4367 = LINE('',#4368,#4369);
#4368 = CARTESIAN_POINT('',(34.3,0.,5.9));
#4369 = VECTOR('',#4370,1.);
#4370 = DIRECTION('',(0.,1.,0.));
#4371 = ORIENTED_EDGE('',*,*,#4372,.F.);
#4372 = EDGE_CURVE('',#4334,#4365,#4373,.T.);
#4373 = LINE('',#4374,#4375);
#4374 = CARTESIAN_POINT('',(34.3,0.,7.4));
#4375 = VECTOR('',#4376,1.);
#4376 = DIRECTION('',(0.,0.,-1.));
#4377 = PLANE('',#4378);
#4378 = AXIS2_PLACEMENT_3D('',#4379,#4380,#4381);
#4379 = CARTESIAN_POINT('',(34.3,0.,7.4));
#4380 = DIRECTION('',(-1.,0.,0.));
#4381 = DIRECTION('',(0.,0.,-1.));
#4382 = ADVANCED_FACE('',(#4383),#4408,.T.);
#4383 = FACE_BOUND('',#4384,.T.);
#4384 = EDGE_LOOP('',(#4385,#4386,#4394,#4402));
#4385 = ORIENTED_EDGE('',*,*,#4364,.T.);
#4386 = ORIENTED_EDGE('',*,*,#4387,.T.);
#4387 = EDGE_CURVE('',#4357,#4388,#4390,.T.);
#4388 = VERTEX_POINT('',#4389);
#4389 = CARTESIAN_POINT('',(33.3,250.,4.9));
#4390 = LINE('',#4391,#4392);
#4391 = CARTESIAN_POINT('',(34.3,250.,5.9));
#4392 = VECTOR('',#4393,1.);
#4393 = DIRECTION('',(-0.707106781187,0.,-0.707106781187));
#4394 = ORIENTED_EDGE('',*,*,#4395,.F.);
#4395 = EDGE_CURVE('',#4396,#4388,#4398,.T.);
#4396 = VERTEX_POINT('',#4397);
#4397 = CARTESIAN_POINT('',(33.3,0.,4.9));
#4398 = LINE('',#4399,#4400);
#4399 = CARTESIAN_POINT('',(33.3,0.,4.9));
#4400 = VECTOR('',#4401,1.);
#4401 = DIRECTION('',(0.,1.,0.));
#4402 = ORIENTED_EDGE('',*,*,#4403,.F.);
#4403 = EDGE_CURVE('',#4365,#4396,#4404,.T.);
#4404 = LINE('',#4405,#4406);
#4405 = CARTESIAN_POINT('',(34.3,0.,5.9));
#4406 = VECTOR('',#4407,1.);
#4407 = DIRECTION('',(-0.707106781187,0.,-0.707106781187));
#4408 = PLANE('',#4409);
#4409 = AXIS2_PLACEMENT_3D('',#4410,#4411,#4412);
#4410 = CARTESIAN_POINT('',(34.3,0.,5.9));
#4411 = DIRECTION('',(-0.707106781187,0.,0.707106781187));
#4412 = DIRECTION('',(-0.707106781187,0.,-0.707106781187));
#4413 = ADVANCED_FACE('',(#4414),#4439,.T.);
#4414 = FACE_BOUND('',#4415,.T.);
#4415 = EDGE_LOOP('',(#4416,#4417,#4425,#4433));
#4416 = ORIENTED_EDGE('',*,*,#4395,.T.);
#4417 = ORIENTED_EDGE('',*,*,#4418,.T.);
#4418 = EDGE_CURVE('',#4388,#4419,#4421,.T.);
#4419 = VERTEX_POINT('',#4420);
#4420 = CARTESIAN_POINT('',(32.043,250.,4.9));
#4421 = LINE('',#4422,#4423);
#4422 = CARTESIAN_POINT('',(33.3,250.,4.9));
#4423 = VECTOR('',#4424,1.);
#4424 = DIRECTION('',(-1.,0.,0.));
#4425 = ORIENTED_EDGE('',*,*,#4426,.F.);
#4426 = EDGE_CURVE('',#4427,#4419,#4429,.T.);
#4427 = VERTEX_POINT('',#4428);
#4428 = CARTESIAN_POINT('',(32.043,0.,4.9));
#4429 = LINE('',#4430,#4431);
#4430 = CARTESIAN_POINT('',(32.043,0.,4.9));
#4431 = VECTOR('',#4432,1.);
#4432 = DIRECTION('',(0.,1.,0.));
#4433 = ORIENTED_EDGE('',*,*,#4434,.F.);
#4434 = EDGE_CURVE('',#4396,#4427,#4435,.T.);
#4435 = LINE('',#4436,#4437);
#4436 = CARTESIAN_POINT('',(33.3,0.,4.9));
#4437 = VECTOR('',#4438,1.);
#4438 = DIRECTION('',(-1.,0.,0.));
#4439 = PLANE('',#4440);
#4440 = AXIS2_PLACEMENT_3D('',#4441,#4442,#4443);
#4441 = CARTESIAN_POINT('',(33.3,0.,4.9));
#4442 = DIRECTION('',(0.,-0.,1.));
#4443 = DIRECTION('',(-1.,0.,0.));
#4444 = ADVANCED_FACE('',(#4445),#4470,.T.);
#4445 = FACE_BOUND('',#4446,.T.);
#4446 = EDGE_LOOP('',(#4447,#4448,#4456,#4464));
#4447 = ORIENTED_EDGE('',*,*,#4426,.T.);
#4448 = ORIENTED_EDGE('',*,*,#4449,.T.);
#4449 = EDGE_CURVE('',#4419,#4450,#4452,.T.);
#4450 = VERTEX_POINT('',#4451);
#4451 = CARTESIAN_POINT('',(31.265,250.,5.678));
#4452 = LINE('',#4453,#4454);
#4453 = CARTESIAN_POINT('',(32.043,250.,4.9));
#4454 = VECTOR('',#4455,1.);
#4455 = DIRECTION('',(-0.707106781187,0.,0.707106781187));
#4456 = ORIENTED_EDGE('',*,*,#4457,.F.);
#4457 = EDGE_CURVE('',#4458,#4450,#4460,.T.);
#4458 = VERTEX_POINT('',#4459);
#4459 = CARTESIAN_POINT('',(31.265,0.,5.678));
#4460 = LINE('',#4461,#4462);
#4461 = CARTESIAN_POINT('',(31.265,0.,5.678));
#4462 = VECTOR('',#4463,1.);
#4463 = DIRECTION('',(0.,1.,0.));
#4464 = ORIENTED_EDGE('',*,*,#4465,.F.);
#4465 = EDGE_CURVE('',#4427,#4458,#4466,.T.);
#4466 = LINE('',#4467,#4468);
#4467 = CARTESIAN_POINT('',(32.043,0.,4.9));
#4468 = VECTOR('',#4469,1.);
#4469 = DIRECTION('',(-0.707106781187,0.,0.707106781187));
#4470 = PLANE('',#4471);
#4471 = AXIS2_PLACEMENT_3D('',#4472,#4473,#4474);
#4472 = CARTESIAN_POINT('',(32.043,0.,4.9));
#4473 = DIRECTION('',(0.707106781187,-0.,0.707106781187));
#4474 = DIRECTION('',(-0.707106781187,0.,0.707106781187));
#4475 = ADVANCED_FACE('',(#4476),#4501,.T.);
#4476 = FACE_BOUND('',#4477,.T.);
#4477 = EDGE_LOOP('',(#4478,#4479,#4487,#4495));
#4478 = ORIENTED_EDGE('',*,*,#4457,.T.);
#4479 = ORIENTED_EDGE('',*,*,#4480,.T.);
#4480 = EDGE_CURVE('',#4450,#4481,#4483,.T.);
#4481 = VERTEX_POINT('',#4482);
#4482 = CARTESIAN_POINT('',(30.841,250.,5.678));
#4483 = LINE('',#4484,#4485);
#4484 = CARTESIAN_POINT('',(31.265,250.,5.678));
#4485 = VECTOR('',#4486,1.);
#4486 = DIRECTION('',(-1.,0.,0.));
#4487 = ORIENTED_EDGE('',*,*,#4488,.F.);
#4488 = EDGE_CURVE('',#4489,#4481,#4491,.T.);
#4489 = VERTEX_POINT('',#4490);
#4490 = CARTESIAN_POINT('',(30.841,0.,5.678));
#4491 = LINE('',#4492,#4493);
#4492 = CARTESIAN_POINT('',(30.841,0.,5.678));
#4493 = VECTOR('',#4494,1.);
#4494 = DIRECTION('',(0.,1.,0.));
#4495 = ORIENTED_EDGE('',*,*,#4496,.F.);
#4496 = EDGE_CURVE('',#4458,#4489,#4497,.T.);
#4497 = LINE('',#4498,#4499);
#4498 = CARTESIAN_POINT('',(31.265,0.,5.678));
#4499 = VECTOR('',#4500,1.);
#4500 = DIRECTION('',(-1.,0.,0.));
#4501 = PLANE('',#4502);
#4502 = AXIS2_PLACEMENT_3D('',#4503,#4504,#4505);
#4503 = CARTESIAN_POINT('',(31.265,0.,5.678));
#4504 = DIRECTION('',(0.,-0.,1.));
#4505 = DIRECTION('',(-1.,0.,0.));
#4506 = ADVANCED_FACE('',(#4507),#4532,.T.);
#4507 = FACE_BOUND('',#4508,.T.);
#4508 = EDGE_LOOP('',(#4509,#4510,#4518,#4526));
#4509 = ORIENTED_EDGE('',*,*,#4488,.T.);
#4510 = ORIENTED_EDGE('',*,*,#4511,.T.);
#4511 = EDGE_CURVE('',#4481,#4512,#4514,.T.);
#4512 = VERTEX_POINT('',#4513);
#4513 = CARTESIAN_POINT('',(30.05,250.,4.887));
#4514 = LINE('',#4515,#4516);
#4515 = CARTESIAN_POINT('',(30.841,250.,5.678));
#4516 = VECTOR('',#4517,1.);
#4517 = DIRECTION('',(-0.707106781187,0.,-0.707106781187));
#4518 = ORIENTED_EDGE('',*,*,#4519,.F.);
#4519 = EDGE_CURVE('',#4520,#4512,#4522,.T.);
#4520 = VERTEX_POINT('',#4521);
#4521 = CARTESIAN_POINT('',(30.05,0.,4.887));
#4522 = LINE('',#4523,#4524);
#4523 = CARTESIAN_POINT('',(30.05,0.,4.887));
#4524 = VECTOR('',#4525,1.);
#4525 = DIRECTION('',(0.,1.,0.));
#4526 = ORIENTED_EDGE('',*,*,#4527,.F.);
#4527 = EDGE_CURVE('',#4489,#4520,#4528,.T.);
#4528 = LINE('',#4529,#4530);
#4529 = CARTESIAN_POINT('',(30.841,0.,5.678));
#4530 = VECTOR('',#4531,1.);
#4531 = DIRECTION('',(-0.707106781187,0.,-0.707106781187));
#4532 = PLANE('',#4533);
#4533 = AXIS2_PLACEMENT_3D('',#4534,#4535,#4536);
#4534 = CARTESIAN_POINT('',(30.841,0.,5.678));
#4535 = DIRECTION('',(-0.707106781187,0.,0.707106781187));
#4536 = DIRECTION('',(-0.707106781187,0.,-0.707106781187));
#4537 = ADVANCED_FACE('',(#4538),#4563,.T.);
#4538 = FACE_BOUND('',#4539,.T.);
#4539 = EDGE_LOOP('',(#4540,#4541,#4549,#4557));
#4540 = ORIENTED_EDGE('',*,*,#4519,.T.);
#4541 = ORIENTED_EDGE('',*,*,#4542,.T.);
#4542 = EDGE_CURVE('',#4512,#4543,#4545,.T.);
#4543 = VERTEX_POINT('',#4544);
#4544 = CARTESIAN_POINT('',(29.994,250.,4.403));
#4545 = LINE('',#4546,#4547);
#4546 = CARTESIAN_POINT('',(30.05,250.,4.887));
#4547 = VECTOR('',#4548,1.);
#4548 = DIRECTION('',(-0.114935711156,0.,-0.993372932136));
#4549 = ORIENTED_EDGE('',*,*,#4550,.F.);
#4550 = EDGE_CURVE('',#4551,#4543,#4553,.T.);
#4551 = VERTEX_POINT('',#4552);
#4552 = CARTESIAN_POINT('',(29.994,0.,4.403));
#4553 = LINE('',#4554,#4555);
#4554 = CARTESIAN_POINT('',(29.994,0.,4.403));
#4555 = VECTOR('',#4556,1.);
#4556 = DIRECTION('',(0.,1.,0.));
#4557 = ORIENTED_EDGE('',*,*,#4558,.F.);
#4558 = EDGE_CURVE('',#4520,#4551,#4559,.T.);
#4559 = LINE('',#4560,#4561);
#4560 = CARTESIAN_POINT('',(30.05,0.,4.887));
#4561 = VECTOR('',#4562,1.);
#4562 = DIRECTION('',(-0.114935711156,0.,-0.993372932136));
#4563 = PLANE('',#4564);
#4564 = AXIS2_PLACEMENT_3D('',#4565,#4566,#4567);
#4565 = CARTESIAN_POINT('',(30.05,0.,4.887));
#4566 = DIRECTION('',(-0.993372932136,0.,0.114935711156));
#4567 = DIRECTION('',(-0.114935711156,0.,-0.993372932136));
#4568 = ADVANCED_FACE('',(#4569),#4594,.T.);
#4569 = FACE_BOUND('',#4570,.T.);
#4570 = EDGE_LOOP('',(#4571,#4572,#4580,#4588));
#4571 = ORIENTED_EDGE('',*,*,#4550,.T.);
#4572 = ORIENTED_EDGE('',*,*,#4573,.T.);
#4573 = EDGE_CURVE('',#4543,#4574,#4576,.T.);
#4574 = VERTEX_POINT('',#4575);
#4575 = CARTESIAN_POINT('',(30.77,250.,3.627));
#4576 = LINE('',#4577,#4578);
#4577 = CARTESIAN_POINT('',(29.994,250.,4.403));
#4578 = VECTOR('',#4579,1.);
#4579 = DIRECTION('',(0.707106781187,0.,-0.707106781187));
#4580 = ORIENTED_EDGE('',*,*,#4581,.F.);
#4581 = EDGE_CURVE('',#4582,#4574,#4584,.T.);
#4582 = VERTEX_POINT('',#4583);
#4583 = CARTESIAN_POINT('',(30.77,0.,3.627));
#4584 = LINE('',#4585,#4586);
#4585 = CARTESIAN_POINT('',(30.77,0.,3.627));
#4586 = VECTOR('',#4587,1.);
#4587 = DIRECTION('',(0.,1.,0.));
#4588 = ORIENTED_EDGE('',*,*,#4589,.F.);
#4589 = EDGE_CURVE('',#4551,#4582,#4590,.T.);
#4590 = LINE('',#4591,#4592);
#4591 = CARTESIAN_POINT('',(29.994,0.,4.403));
#4592 = VECTOR('',#4593,1.);
#4593 = DIRECTION('',(0.707106781187,0.,-0.707106781187));
#4594 = PLANE('',#4595);
#4595 = AXIS2_PLACEMENT_3D('',#4596,#4597,#4598);
#4596 = CARTESIAN_POINT('',(29.994,0.,4.403));
#4597 = DIRECTION('',(-0.707106781187,0.,-0.707106781187));
#4598 = DIRECTION('',(0.707106781187,0.,-0.707106781187));
#4599 = ADVANCED_FACE('',(#4600),#4625,.T.);
#4600 = FACE_BOUND('',#4601,.T.);
#4601 = EDGE_LOOP('',(#4602,#4603,#4611,#4619));
#4602 = ORIENTED_EDGE('',*,*,#4581,.T.);
#4603 = ORIENTED_EDGE('',*,*,#4604,.T.);
#4604 = EDGE_CURVE('',#4574,#4605,#4607,.T.);
#4605 = VERTEX_POINT('',#4606);
#4606 = CARTESIAN_POINT('',(29.073,250.,1.93));
#4607 = LINE('',#4608,#4609);
#4608 = CARTESIAN_POINT('',(30.77,250.,3.627));
#4609 = VECTOR('',#4610,1.);
#4610 = DIRECTION('',(-0.707106781187,0.,-0.707106781187));
#4611 = ORIENTED_EDGE('',*,*,#4612,.F.);
#4612 = EDGE_CURVE('',#4613,#4605,#4615,.T.);
#4613 = VERTEX_POINT('',#4614);
#4614 = CARTESIAN_POINT('',(29.073,0.,1.93));
#4615 = LINE('',#4616,#4617);
#4616 = CARTESIAN_POINT('',(29.073,0.,1.93));
#4617 = VECTOR('',#4618,1.);
#4618 = DIRECTION('',(0.,1.,0.));
#4619 = ORIENTED_EDGE('',*,*,#4620,.F.);
#4620 = EDGE_CURVE('',#4582,#4613,#4621,.T.);
#4621 = LINE('',#4622,#4623);
#4622 = CARTESIAN_POINT('',(30.77,0.,3.627));
#4623 = VECTOR('',#4624,1.);
#4624 = DIRECTION('',(-0.707106781187,0.,-0.707106781187));
#4625 = PLANE('',#4626);
#4626 = AXIS2_PLACEMENT_3D('',#4627,#4628,#4629);
#4627 = CARTESIAN_POINT('',(30.77,0.,3.627));
#4628 = DIRECTION('',(-0.707106781187,0.,0.707106781187));
#4629 = DIRECTION('',(-0.707106781187,0.,-0.707106781187));
#4630 = ADVANCED_FACE('',(#4631),#4656,.T.);
#4631 = FACE_BOUND('',#4632,.T.);
#4632 = EDGE_LOOP('',(#4633,#4634,#4642,#4650));
#4633 = ORIENTED_EDGE('',*,*,#4612,.T.);
#4634 = ORIENTED_EDGE('',*,*,#4635,.T.);
#4635 = EDGE_CURVE('',#4605,#4636,#4638,.T.);
#4636 = VERTEX_POINT('',#4637);
#4637 = CARTESIAN_POINT('',(28.297,250.,2.706));
#4638 = LINE('',#4639,#4640);
#4639 = CARTESIAN_POINT('',(29.073,250.,1.93));
#4640 = VECTOR('',#4641,1.);
#4641 = DIRECTION('',(-0.707106781187,0.,0.707106781187));
#4642 = ORIENTED_EDGE('',*,*,#4643,.F.);
#4643 = EDGE_CURVE('',#4644,#4636,#4646,.T.);
#4644 = VERTEX_POINT('',#4645);
#4645 = CARTESIAN_POINT('',(28.297,0.,2.706));
#4646 = LINE('',#4647,#4648);
#4647 = CARTESIAN_POINT('',(28.297,0.,2.706));
#4648 = VECTOR('',#4649,1.);
#4649 = DIRECTION('',(0.,1.,0.));
#4650 = ORIENTED_EDGE('',*,*,#4651,.F.);
#4651 = EDGE_CURVE('',#4613,#4644,#4652,.T.);
#4652 = LINE('',#4653,#4654);
#4653 = CARTESIAN_POINT('',(29.073,0.,1.93));
#4654 = VECTOR('',#4655,1.);
#4655 = DIRECTION('',(-0.707106781187,0.,0.707106781187));
#4656 = PLANE('',#4657);
#4657 = AXIS2_PLACEMENT_3D('',#4658,#4659,#4660);
#4658 = CARTESIAN_POINT('',(29.073,0.,1.93));
#4659 = DIRECTION('',(0.707106781187,-0.,0.707106781187));
#4660 = DIRECTION('',(-0.707106781187,0.,0.707106781187));
#4661 = ADVANCED_FACE('',(#4662),#4687,.T.);
#4662 = FACE_BOUND('',#4663,.T.);
#4663 = EDGE_LOOP('',(#4664,#4665,#4673,#4681));
#4664 = ORIENTED_EDGE('',*,*,#4643,.T.);
#4665 = ORIENTED_EDGE('',*,*,#4666,.T.);
#4666 = EDGE_CURVE('',#4636,#4667,#4669,.T.);
#4667 = VERTEX_POINT('',#4668);
#4668 = CARTESIAN_POINT('',(27.813,250.,2.65));
#4669 = LINE('',#4670,#4671);
#4670 = CARTESIAN_POINT('',(28.297,250.,2.706));
#4671 = VECTOR('',#4672,1.);
#4672 = DIRECTION('',(-0.993372932136,0.,-0.114935711156));
#4673 = ORIENTED_EDGE('',*,*,#4674,.F.);
#4674 = EDGE_CURVE('',#4675,#4667,#4677,.T.);
#4675 = VERTEX_POINT('',#4676);
#4676 = CARTESIAN_POINT('',(27.813,0.,2.65));
#4677 = LINE('',#4678,#4679);
#4678 = CARTESIAN_POINT('',(27.813,0.,2.65));
#4679 = VECTOR('',#4680,1.);
#4680 = DIRECTION('',(0.,1.,0.));
#4681 = ORIENTED_EDGE('',*,*,#4682,.F.);
#4682 = EDGE_CURVE('',#4644,#4675,#4683,.T.);
#4683 = LINE('',#4684,#4685);
#4684 = CARTESIAN_POINT('',(28.297,0.,2.706));
#4685 = VECTOR('',#4686,1.);
#4686 = DIRECTION('',(-0.993372932136,0.,-0.114935711156));
#4687 = PLANE('',#4688);
#4688 = AXIS2_PLACEMENT_3D('',#4689,#4690,#4691);
#4689 = CARTESIAN_POINT('',(28.297,0.,2.706));
#4690 = DIRECTION('',(-0.114935711156,0.,0.993372932136));
#4691 = DIRECTION('',(-0.993372932136,0.,-0.114935711156));
#4692 = ADVANCED_FACE('',(#4693),#4718,.T.);
#4693 = FACE_BOUND('',#4694,.T.);
#4694 = EDGE_LOOP('',(#4695,#4696,#4704,#4712));
#4695 = ORIENTED_EDGE('',*,*,#4674,.T.);
#4696 = ORIENTED_EDGE('',*,*,#4697,.T.);
#4697 = EDGE_CURVE('',#4667,#4698,#4700,.T.);
#4698 = VERTEX_POINT('',#4699);
#4699 = CARTESIAN_POINT('',(27.022,250.,1.859));
#4700 = LINE('',#4701,#4702);
#4701 = CARTESIAN_POINT('',(27.813,250.,2.65));
#4702 = VECTOR('',#4703,1.);
#4703 = DIRECTION('',(-0.707106781187,0.,-0.707106781187));
#4704 = ORIENTED_EDGE('',*,*,#4705,.F.);
#4705 = EDGE_CURVE('',#4706,#4698,#4708,.T.);
#4706 = VERTEX_POINT('',#4707);
#4707 = CARTESIAN_POINT('',(27.022,0.,1.859));
#4708 = LINE('',#4709,#4710);
#4709 = CARTESIAN_POINT('',(27.022,0.,1.859));
#4710 = VECTOR('',#4711,1.);
#4711 = DIRECTION('',(0.,1.,0.));
#4712 = ORIENTED_EDGE('',*,*,#4713,.F.);
#4713 = EDGE_CURVE('',#4675,#4706,#4714,.T.);
#4714 = LINE('',#4715,#4716);
#4715 = CARTESIAN_POINT('',(27.813,0.,2.65));
#4716 = VECTOR('',#4717,1.);
#4717 = DIRECTION('',(-0.707106781187,0.,-0.707106781187));
#4718 = PLANE('',#4719);
#4719 = AXIS2_PLACEMENT_3D('',#4720,#4721,#4722);
#4720 = CARTESIAN_POINT('',(27.813,0.,2.65));
#4721 = DIRECTION('',(-0.707106781187,0.,0.707106781187));
#4722 = DIRECTION('',(-0.707106781187,0.,-0.707106781187));
#4723 = ADVANCED_FACE('',(#4724),#4749,.T.);
#4724 = FACE_BOUND('',#4725,.T.);
#4725 = EDGE_LOOP('',(#4726,#4727,#4735,#4743));
#4726 = ORIENTED_EDGE('',*,*,#4705,.T.);
#4727 = ORIENTED_EDGE('',*,*,#4728,.T.);
#4728 = EDGE_CURVE('',#4698,#4729,#4731,.T.);
#4729 = VERTEX_POINT('',#4730);
#4730 = CARTESIAN_POINT('',(26.598,250.,1.859));
#4731 = LINE('',#4732,#4733);
#4732 = CARTESIAN_POINT('',(27.022,250.,1.859));
#4733 = VECTOR('',#4734,1.);
#4734 = DIRECTION('',(-1.,0.,0.));
#4735 = ORIENTED_EDGE('',*,*,#4736,.F.);
#4736 = EDGE_CURVE('',#4737,#4729,#4739,.T.);
#4737 = VERTEX_POINT('',#4738);
#4738 = CARTESIAN_POINT('',(26.598,0.,1.859));
#4739 = LINE('',#4740,#4741);
#4740 = CARTESIAN_POINT('',(26.598,0.,1.859));
#4741 = VECTOR('',#4742,1.);
#4742 = DIRECTION('',(0.,1.,0.));
#4743 = ORIENTED_EDGE('',*,*,#4744,.F.);
#4744 = EDGE_CURVE('',#4706,#4737,#4745,.T.);
#4745 = LINE('',#4746,#4747);
#4746 = CARTESIAN_POINT('',(27.022,0.,1.859));
#4747 = VECTOR('',#4748,1.);
#4748 = DIRECTION('',(-1.,0.,0.));
#4749 = PLANE('',#4750);
#4750 = AXIS2_PLACEMENT_3D('',#4751,#4752,#4753);
#4751 = CARTESIAN_POINT('',(27.022,0.,1.859));
#4752 = DIRECTION('',(0.,-0.,1.));
#4753 = DIRECTION('',(-1.,0.,0.));
#4754 = ADVANCED_FACE('',(#4755),#4780,.T.);
#4755 = FACE_BOUND('',#4756,.T.);
#4756 = EDGE_LOOP('',(#4757,#4758,#4766,#4774));
#4757 = ORIENTED_EDGE('',*,*,#4736,.T.);
#4758 = ORIENTED_EDGE('',*,*,#4759,.T.);
#4759 = EDGE_CURVE('',#4729,#4760,#4762,.T.);
#4760 = VERTEX_POINT('',#4761);
#4761 = CARTESIAN_POINT('',(24.759,250.,3.698));
#4762 = LINE('',#4763,#4764);
#4763 = CARTESIAN_POINT('',(26.598,250.,1.859));
#4764 = VECTOR('',#4765,1.);
#4765 = DIRECTION('',(-0.707106781187,0.,0.707106781187));
#4766 = ORIENTED_EDGE('',*,*,#4767,.F.);
#4767 = EDGE_CURVE('',#4768,#4760,#4770,.T.);
#4768 = VERTEX_POINT('',#4769);
#4769 = CARTESIAN_POINT('',(24.759,0.,3.698));
#4770 = LINE('',#4771,#4772);
#4771 = CARTESIAN_POINT('',(24.759,0.,3.698));
#4772 = VECTOR('',#4773,1.);
#4773 = DIRECTION('',(0.,1.,0.));
#4774 = ORIENTED_EDGE('',*,*,#4775,.F.);
#4775 = EDGE_CURVE('',#4737,#4768,#4776,.T.);
#4776 = LINE('',#4777,#4778);
#4777 = CARTESIAN_POINT('',(26.598,0.,1.859));
#4778 = VECTOR('',#4779,1.);
#4779 = DIRECTION('',(-0.707106781187,0.,0.707106781187));
#4780 = PLANE('',#4781);
#4781 = AXIS2_PLACEMENT_3D('',#4782,#4783,#4784);
#4782 = CARTESIAN_POINT('',(26.598,0.,1.859));
#4783 = DIRECTION('',(0.707106781187,-0.,0.707106781187));
#4784 = DIRECTION('',(-0.707106781187,0.,0.707106781187));
#4785 = ADVANCED_FACE('',(#4786),#4811,.T.);
#4786 = FACE_BOUND('',#4787,.T.);
#4787 = EDGE_LOOP('',(#4788,#4789,#4797,#4805));
#4788 = ORIENTED_EDGE('',*,*,#4767,.T.);
#4789 = ORIENTED_EDGE('',*,*,#4790,.T.);
#4790 = EDGE_CURVE('',#4760,#4791,#4793,.T.);
#4791 = VERTEX_POINT('',#4792);
#4792 = CARTESIAN_POINT('',(24.759,250.,4.122));
#4793 = LINE('',#4794,#4795);
#4794 = CARTESIAN_POINT('',(24.759,250.,3.698));
#4795 = VECTOR('',#4796,1.);
#4796 = DIRECTION('',(0.,0.,1.));
#4797 = ORIENTED_EDGE('',*,*,#4798,.F.);
#4798 = EDGE_CURVE('',#4799,#4791,#4801,.T.);
#4799 = VERTEX_POINT('',#4800);
#4800 = CARTESIAN_POINT('',(24.759,0.,4.122));
#4801 = LINE('',#4802,#4803);
#4802 = CARTESIAN_POINT('',(24.759,0.,4.122));
#4803 = VECTOR('',#4804,1.);
#4804 = DIRECTION('',(0.,1.,0.));
#4805 = ORIENTED_EDGE('',*,*,#4806,.F.);
#4806 = EDGE_CURVE('',#4768,#4799,#4807,.T.);
#4807 = LINE('',#4808,#4809);
#4808 = CARTESIAN_POINT('',(24.759,0.,3.698));
#4809 = VECTOR('',#4810,1.);
#4810 = DIRECTION('',(0.,0.,1.));
#4811 = PLANE('',#4812);
#4812 = AXIS2_PLACEMENT_3D('',#4813,#4814,#4815);
#4813 = CARTESIAN_POINT('',(24.759,0.,3.698));
#4814 = DIRECTION('',(1.,0.,0.));
#4815 = DIRECTION('',(0.,0.,1.));
#4816 = ADVANCED_FACE('',(#4817),#4842,.T.);
#4817 = FACE_BOUND('',#4818,.T.);
#4818 = EDGE_LOOP('',(#4819,#4820,#4828,#4836));
#4819 = ORIENTED_EDGE('',*,*,#4798,.T.);
#4820 = ORIENTED_EDGE('',*,*,#4821,.T.);
#4821 = EDGE_CURVE('',#4791,#4822,#4824,.T.);
#4822 = VERTEX_POINT('',#4823);
#4823 = CARTESIAN_POINT('',(25.55,250.,4.913));
#4824 = LINE('',#4825,#4826);
#4825 = CARTESIAN_POINT('',(24.759,250.,4.122));
#4826 = VECTOR('',#4827,1.);
#4827 = DIRECTION('',(0.707106781187,0.,0.707106781187));
#4828 = ORIENTED_EDGE('',*,*,#4829,.F.);
#4829 = EDGE_CURVE('',#4830,#4822,#4832,.T.);
#4830 = VERTEX_POINT('',#4831);
#4831 = CARTESIAN_POINT('',(25.55,0.,4.913));
#4832 = LINE('',#4833,#4834);
#4833 = CARTESIAN_POINT('',(25.55,0.,4.913));
#4834 = VECTOR('',#4835,1.);
#4835 = DIRECTION('',(0.,1.,0.));
#4836 = ORIENTED_EDGE('',*,*,#4837,.F.);
#4837 = EDGE_CURVE('',#4799,#4830,#4838,.T.);
#4838 = LINE('',#4839,#4840);
#4839 = CARTESIAN_POINT('',(24.759,0.,4.122));
#4840 = VECTOR('',#4841,1.);
#4841 = DIRECTION('',(0.707106781187,0.,0.707106781187));
#4842 = PLANE('',#4843);
#4843 = AXIS2_PLACEMENT_3D('',#4844,#4845,#4846);
#4844 = CARTESIAN_POINT('',(24.759,0.,4.122));
#4845 = DIRECTION('',(0.707106781187,0.,-0.707106781187));
#4846 = DIRECTION('',(0.707106781187,0.,0.707106781187));
#4847 = ADVANCED_FACE('',(#4848),#4873,.T.);
#4848 = FACE_BOUND('',#4849,.T.);
#4849 = EDGE_LOOP('',(#4850,#4851,#4859,#4867));
#4850 = ORIENTED_EDGE('',*,*,#4829,.T.);
#4851 = ORIENTED_EDGE('',*,*,#4852,.T.);
#4852 = EDGE_CURVE('',#4822,#4853,#4855,.T.);
#4853 = VERTEX_POINT('',#4854);
#4854 = CARTESIAN_POINT('',(25.606,250.,5.397));
#4855 = LINE('',#4856,#4857);
#4856 = CARTESIAN_POINT('',(25.55,250.,4.913));
#4857 = VECTOR('',#4858,1.);
#4858 = DIRECTION('',(0.114935711156,0.,0.993372932136));
#4859 = ORIENTED_EDGE('',*,*,#4860,.F.);
#4860 = EDGE_CURVE('',#4861,#4853,#4863,.T.);
#4861 = VERTEX_POINT('',#4862);
#4862 = CARTESIAN_POINT('',(25.606,0.,5.397));
#4863 = LINE('',#4864,#4865);
#4864 = CARTESIAN_POINT('',(25.606,0.,5.397));
#4865 = VECTOR('',#4866,1.);
#4866 = DIRECTION('',(0.,1.,0.));
#4867 = ORIENTED_EDGE('',*,*,#4868,.F.);
#4868 = EDGE_CURVE('',#4830,#4861,#4869,.T.);
#4869 = LINE('',#4870,#4871);
#4870 = CARTESIAN_POINT('',(25.55,0.,4.913));
#4871 = VECTOR('',#4872,1.);
#4872 = DIRECTION('',(0.114935711156,0.,0.993372932136));
#4873 = PLANE('',#4874);
#4874 = AXIS2_PLACEMENT_3D('',#4875,#4876,#4877);
#4875 = CARTESIAN_POINT('',(25.55,0.,4.913));
#4876 = DIRECTION('',(0.993372932136,0.,-0.114935711156));
#4877 = DIRECTION('',(0.114935711156,0.,0.993372932136));
#4878 = ADVANCED_FACE('',(#4879),#4904,.T.);
#4879 = FACE_BOUND('',#4880,.T.);
#4880 = EDGE_LOOP('',(#4881,#4882,#4890,#4898));
#4881 = ORIENTED_EDGE('',*,*,#4860,.T.);
#4882 = ORIENTED_EDGE('',*,*,#4883,.T.);
#4883 = EDGE_CURVE('',#4853,#4884,#4886,.T.);
#4884 = VERTEX_POINT('',#4885);
#4885 = CARTESIAN_POINT('',(24.83,250.,6.173));
#4886 = LINE('',#4887,#4888);
#4887 = CARTESIAN_POINT('',(25.606,250.,5.397));
#4888 = VECTOR('',#4889,1.);
#4889 = DIRECTION('',(-0.707106781187,0.,0.707106781187));
#4890 = ORIENTED_EDGE('',*,*,#4891,.F.);
#4891 = EDGE_CURVE('',#4892,#4884,#4894,.T.);
#4892 = VERTEX_POINT('',#4893);
#4893 = CARTESIAN_POINT('',(24.83,0.,6.173));
#4894 = LINE('',#4895,#4896);
#4895 = CARTESIAN_POINT('',(24.83,0.,6.173));
#4896 = VECTOR('',#4897,1.);
#4897 = DIRECTION('',(0.,1.,0.));
#4898 = ORIENTED_EDGE('',*,*,#4899,.F.);
#4899 = EDGE_CURVE('',#4861,#4892,#4900,.T.);
#4900 = LINE('',#4901,#4902);
#4901 = CARTESIAN_POINT('',(25.606,0.,5.397));
#4902 = VECTOR('',#4903,1.);
#4903 = DIRECTION('',(-0.707106781187,0.,0.707106781187));
#4904 = PLANE('',#4905);
#4905 = AXIS2_PLACEMENT_3D('',#4906,#4907,#4908);
#4906 = CARTESIAN_POINT('',(25.606,0.,5.397));
#4907 = DIRECTION('',(0.707106781187,-0.,0.707106781187));
#4908 = DIRECTION('',(-0.707106781187,0.,0.707106781187));
#4909 = ADVANCED_FACE('',(#4910),#4935,.T.);
#4910 = FACE_BOUND('',#4911,.T.);
#4911 = EDGE_LOOP('',(#4912,#4913,#4921,#4929));
#4912 = ORIENTED_EDGE('',*,*,#4891,.T.);
#4913 = ORIENTED_EDGE('',*,*,#4914,.T.);
#4914 = EDGE_CURVE('',#4884,#4915,#4917,.T.);
#4915 = VERTEX_POINT('',#4916);
#4916 = CARTESIAN_POINT('',(26.527,250.,7.87));
#4917 = LINE('',#4918,#4919);
#4918 = CARTESIAN_POINT('',(24.83,250.,6.173));
#4919 = VECTOR('',#4920,1.);
#4920 = DIRECTION('',(0.707106781187,0.,0.707106781187));
#4921 = ORIENTED_EDGE('',*,*,#4922,.F.);
#4922 = EDGE_CURVE('',#4923,#4915,#4925,.T.);
#4923 = VERTEX_POINT('',#4924);
#4924 = CARTESIAN_POINT('',(26.527,0.,7.87));
#4925 = LINE('',#4926,#4927);
#4926 = CARTESIAN_POINT('',(26.527,0.,7.87));
#4927 = VECTOR('',#4928,1.);
#4928 = DIRECTION('',(0.,1.,0.));
#4929 = ORIENTED_EDGE('',*,*,#4930,.F.);
#4930 = EDGE_CURVE('',#4892,#4923,#4931,.T.);
#4931 = LINE('',#4932,#4933);
#4932 = CARTESIAN_POINT('',(24.83,0.,6.173));
#4933 = VECTOR('',#4934,1.);
#4934 = DIRECTION('',(0.707106781187,0.,0.707106781187));
#4935 = PLANE('',#4936);
#4936 = AXIS2_PLACEMENT_3D('',#4937,#4938,#4939);
#4937 = CARTESIAN_POINT('',(24.83,0.,6.173));
#4938 = DIRECTION('',(0.707106781187,0.,-0.707106781187));
#4939 = DIRECTION('',(0.707106781187,0.,0.707106781187));
#4940 = ADVANCED_FACE('',(#4941),#4966,.T.);
#4941 = FACE_BOUND('',#4942,.T.);
#4942 = EDGE_LOOP('',(#4943,#4944,#4952,#4960));
#4943 = ORIENTED_EDGE('',*,*,#4922,.T.);
#4944 = ORIENTED_EDGE('',*,*,#4945,.T.);
#4945 = EDGE_CURVE('',#4915,#4946,#4948,.T.);
#4946 = VERTEX_POINT('',#4947);
#4947 = CARTESIAN_POINT('',(27.303,250.,7.094));
#4948 = LINE('',#4949,#4950);
#4949 = CARTESIAN_POINT('',(26.527,250.,7.87));
#4950 = VECTOR('',#4951,1.);
#4951 = DIRECTION('',(0.707106781187,0.,-0.707106781187));
#4952 = ORIENTED_EDGE('',*,*,#4953,.F.);
#4953 = EDGE_CURVE('',#4954,#4946,#4956,.T.);
#4954 = VERTEX_POINT('',#4955);
#4955 = CARTESIAN_POINT('',(27.303,0.,7.094));
#4956 = LINE('',#4957,#4958);
#4957 = CARTESIAN_POINT('',(27.303,0.,7.094));
#4958 = VECTOR('',#4959,1.);
#4959 = DIRECTION('',(0.,1.,0.));
#4960 = ORIENTED_EDGE('',*,*,#4961,.F.);
#4961 = EDGE_CURVE('',#4923,#4954,#4962,.T.);
#4962 = LINE('',#4963,#4964);
#4963 = CARTESIAN_POINT('',(26.527,0.,7.87));
#4964 = VECTOR('',#4965,1.);
#4965 = DIRECTION('',(0.707106781187,0.,-0.707106781187));
#4966 = PLANE('',#4967);
#4967 = AXIS2_PLACEMENT_3D('',#4968,#4969,#4970);
#4968 = CARTESIAN_POINT('',(26.527,0.,7.87));
#4969 = DIRECTION('',(-0.707106781187,0.,-0.707106781187));
#4970 = DIRECTION('',(0.707106781187,0.,-0.707106781187));
#4971 = ADVANCED_FACE('',(#4972),#4997,.T.);
#4972 = FACE_BOUND('',#4973,.T.);
#4973 = EDGE_LOOP('',(#4974,#4975,#4983,#4991));
#4974 = ORIENTED_EDGE('',*,*,#4953,.T.);
#4975 = ORIENTED_EDGE('',*,*,#4976,.T.);
#4976 = EDGE_CURVE('',#4946,#4977,#4979,.T.);
#4977 = VERTEX_POINT('',#4978);
#4978 = CARTESIAN_POINT('',(27.787,250.,7.15));
#4979 = LINE('',#4980,#4981);
#4980 = CARTESIAN_POINT('',(27.303,250.,7.094));
#4981 = VECTOR('',#4982,1.);
#4982 = DIRECTION('',(0.993372932136,0.,0.114935711156));
#4983 = ORIENTED_EDGE('',*,*,#4984,.F.);
#4984 = EDGE_CURVE('',#4985,#4977,#4987,.T.);
#4985 = VERTEX_POINT('',#4986);
#4986 = CARTESIAN_POINT('',(27.787,0.,7.15));
#4987 = LINE('',#4988,#4989);
#4988 = CARTESIAN_POINT('',(27.787,0.,7.15));
#4989 = VECTOR('',#4990,1.);
#4990 = DIRECTION('',(0.,1.,0.));
#4991 = ORIENTED_EDGE('',*,*,#4992,.F.);
#4992 = EDGE_CURVE('',#4954,#4985,#4993,.T.);
#4993 = LINE('',#4994,#4995);
#4994 = CARTESIAN_POINT('',(27.303,0.,7.094));
#4995 = VECTOR('',#4996,1.);
#4996 = DIRECTION('',(0.993372932136,0.,0.114935711156));
#4997 = PLANE('',#4998);
#4998 = AXIS2_PLACEMENT_3D('',#4999,#5000,#5001);
#4999 = CARTESIAN_POINT('',(27.303,0.,7.094));
#5000 = DIRECTION('',(0.114935711156,0.,-0.993372932136));
#5001 = DIRECTION('',(0.993372932136,0.,0.114935711156));
#5002 = ADVANCED_FACE('',(#5003),#5028,.T.);
#5003 = FACE_BOUND('',#5004,.T.);
#5004 = EDGE_LOOP('',(#5005,#5006,#5014,#5022));
#5005 = ORIENTED_EDGE('',*,*,#4984,.T.);
#5006 = ORIENTED_EDGE('',*,*,#5007,.T.);
#5007 = EDGE_CURVE('',#4977,#5008,#5010,.T.);
#5008 = VERTEX_POINT('',#5009);
#5009 = CARTESIAN_POINT('',(28.578,250.,7.941));
#5010 = LINE('',#5011,#5012);
#5011 = CARTESIAN_POINT('',(27.787,250.,7.15));
#5012 = VECTOR('',#5013,1.);
#5013 = DIRECTION('',(0.707106781187,0.,0.707106781187));
#5014 = ORIENTED_EDGE('',*,*,#5015,.F.);
#5015 = EDGE_CURVE('',#5016,#5008,#5018,.T.);
#5016 = VERTEX_POINT('',#5017);
#5017 = CARTESIAN_POINT('',(28.578,0.,7.941));
#5018 = LINE('',#5019,#5020);
#5019 = CARTESIAN_POINT('',(28.578,0.,7.941));
#5020 = VECTOR('',#5021,1.);
#5021 = DIRECTION('',(0.,1.,0.));
#5022 = ORIENTED_EDGE('',*,*,#5023,.F.);
#5023 = EDGE_CURVE('',#4985,#5016,#5024,.T.);
#5024 = LINE('',#5025,#5026);
#5025 = CARTESIAN_POINT('',(27.787,0.,7.15));
#5026 = VECTOR('',#5027,1.);
#5027 = DIRECTION('',(0.707106781187,0.,0.707106781187));
#5028 = PLANE('',#5029);
#5029 = AXIS2_PLACEMENT_3D('',#5030,#5031,#5032);
#5030 = CARTESIAN_POINT('',(27.787,0.,7.15));
#5031 = DIRECTION('',(0.707106781187,0.,-0.707106781187));
#5032 = DIRECTION('',(0.707106781187,0.,0.707106781187));
#5033 = ADVANCED_FACE('',(#5034),#5059,.T.);
#5034 = FACE_BOUND('',#5035,.T.);
#5035 = EDGE_LOOP('',(#5036,#5037,#5045,#5053));
#5036 = ORIENTED_EDGE('',*,*,#5015,.T.);
#5037 = ORIENTED_EDGE('',*,*,#5038,.T.);
#5038 = EDGE_CURVE('',#5008,#5039,#5041,.T.);
#5039 = VERTEX_POINT('',#5040);
#5040 = CARTESIAN_POINT('',(28.578,250.,8.365));
#5041 = LINE('',#5042,#5043);
#5042 = CARTESIAN_POINT('',(28.578,250.,7.941));
#5043 = VECTOR('',#5044,1.);
#5044 = DIRECTION('',(0.,0.,1.));
#5045 = ORIENTED_EDGE('',*,*,#5046,.F.);
#5046 = EDGE_CURVE('',#5047,#5039,#5049,.T.);
#5047 = VERTEX_POINT('',#5048);
#5048 = CARTESIAN_POINT('',(28.578,0.,8.365));
#5049 = LINE('',#5050,#5051);
#5050 = CARTESIAN_POINT('',(28.578,0.,8.365));
#5051 = VECTOR('',#5052,1.);
#5052 = DIRECTION('',(0.,1.,0.));
#5053 = ORIENTED_EDGE('',*,*,#5054,.F.);
#5054 = EDGE_CURVE('',#5016,#5047,#5055,.T.);
#5055 = LINE('',#5056,#5057);
#5056 = CARTESIAN_POINT('',(28.578,0.,7.941));
#5057 = VECTOR('',#5058,1.);
#5058 = DIRECTION('',(0.,0.,1.));
#5059 = PLANE('',#5060);
#5060 = AXIS2_PLACEMENT_3D('',#5061,#5062,#5063);
#5061 = CARTESIAN_POINT('',(28.578,0.,7.941));
#5062 = DIRECTION('',(1.,0.,0.));
#5063 = DIRECTION('',(0.,0.,1.));
#5064 = ADVANCED_FACE('',(#5065),#5090,.T.);
#5065 = FACE_BOUND('',#5066,.T.);
#5066 = EDGE_LOOP('',(#5067,#5068,#5076,#5084));
#5067 = ORIENTED_EDGE('',*,*,#5046,.T.);
#5068 = ORIENTED_EDGE('',*,*,#5069,.T.);
#5069 = EDGE_CURVE('',#5039,#5070,#5072,.T.);
#5070 = VERTEX_POINT('',#5071);
#5071 = CARTESIAN_POINT('',(27.343,250.,9.6));
#5072 = LINE('',#5073,#5074);
#5073 = CARTESIAN_POINT('',(28.578,250.,8.365));
#5074 = VECTOR('',#5075,1.);
#5075 = DIRECTION('',(-0.707106781187,0.,0.707106781187));
#5076 = ORIENTED_EDGE('',*,*,#5077,.F.);
#5077 = EDGE_CURVE('',#5078,#5070,#5080,.T.);
#5078 = VERTEX_POINT('',#5079);
#5079 = CARTESIAN_POINT('',(27.343,0.,9.6));
#5080 = LINE('',#5081,#5082);
#5081 = CARTESIAN_POINT('',(27.343,0.,9.6));
#5082 = VECTOR('',#5083,1.);
#5083 = DIRECTION('',(0.,1.,0.));
#5084 = ORIENTED_EDGE('',*,*,#5085,.F.);
#5085 = EDGE_CURVE('',#5047,#5078,#5086,.T.);
#5086 = LINE('',#5087,#5088);
#5087 = CARTESIAN_POINT('',(28.578,0.,8.365));
#5088 = VECTOR('',#5089,1.);
#5089 = DIRECTION('',(-0.707106781187,0.,0.707106781187));
#5090 = PLANE('',#5091);
#5091 = AXIS2_PLACEMENT_3D('',#5092,#5093,#5094);
#5092 = CARTESIAN_POINT('',(28.578,0.,8.365));
#5093 = DIRECTION('',(0.707106781187,-0.,0.707106781187));
#5094 = DIRECTION('',(-0.707106781187,0.,0.707106781187));
#5095 = ADVANCED_FACE('',(#5096),#5121,.T.);
#5096 = FACE_BOUND('',#5097,.T.);
#5097 = EDGE_LOOP('',(#5098,#5099,#5107,#5115));
#5098 = ORIENTED_EDGE('',*,*,#5077,.T.);
#5099 = ORIENTED_EDGE('',*,*,#5100,.T.);
#5100 = EDGE_CURVE('',#5070,#5101,#5103,.T.);
#5101 = VERTEX_POINT('',#5102);
#5102 = CARTESIAN_POINT('',(24.8,250.,9.6));
#5103 = LINE('',#5104,#5105);
#5104 = CARTESIAN_POINT('',(27.343,250.,9.6));
#5105 = VECTOR('',#5106,1.);
#5106 = DIRECTION('',(-1.,0.,0.));
#5107 = ORIENTED_EDGE('',*,*,#5108,.F.);
#5108 = EDGE_CURVE('',#5109,#5101,#5111,.T.);
#5109 = VERTEX_POINT('',#5110);
#5110 = CARTESIAN_POINT('',(24.8,0.,9.6));
#5111 = LINE('',#5112,#5113);
#5112 = CARTESIAN_POINT('',(24.8,0.,9.6));
#5113 = VECTOR('',#5114,1.);
#5114 = DIRECTION('',(0.,1.,0.));
#5115 = ORIENTED_EDGE('',*,*,#5116,.F.);
#5116 = EDGE_CURVE('',#5078,#5109,#5117,.T.);
#5117 = LINE('',#5118,#5119);
#5118 = CARTESIAN_POINT('',(27.343,0.,9.6));
#5119 = VECTOR('',#5120,1.);
#5120 = DIRECTION('',(-1.,0.,0.));
#5121 = PLANE('',#5122);
#5122 = AXIS2_PLACEMENT_3D('',#5123,#5124,#5125);
#5123 = CARTESIAN_POINT('',(27.343,0.,9.6));
#5124 = DIRECTION('',(0.,-0.,1.));
#5125 = DIRECTION('',(-1.,0.,0.));
#5126 = ADVANCED_FACE('',(#5127),#5152,.T.);
#5127 = FACE_BOUND('',#5128,.T.);
#5128 = EDGE_LOOP('',(#5129,#5130,#5138,#5146));
#5129 = ORIENTED_EDGE('',*,*,#5108,.T.);
#5130 = ORIENTED_EDGE('',*,*,#5131,.T.);
#5131 = EDGE_CURVE('',#5101,#5132,#5134,.T.);
#5132 = VERTEX_POINT('',#5133);
#5133 = CARTESIAN_POINT('',(24.8,250.,11.4));
#5134 = LINE('',#5135,#5136);
#5135 = CARTESIAN_POINT('',(24.8,250.,9.6));
#5136 = VECTOR('',#5137,1.);
#5137 = DIRECTION('',(0.,0.,1.));
#5138 = ORIENTED_EDGE('',*,*,#5139,.F.);
#5139 = EDGE_CURVE('',#5140,#5132,#5142,.T.);
#5140 = VERTEX_POINT('',#5141);
#5141 = CARTESIAN_POINT('',(24.8,0.,11.4));
#5142 = LINE('',#5143,#5144);
#5143 = CARTESIAN_POINT('',(24.8,0.,11.4));
#5144 = VECTOR('',#5145,1.);
#5145 = DIRECTION('',(0.,1.,0.));
#5146 = ORIENTED_EDGE('',*,*,#5147,.F.);
#5147 = EDGE_CURVE('',#5109,#5140,#5148,.T.);
#5148 = LINE('',#5149,#5150);
#5149 = CARTESIAN_POINT('',(24.8,0.,9.6));
#5150 = VECTOR('',#5151,1.);
#5151 = DIRECTION('',(0.,0.,1.));
#5152 = PLANE('',#5153);
#5153 = AXIS2_PLACEMENT_3D('',#5154,#5155,#5156);
#5154 = CARTESIAN_POINT('',(24.8,0.,9.6));
#5155 = DIRECTION('',(1.,0.,0.));
#5156 = DIRECTION('',(0.,0.,1.));
#5157 = ADVANCED_FACE('',(#5158),#5183,.T.);
#5158 = FACE_BOUND('',#5159,.T.);
#5159 = EDGE_LOOP('',(#5160,#5161,#5169,#5177));
#5160 = ORIENTED_EDGE('',*,*,#5139,.T.);
#5161 = ORIENTED_EDGE('',*,*,#5162,.T.);
#5162 = EDGE_CURVE('',#5132,#5163,#5165,.T.);
#5163 = VERTEX_POINT('',#5164);
#5164 = CARTESIAN_POINT('',(26.,250.,11.4));
#5165 = LINE('',#5166,#5167);
#5166 = CARTESIAN_POINT('',(24.8,250.,11.4));
#5167 = VECTOR('',#5168,1.);
#5168 = DIRECTION('',(1.,0.,0.));
#5169 = ORIENTED_EDGE('',*,*,#5170,.F.);
#5170 = EDGE_CURVE('',#5171,#5163,#5173,.T.);
#5171 = VERTEX_POINT('',#5172);
#5172 = CARTESIAN_POINT('',(26.,0.,11.4));
#5173 = LINE('',#5174,#5175);
#5174 = CARTESIAN_POINT('',(26.,0.,11.4));
#5175 = VECTOR('',#5176,1.);
#5176 = DIRECTION('',(0.,1.,0.));
#5177 = ORIENTED_EDGE('',*,*,#5178,.F.);
#5178 = EDGE_CURVE('',#5140,#5171,#5179,.T.);
#5179 = LINE('',#5180,#5181);
#5180 = CARTESIAN_POINT('',(24.8,0.,11.4));
#5181 = VECTOR('',#5182,1.);
#5182 = DIRECTION('',(1.,0.,0.));
#5183 = PLANE('',#5184);
#5184 = AXIS2_PLACEMENT_3D('',#5185,#5186,#5187);
#5185 = CARTESIAN_POINT('',(24.8,0.,11.4));
#5186 = DIRECTION('',(0.,0.,-1.));
#5187 = DIRECTION('',(1.,0.,0.));
#5188 = ADVANCED_FACE('',(#5189),#5214,.T.);
#5189 = FACE_BOUND('',#5190,.T.);
#5190 = EDGE_LOOP('',(#5191,#5192,#5200,#5208));
#5191 = ORIENTED_EDGE('',*,*,#5170,.T.);
#5192 = ORIENTED_EDGE('',*,*,#5193,.T.);
#5193 = EDGE_CURVE('',#5163,#5194,#5196,.T.);
#5194 = VERTEX_POINT('',#5195);
#5195 = CARTESIAN_POINT('',(26.3,250.,11.7));
#5196 = LINE('',#5197,#5198);
#5197 = CARTESIAN_POINT('',(26.,250.,11.4));
#5198 = VECTOR('',#5199,1.);
#5199 = DIRECTION('',(0.707106781187,0.,0.707106781187));
#5200 = ORIENTED_EDGE('',*,*,#5201,.F.);
#5201 = EDGE_CURVE('',#5202,#5194,#5204,.T.);
#5202 = VERTEX_POINT('',#5203);
#5203 = CARTESIAN_POINT('',(26.3,0.,11.7));
#5204 = LINE('',#5205,#5206);
#5205 = CARTESIAN_POINT('',(26.3,0.,11.7));
#5206 = VECTOR('',#5207,1.);
#5207 = DIRECTION('',(0.,1.,0.));
#5208 = ORIENTED_EDGE('',*,*,#5209,.F.);
#5209 = EDGE_CURVE('',#5171,#5202,#5210,.T.);
#5210 = LINE('',#5211,#5212);
#5211 = CARTESIAN_POINT('',(26.,0.,11.4));
#5212 = VECTOR('',#5213,1.);
#5213 = DIRECTION('',(0.707106781187,0.,0.707106781187));
#5214 = PLANE('',#5215);
#5215 = AXIS2_PLACEMENT_3D('',#5216,#5217,#5218);
#5216 = CARTESIAN_POINT('',(26.,0.,11.4));
#5217 = DIRECTION('',(0.707106781187,0.,-0.707106781187));
#5218 = DIRECTION('',(0.707106781187,0.,0.707106781187));
#5219 = ADVANCED_FACE('',(#5220),#5245,.T.);
#5220 = FACE_BOUND('',#5221,.T.);
#5221 = EDGE_LOOP('',(#5222,#5223,#5231,#5239));
#5222 = ORIENTED_EDGE('',*,*,#5201,.T.);
#5223 = ORIENTED_EDGE('',*,*,#5224,.T.);
#5224 = EDGE_CURVE('',#5194,#5225,#5227,.T.);
#5225 = VERTEX_POINT('',#5226);
#5226 = CARTESIAN_POINT('',(26.3,250.,12.2));
#5227 = LINE('',#5228,#5229);
#5228 = CARTESIAN_POINT('',(26.3,250.,11.7));
#5229 = VECTOR('',#5230,1.);
#5230 = DIRECTION('',(0.,0.,1.));
#5231 = ORIENTED_EDGE('',*,*,#5232,.F.);
#5232 = EDGE_CURVE('',#5233,#5225,#5235,.T.);
#5233 = VERTEX_POINT('',#5234);
#5234 = CARTESIAN_POINT('',(26.3,0.,12.2));
#5235 = LINE('',#5236,#5237);
#5236 = CARTESIAN_POINT('',(26.3,0.,12.2));
#5237 = VECTOR('',#5238,1.);
#5238 = DIRECTION('',(0.,1.,0.));
#5239 = ORIENTED_EDGE('',*,*,#5240,.F.);
#5240 = EDGE_CURVE('',#5202,#5233,#5241,.T.);
#5241 = LINE('',#5242,#5243);
#5242 = CARTESIAN_POINT('',(26.3,0.,11.7));
#5243 = VECTOR('',#5244,1.);
#5244 = DIRECTION('',(0.,0.,1.));
#5245 = PLANE('',#5246);
#5246 = AXIS2_PLACEMENT_3D('',#5247,#5248,#5249);
#5247 = CARTESIAN_POINT('',(26.3,0.,11.7));
#5248 = DIRECTION('',(1.,0.,0.));
#5249 = DIRECTION('',(0.,0.,1.));
#5250 = ADVANCED_FACE('',(#5251),#5276,.T.);
#5251 = FACE_BOUND('',#5252,.T.);
#5252 = EDGE_LOOP('',(#5253,#5254,#5262,#5270));
#5253 = ORIENTED_EDGE('',*,*,#5232,.T.);
#5254 = ORIENTED_EDGE('',*,*,#5255,.T.);
#5255 = EDGE_CURVE('',#5225,#5256,#5258,.T.);
#5256 = VERTEX_POINT('',#5257);
#5257 = CARTESIAN_POINT('',(26.,250.,12.5));
#5258 = LINE('',#5259,#5260);
#5259 = CARTESIAN_POINT('',(26.3,250.,12.2));
#5260 = VECTOR('',#5261,1.);
#5261 = DIRECTION('',(-0.707106781187,0.,0.707106781187));
#5262 = ORIENTED_EDGE('',*,*,#5263,.F.);
#5263 = EDGE_CURVE('',#5264,#5256,#5266,.T.);
#5264 = VERTEX_POINT('',#5265);
#5265 = CARTESIAN_POINT('',(26.,0.,12.5));
#5266 = LINE('',#5267,#5268);
#5267 = CARTESIAN_POINT('',(26.,0.,12.5));
#5268 = VECTOR('',#5269,1.);
#5269 = DIRECTION('',(0.,1.,0.));
#5270 = ORIENTED_EDGE('',*,*,#5271,.F.);
#5271 = EDGE_CURVE('',#5233,#5264,#5272,.T.);
#5272 = LINE('',#5273,#5274);
#5273 = CARTESIAN_POINT('',(26.3,0.,12.2));
#5274 = VECTOR('',#5275,1.);
#5275 = DIRECTION('',(-0.707106781187,0.,0.707106781187));
#5276 = PLANE('',#5277);
#5277 = AXIS2_PLACEMENT_3D('',#5278,#5279,#5280);
#5278 = CARTESIAN_POINT('',(26.3,0.,12.2));
#5279 = DIRECTION('',(0.707106781187,-0.,0.707106781187));
#5280 = DIRECTION('',(-0.707106781187,0.,0.707106781187));
#5281 = ADVANCED_FACE('',(#5282),#5307,.T.);
#5282 = FACE_BOUND('',#5283,.T.);
#5283 = EDGE_LOOP('',(#5284,#5285,#5293,#5301));
#5284 = ORIENTED_EDGE('',*,*,#5263,.T.);
#5285 = ORIENTED_EDGE('',*,*,#5286,.T.);
#5286 = EDGE_CURVE('',#5256,#5287,#5289,.T.);
#5287 = VERTEX_POINT('',#5288);
#5288 = CARTESIAN_POINT('',(24.8,250.,12.5));
#5289 = LINE('',#5290,#5291);
#5290 = CARTESIAN_POINT('',(26.,250.,12.5));
#5291 = VECTOR('',#5292,1.);
#5292 = DIRECTION('',(-1.,0.,0.));
#5293 = ORIENTED_EDGE('',*,*,#5294,.F.);
#5294 = EDGE_CURVE('',#5295,#5287,#5297,.T.);
#5295 = VERTEX_POINT('',#5296);
#5296 = CARTESIAN_POINT('',(24.8,0.,12.5));
#5297 = LINE('',#5298,#5299);
#5298 = CARTESIAN_POINT('',(24.8,0.,12.5));
#5299 = VECTOR('',#5300,1.);
#5300 = DIRECTION('',(0.,1.,0.));
#5301 = ORIENTED_EDGE('',*,*,#5302,.F.);
#5302 = EDGE_CURVE('',#5264,#5295,#5303,.T.);
#5303 = LINE('',#5304,#5305);
#5304 = CARTESIAN_POINT('',(26.,0.,12.5));
#5305 = VECTOR('',#5306,1.);
#5306 = DIRECTION('',(-1.,0.,0.));
#5307 = PLANE('',#5308);
#5308 = AXIS2_PLACEMENT_3D('',#5309,#5310,#5311);
#5309 = CARTESIAN_POINT('',(26.,0.,12.5));
#5310 = DIRECTION('',(0.,-0.,1.));
#5311 = DIRECTION('',(-1.,0.,0.));
#5312 = ADVANCED_FACE('',(#5313),#5338,.T.);
#5313 = FACE_BOUND('',#5314,.T.);
#5314 = EDGE_LOOP('',(#5315,#5316,#5324,#5332));
#5315 = ORIENTED_EDGE('',*,*,#5294,.T.);
#5316 = ORIENTED_EDGE('',*,*,#5317,.T.);
#5317 = EDGE_CURVE('',#5287,#5318,#5320,.T.);
#5318 = VERTEX_POINT('',#5319);
#5319 = CARTESIAN_POINT('',(24.8,250.,14.3));
#5320 = LINE('',#5321,#5322);
#5321 = CARTESIAN_POINT('',(24.8,250.,12.5));
#5322 = VECTOR('',#5323,1.);
#5323 = DIRECTION('',(0.,0.,1.));
#5324 = ORIENTED_EDGE('',*,*,#5325,.F.);
#5325 = EDGE_CURVE('',#5326,#5318,#5328,.T.);
#5326 = VERTEX_POINT('',#5327);
#5327 = CARTESIAN_POINT('',(24.8,0.,14.3));
#5328 = LINE('',#5329,#5330);
#5329 = CARTESIAN_POINT('',(24.8,0.,14.3));
#5330 = VECTOR('',#5331,1.);
#5331 = DIRECTION('',(0.,1.,0.));
#5332 = ORIENTED_EDGE('',*,*,#5333,.F.);
#5333 = EDGE_CURVE('',#5295,#5326,#5334,.T.);
#5334 = LINE('',#5335,#5336);
#5335 = CARTESIAN_POINT('',(24.8,0.,12.5));
#5336 = VECTOR('',#5337,1.);
#5337 = DIRECTION('',(0.,0.,1.));
#5338 = PLANE('',#5339);
#5339 = AXIS2_PLACEMENT_3D('',#5340,#5341,#5342);
#5340 = CARTESIAN_POINT('',(24.8,0.,12.5));
#5341 = DIRECTION('',(1.,0.,0.));
#5342 = DIRECTION('',(0.,0.,1.));
#5343 = ADVANCED_FACE('',(#5344),#5369,.T.);
#5344 = FACE_BOUND('',#5345,.T.);
#5345 = EDGE_LOOP('',(#5346,#5347,#5355,#5363));
#5346 = ORIENTED_EDGE('',*,*,#5325,.T.);
#5347 = ORIENTED_EDGE('',*,*,#5348,.T.);
#5348 = EDGE_CURVE('',#5318,#5349,#5351,.T.);
#5349 = VERTEX_POINT('',#5350);
#5350 = CARTESIAN_POINT('',(26.,250.,14.3));
#5351 = LINE('',#5352,#5353);
#5352 = CARTESIAN_POINT('',(24.8,250.,14.3));
#5353 = VECTOR('',#5354,1.);
#5354 = DIRECTION('',(1.,0.,0.));
#5355 = ORIENTED_EDGE('',*,*,#5356,.F.);
#5356 = EDGE_CURVE('',#5357,#5349,#5359,.T.);
#5357 = VERTEX_POINT('',#5358);
#5358 = CARTESIAN_POINT('',(26.,0.,14.3));
#5359 = LINE('',#5360,#5361);
#5360 = CARTESIAN_POINT('',(26.,0.,14.3));
#5361 = VECTOR('',#5362,1.);
#5362 = DIRECTION('',(0.,1.,0.));
#5363 = ORIENTED_EDGE('',*,*,#5364,.F.);
#5364 = EDGE_CURVE('',#5326,#5357,#5365,.T.);
#5365 = LINE('',#5366,#5367);
#5366 = CARTESIAN_POINT('',(24.8,0.,14.3));
#5367 = VECTOR('',#5368,1.);
#5368 = DIRECTION('',(1.,0.,0.));
#5369 = PLANE('',#5370);
#5370 = AXIS2_PLACEMENT_3D('',#5371,#5372,#5373);
#5371 = CARTESIAN_POINT('',(24.8,0.,14.3));
#5372 = DIRECTION('',(0.,0.,-1.));
#5373 = DIRECTION('',(1.,0.,0.));
#5374 = ADVANCED_FACE('',(#5375),#5400,.T.);
#5375 = FACE_BOUND('',#5376,.T.);
#5376 = EDGE_LOOP('',(#5377,#5378,#5386,#5394));
#5377 = ORIENTED_EDGE('',*,*,#5356,.T.);
#5378 = ORIENTED_EDGE('',*,*,#5379,.T.);
#5379 = EDGE_CURVE('',#5349,#5380,#5382,.T.);
#5380 = VERTEX_POINT('',#5381);
#5381 = CARTESIAN_POINT('',(26.3,250.,14.6));
#5382 = LINE('',#5383,#5384);
#5383 = CARTESIAN_POINT('',(26.,250.,14.3));
#5384 = VECTOR('',#5385,1.);
#5385 = DIRECTION('',(0.707106781187,0.,0.707106781187));
#5386 = ORIENTED_EDGE('',*,*,#5387,.F.);
#5387 = EDGE_CURVE('',#5388,#5380,#5390,.T.);
#5388 = VERTEX_POINT('',#5389);
#5389 = CARTESIAN_POINT('',(26.3,0.,14.6));
#5390 = LINE('',#5391,#5392);
#5391 = CARTESIAN_POINT('',(26.3,0.,14.6));
#5392 = VECTOR('',#5393,1.);
#5393 = DIRECTION('',(0.,1.,0.));
#5394 = ORIENTED_EDGE('',*,*,#5395,.F.);
#5395 = EDGE_CURVE('',#5357,#5388,#5396,.T.);
#5396 = LINE('',#5397,#5398);
#5397 = CARTESIAN_POINT('',(26.,0.,14.3));
#5398 = VECTOR('',#5399,1.);
#5399 = DIRECTION('',(0.707106781187,0.,0.707106781187));
#5400 = PLANE('',#5401);
#5401 = AXIS2_PLACEMENT_3D('',#5402,#5403,#5404);
#5402 = CARTESIAN_POINT('',(26.,0.,14.3));
#5403 = DIRECTION('',(0.707106781187,0.,-0.707106781187));
#5404 = DIRECTION('',(0.707106781187,0.,0.707106781187));
#5405 = ADVANCED_FACE('',(#5406),#5431,.T.);
#5406 = FACE_BOUND('',#5407,.T.);
#5407 = EDGE_LOOP('',(#5408,#5409,#5417,#5425));
#5408 = ORIENTED_EDGE('',*,*,#5387,.T.);
#5409 = ORIENTED_EDGE('',*,*,#5410,.T.);
#5410 = EDGE_CURVE('',#5380,#5411,#5413,.T.);
#5411 = VERTEX_POINT('',#5412);
#5412 = CARTESIAN_POINT('',(26.3,250.,15.1));
#5413 = LINE('',#5414,#5415);
#5414 = CARTESIAN_POINT('',(26.3,250.,14.6));
#5415 = VECTOR('',#5416,1.);
#5416 = DIRECTION('',(0.,0.,1.));
#5417 = ORIENTED_EDGE('',*,*,#5418,.F.);
#5418 = EDGE_CURVE('',#5419,#5411,#5421,.T.);
#5419 = VERTEX_POINT('',#5420);
#5420 = CARTESIAN_POINT('',(26.3,0.,15.1));
#5421 = LINE('',#5422,#5423);
#5422 = CARTESIAN_POINT('',(26.3,0.,15.1));
#5423 = VECTOR('',#5424,1.);
#5424 = DIRECTION('',(0.,1.,0.));
#5425 = ORIENTED_EDGE('',*,*,#5426,.F.);
#5426 = EDGE_CURVE('',#5388,#5419,#5427,.T.);
#5427 = LINE('',#5428,#5429);
#5428 = CARTESIAN_POINT('',(26.3,0.,14.6));
#5429 = VECTOR('',#5430,1.);
#5430 = DIRECTION('',(0.,0.,1.));
#5431 = PLANE('',#5432);
#5432 = AXIS2_PLACEMENT_3D('',#5433,#5434,#5435);
#5433 = CARTESIAN_POINT('',(26.3,0.,14.6));
#5434 = DIRECTION('',(1.,0.,0.));
#5435 = DIRECTION('',(0.,0.,1.));
#5436 = ADVANCED_FACE('',(#5437),#5462,.T.);
#5437 = FACE_BOUND('',#5438,.T.);
#5438 = EDGE_LOOP('',(#5439,#5440,#5448,#5456));
#5439 = ORIENTED_EDGE('',*,*,#5418,.T.);
#5440 = ORIENTED_EDGE('',*,*,#5441,.T.);
#5441 = EDGE_CURVE('',#5411,#5442,#5444,.T.);
#5442 = VERTEX_POINT('',#5443);
#5443 = CARTESIAN_POINT('',(26.,250.,15.4));
#5444 = LINE('',#5445,#5446);
#5445 = CARTESIAN_POINT('',(26.3,250.,15.1));
#5446 = VECTOR('',#5447,1.);
#5447 = DIRECTION('',(-0.707106781187,0.,0.707106781187));
#5448 = ORIENTED_EDGE('',*,*,#5449,.F.);
#5449 = EDGE_CURVE('',#5450,#5442,#5452,.T.);
#5450 = VERTEX_POINT('',#5451);
#5451 = CARTESIAN_POINT('',(26.,0.,15.4));
#5452 = LINE('',#5453,#5454);
#5453 = CARTESIAN_POINT('',(26.,0.,15.4));
#5454 = VECTOR('',#5455,1.);
#5455 = DIRECTION('',(0.,1.,0.));
#5456 = ORIENTED_EDGE('',*,*,#5457,.F.);
#5457 = EDGE_CURVE('',#5419,#5450,#5458,.T.);
#5458 = LINE('',#5459,#5460);
#5459 = CARTESIAN_POINT('',(26.3,0.,15.1));
#5460 = VECTOR('',#5461,1.);
#5461 = DIRECTION('',(-0.707106781187,0.,0.707106781187));
#5462 = PLANE('',#5463);
#5463 = AXIS2_PLACEMENT_3D('',#5464,#5465,#5466);
#5464 = CARTESIAN_POINT('',(26.3,0.,15.1));
#5465 = DIRECTION('',(0.707106781187,-0.,0.707106781187));
#5466 = DIRECTION('',(-0.707106781187,0.,0.707106781187));
#5467 = ADVANCED_FACE('',(#5468),#5493,.T.);
#5468 = FACE_BOUND('',#5469,.T.);
#5469 = EDGE_LOOP('',(#5470,#5471,#5479,#5487));
#5470 = ORIENTED_EDGE('',*,*,#5449,.T.);
#5471 = ORIENTED_EDGE('',*,*,#5472,.T.);
#5472 = EDGE_CURVE('',#5442,#5473,#5475,.T.);
#5473 = VERTEX_POINT('',#5474);
#5474 = CARTESIAN_POINT('',(24.8,250.,15.4));
#5475 = LINE('',#5476,#5477);
#5476 = CARTESIAN_POINT('',(26.,250.,15.4));
#5477 = VECTOR('',#5478,1.);
#5478 = DIRECTION('',(-1.,0.,0.));
#5479 = ORIENTED_EDGE('',*,*,#5480,.F.);
#5480 = EDGE_CURVE('',#5481,#5473,#5483,.T.);
#5481 = VERTEX_POINT('',#5482);
#5482 = CARTESIAN_POINT('',(24.8,0.,15.4));
#5483 = LINE('',#5484,#5485);
#5484 = CARTESIAN_POINT('',(24.8,0.,15.4));
#5485 = VECTOR('',#5486,1.);
#5486 = DIRECTION('',(0.,1.,0.));
#5487 = ORIENTED_EDGE('',*,*,#5488,.F.);
#5488 = EDGE_CURVE('',#5450,#5481,#5489,.T.);
#5489 = LINE('',#5490,#5491);
#5490 = CARTESIAN_POINT('',(26.,0.,15.4));
#5491 = VECTOR('',#5492,1.);
#5492 = DIRECTION('',(-1.,0.,0.));
#5493 = PLANE('',#5494);
#5494 = AXIS2_PLACEMENT_3D('',#5495,#5496,#5497);
#5495 = CARTESIAN_POINT('',(26.,0.,15.4));
#5496 = DIRECTION('',(0.,-0.,1.));
#5497 = DIRECTION('',(-1.,0.,0.));
#5498 = ADVANCED_FACE('',(#5499),#5524,.T.);
#5499 = FACE_BOUND('',#5500,.T.);
#5500 = EDGE_LOOP('',(#5501,#5502,#5510,#5518));
#5501 = ORIENTED_EDGE('',*,*,#5480,.T.);
#5502 = ORIENTED_EDGE('',*,*,#5503,.T.);
#5503 = EDGE_CURVE('',#5473,#5504,#5506,.T.);
#5504 = VERTEX_POINT('',#5505);
#5505 = CARTESIAN_POINT('',(24.8,250.,17.2));
#5506 = LINE('',#5507,#5508);
#5507 = CARTESIAN_POINT('',(24.8,250.,15.4));
#5508 = VECTOR('',#5509,1.);
#5509 = DIRECTION('',(0.,0.,1.));
#5510 = ORIENTED_EDGE('',*,*,#5511,.F.);
#5511 = EDGE_CURVE('',#5512,#5504,#5514,.T.);
#5512 = VERTEX_POINT('',#5513);
#5513 = CARTESIAN_POINT('',(24.8,0.,17.2));
#5514 = LINE('',#5515,#5516);
#5515 = CARTESIAN_POINT('',(24.8,0.,17.2));
#5516 = VECTOR('',#5517,1.);
#5517 = DIRECTION('',(0.,1.,0.));
#5518 = ORIENTED_EDGE('',*,*,#5519,.F.);
#5519 = EDGE_CURVE('',#5481,#5512,#5520,.T.);
#5520 = LINE('',#5521,#5522);
#5521 = CARTESIAN_POINT('',(24.8,0.,15.4));
#5522 = VECTOR('',#5523,1.);
#5523 = DIRECTION('',(0.,0.,1.));
#5524 = PLANE('',#5525);
#5525 = AXIS2_PLACEMENT_3D('',#5526,#5527,#5528);
#5526 = CARTESIAN_POINT('',(24.8,0.,15.4));
#5527 = DIRECTION('',(1.,0.,0.));
#5528 = DIRECTION('',(0.,0.,1.));
#5529 = ADVANCED_FACE('',(#5530),#5555,.T.);
#5530 = FACE_BOUND('',#5531,.T.);
#5531 = EDGE_LOOP('',(#5532,#5533,#5541,#5549));
#5532 = ORIENTED_EDGE('',*,*,#5511,.T.);
#5533 = ORIENTED_EDGE('',*,*,#5534,.T.);
#5534 = EDGE_CURVE('',#5504,#5535,#5537,.T.);
#5535 = VERTEX_POINT('',#5536);
#5536 = CARTESIAN_POINT('',(26.,250.,17.2));
#5537 = LINE('',#5538,#5539);
#5538 = CARTESIAN_POINT('',(24.8,250.,17.2));
#5539 = VECTOR('',#5540,1.);
#5540 = DIRECTION('',(1.,0.,0.));
#5541 = ORIENTED_EDGE('',*,*,#5542,.F.);
#5542 = EDGE_CURVE('',#5543,#5535,#5545,.T.);
#5543 = VERTEX_POINT('',#5544);
#5544 = CARTESIAN_POINT('',(26.,0.,17.2));
#5545 = LINE('',#5546,#5547);
#5546 = CARTESIAN_POINT('',(26.,0.,17.2));
#5547 = VECTOR('',#5548,1.);
#5548 = DIRECTION('',(0.,1.,0.));
#5549 = ORIENTED_EDGE('',*,*,#5550,.F.);
#5550 = EDGE_CURVE('',#5512,#5543,#5551,.T.);
#5551 = LINE('',#5552,#5553);
#5552 = CARTESIAN_POINT('',(24.8,0.,17.2));
#5553 = VECTOR('',#5554,1.);
#5554 = DIRECTION('',(1.,0.,0.));
#5555 = PLANE('',#5556);
#5556 = AXIS2_PLACEMENT_3D('',#5557,#5558,#5559);
#5557 = CARTESIAN_POINT('',(24.8,0.,17.2));
#5558 = DIRECTION('',(0.,0.,-1.));
#5559 = DIRECTION('',(1.,0.,0.));
#5560 = ADVANCED_FACE('',(#5561),#5586,.T.);
#5561 = FACE_BOUND('',#5562,.T.);
#5562 = EDGE_LOOP('',(#5563,#5564,#5572,#5580));
#5563 = ORIENTED_EDGE('',*,*,#5542,.T.);
#5564 = ORIENTED_EDGE('',*,*,#5565,.T.);
#5565 = EDGE_CURVE('',#5535,#5566,#5568,.T.);
#5566 = VERTEX_POINT('',#5567);
#5567 = CARTESIAN_POINT('',(26.3,250.,17.5));
#5568 = LINE('',#5569,#5570);
#5569 = CARTESIAN_POINT('',(26.,250.,17.2));
#5570 = VECTOR('',#5571,1.);
#5571 = DIRECTION('',(0.707106781187,0.,0.707106781187));
#5572 = ORIENTED_EDGE('',*,*,#5573,.F.);
#5573 = EDGE_CURVE('',#5574,#5566,#5576,.T.);
#5574 = VERTEX_POINT('',#5575);
#5575 = CARTESIAN_POINT('',(26.3,0.,17.5));
#5576 = LINE('',#5577,#5578);
#5577 = CARTESIAN_POINT('',(26.3,0.,17.5));
#5578 = VECTOR('',#5579,1.);
#5579 = DIRECTION('',(0.,1.,0.));
#5580 = ORIENTED_EDGE('',*,*,#5581,.F.);
#5581 = EDGE_CURVE('',#5543,#5574,#5582,.T.);
#5582 = LINE('',#5583,#5584);
#5583 = CARTESIAN_POINT('',(26.,0.,17.2));
#5584 = VECTOR('',#5585,1.);
#5585 = DIRECTION('',(0.707106781187,0.,0.707106781187));
#5586 = PLANE('',#5587);
#5587 = AXIS2_PLACEMENT_3D('',#5588,#5589,#5590);
#5588 = CARTESIAN_POINT('',(26.,0.,17.2));
#5589 = DIRECTION('',(0.707106781187,0.,-0.707106781187));
#5590 = DIRECTION('',(0.707106781187,0.,0.707106781187));
#5591 = ADVANCED_FACE('',(#5592),#5617,.T.);
#5592 = FACE_BOUND('',#5593,.T.);
#5593 = EDGE_LOOP('',(#5594,#5595,#5603,#5611));
#5594 = ORIENTED_EDGE('',*,*,#5573,.T.);
#5595 = ORIENTED_EDGE('',*,*,#5596,.T.);
#5596 = EDGE_CURVE('',#5566,#5597,#5599,.T.);
#5597 = VERTEX_POINT('',#5598);
#5598 = CARTESIAN_POINT('',(26.3,250.,19.379));
#5599 = LINE('',#5600,#5601);
#5600 = CARTESIAN_POINT('',(26.3,250.,17.5));
#5601 = VECTOR('',#5602,1.);
#5602 = DIRECTION('',(0.,0.,1.));
#5603 = ORIENTED_EDGE('',*,*,#5604,.F.);
#5604 = EDGE_CURVE('',#5605,#5597,#5607,.T.);
#5605 = VERTEX_POINT('',#5606);
#5606 = CARTESIAN_POINT('',(26.3,0.,19.379));
#5607 = LINE('',#5608,#5609);
#5608 = CARTESIAN_POINT('',(26.3,0.,19.379));
#5609 = VECTOR('',#5610,1.);
#5610 = DIRECTION('',(0.,1.,0.));
#5611 = ORIENTED_EDGE('',*,*,#5612,.F.);
#5612 = EDGE_CURVE('',#5574,#5605,#5613,.T.);
#5613 = LINE('',#5614,#5615);
#5614 = CARTESIAN_POINT('',(26.3,0.,17.5));
#5615 = VECTOR('',#5616,1.);
#5616 = DIRECTION('',(0.,0.,1.));
#5617 = PLANE('',#5618);
#5618 = AXIS2_PLACEMENT_3D('',#5619,#5620,#5621);
#5619 = CARTESIAN_POINT('',(26.3,0.,17.5));
#5620 = DIRECTION('',(1.,0.,0.));
#5621 = DIRECTION('',(0.,0.,1.));
#5622 = ADVANCED_FACE('',(#5623),#5648,.T.);
#5623 = FACE_BOUND('',#5624,.T.);
#5624 = EDGE_LOOP('',(#5625,#5626,#5634,#5642));
#5625 = ORIENTED_EDGE('',*,*,#5604,.T.);
#5626 = ORIENTED_EDGE('',*,*,#5627,.T.);
#5627 = EDGE_CURVE('',#5597,#5628,#5630,.T.);
#5628 = VERTEX_POINT('',#5629);
#5629 = CARTESIAN_POINT('',(26.6,250.,19.679));
#5630 = LINE('',#5631,#5632);
#5631 = CARTESIAN_POINT('',(26.3,250.,19.379));
#5632 = VECTOR('',#5633,1.);
#5633 = DIRECTION('',(0.707106781187,0.,0.707106781187));
#5634 = ORIENTED_EDGE('',*,*,#5635,.F.);
#5635 = EDGE_CURVE('',#5636,#5628,#5638,.T.);
#5636 = VERTEX_POINT('',#5637);
#5637 = CARTESIAN_POINT('',(26.6,0.,19.679));
#5638 = LINE('',#5639,#5640);
#5639 = CARTESIAN_POINT('',(26.6,0.,19.679));
#5640 = VECTOR('',#5641,1.);
#5641 = DIRECTION('',(0.,1.,0.));
#5642 = ORIENTED_EDGE('',*,*,#5643,.F.);
#5643 = EDGE_CURVE('',#5605,#5636,#5644,.T.);
#5644 = LINE('',#5645,#5646);
#5645 = CARTESIAN_POINT('',(26.3,0.,19.379));
#5646 = VECTOR('',#5647,1.);
#5647 = DIRECTION('',(0.707106781187,0.,0.707106781187));
#5648 = PLANE('',#5649);
#5649 = AXIS2_PLACEMENT_3D('',#5650,#5651,#5652);
#5650 = CARTESIAN_POINT('',(26.3,0.,19.379));
#5651 = DIRECTION('',(0.707106781187,0.,-0.707106781187));
#5652 = DIRECTION('',(0.707106781187,0.,0.707106781187));
#5653 = ADVANCED_FACE('',(#5654),#5679,.T.);
#5654 = FACE_BOUND('',#5655,.T.);
#5655 = EDGE_LOOP('',(#5656,#5657,#5665,#5673));
#5656 = ORIENTED_EDGE('',*,*,#5635,.T.);
#5657 = ORIENTED_EDGE('',*,*,#5658,.T.);
#5658 = EDGE_CURVE('',#5628,#5659,#5661,.T.);
#5659 = VERTEX_POINT('',#5660);
#5660 = CARTESIAN_POINT('',(31.3,250.,19.679));
#5661 = LINE('',#5662,#5663);
#5662 = CARTESIAN_POINT('',(26.6,250.,19.679));
#5663 = VECTOR('',#5664,1.);
#5664 = DIRECTION('',(1.,0.,0.));
#5665 = ORIENTED_EDGE('',*,*,#5666,.F.);
#5666 = EDGE_CURVE('',#5667,#5659,#5669,.T.);
#5667 = VERTEX_POINT('',#5668);
#5668 = CARTESIAN_POINT('',(31.3,0.,19.679));
#5669 = LINE('',#5670,#5671);
#5670 = CARTESIAN_POINT('',(31.3,0.,19.679));
#5671 = VECTOR('',#5672,1.);
#5672 = DIRECTION('',(0.,1.,0.));
#5673 = ORIENTED_EDGE('',*,*,#5674,.F.);
#5674 = EDGE_CURVE('',#5636,#5667,#5675,.T.);
#5675 = LINE('',#5676,#5677);
#5676 = CARTESIAN_POINT('',(26.6,0.,19.679));
#5677 = VECTOR('',#5678,1.);
#5678 = DIRECTION('',(1.,0.,0.));
#5679 = PLANE('',#5680);
#5680 = AXIS2_PLACEMENT_3D('',#5681,#5682,#5683);
#5681 = CARTESIAN_POINT('',(26.6,0.,19.679));
#5682 = DIRECTION('',(0.,0.,-1.));
#5683 = DIRECTION('',(1.,0.,0.));
#5684 = ADVANCED_FACE('',(#5685),#5710,.T.);
#5685 = FACE_BOUND('',#5686,.T.);
#5686 = EDGE_LOOP('',(#5687,#5688,#5696,#5704));
#5687 = ORIENTED_EDGE('',*,*,#5666,.T.);
#5688 = ORIENTED_EDGE('',*,*,#5689,.T.);
#5689 = EDGE_CURVE('',#5659,#5690,#5692,.T.);
#5690 = VERTEX_POINT('',#5691);
#5691 = CARTESIAN_POINT('',(31.8,250.,20.179));
#5692 = LINE('',#5693,#5694);
#5693 = CARTESIAN_POINT('',(31.3,250.,19.679));
#5694 = VECTOR('',#5695,1.);
#5695 = DIRECTION('',(0.707106781187,0.,0.707106781187));
#5696 = ORIENTED_EDGE('',*,*,#5697,.F.);
#5697 = EDGE_CURVE('',#5698,#5690,#5700,.T.);
#5698 = VERTEX_POINT('',#5699);
#5699 = CARTESIAN_POINT('',(31.8,0.,20.179));
#5700 = LINE('',#5701,#5702);
#5701 = CARTESIAN_POINT('',(31.8,0.,20.179));
#5702 = VECTOR('',#5703,1.);
#5703 = DIRECTION('',(0.,1.,0.));
#5704 = ORIENTED_EDGE('',*,*,#5705,.F.);
#5705 = EDGE_CURVE('',#5667,#5698,#5706,.T.);
#5706 = LINE('',#5707,#5708);
#5707 = CARTESIAN_POINT('',(31.3,0.,19.679));
#5708 = VECTOR('',#5709,1.);
#5709 = DIRECTION('',(0.707106781187,0.,0.707106781187));
#5710 = PLANE('',#5711);
#5711 = AXIS2_PLACEMENT_3D('',#5712,#5713,#5714);
#5712 = CARTESIAN_POINT('',(31.3,0.,19.679));
#5713 = DIRECTION('',(0.707106781187,0.,-0.707106781187));
#5714 = DIRECTION('',(0.707106781187,0.,0.707106781187));
#5715 = ADVANCED_FACE('',(#5716),#5741,.T.);
#5716 = FACE_BOUND('',#5717,.T.);
#5717 = EDGE_LOOP('',(#5718,#5719,#5727,#5735));
#5718 = ORIENTED_EDGE('',*,*,#5697,.T.);
#5719 = ORIENTED_EDGE('',*,*,#5720,.T.);
#5720 = EDGE_CURVE('',#5690,#5721,#5723,.T.);
#5721 = VERTEX_POINT('',#5722);
#5722 = CARTESIAN_POINT('',(31.8,250.,23.9));
#5723 = LINE('',#5724,#5725);
#5724 = CARTESIAN_POINT('',(31.8,250.,20.179));
#5725 = VECTOR('',#5726,1.);
#5726 = DIRECTION('',(0.,0.,1.));
#5727 = ORIENTED_EDGE('',*,*,#5728,.F.);
#5728 = EDGE_CURVE('',#5729,#5721,#5731,.T.);
#5729 = VERTEX_POINT('',#5730);
#5730 = CARTESIAN_POINT('',(31.8,0.,23.9));
#5731 = LINE('',#5732,#5733);
#5732 = CARTESIAN_POINT('',(31.8,0.,23.9));
#5733 = VECTOR('',#5734,1.);
#5734 = DIRECTION('',(0.,1.,0.));
#5735 = ORIENTED_EDGE('',*,*,#5736,.F.);
#5736 = EDGE_CURVE('',#5698,#5729,#5737,.T.);
#5737 = LINE('',#5738,#5739);
#5738 = CARTESIAN_POINT('',(31.8,0.,20.179));
#5739 = VECTOR('',#5740,1.);
#5740 = DIRECTION('',(0.,0.,1.));
#5741 = PLANE('',#5742);
#5742 = AXIS2_PLACEMENT_3D('',#5743,#5744,#5745);
#5743 = CARTESIAN_POINT('',(31.8,0.,20.179));
#5744 = DIRECTION('',(1.,0.,0.));
#5745 = DIRECTION('',(0.,0.,1.));
#5746 = ADVANCED_FACE('',(#5747),#5772,.T.);
#5747 = FACE_BOUND('',#5748,.T.);
#5748 = EDGE_LOOP('',(#5749,#5750,#5758,#5766));
#5749 = ORIENTED_EDGE('',*,*,#5728,.T.);
#5750 = ORIENTED_EDGE('',*,*,#5751,.T.);
#5751 = EDGE_CURVE('',#5721,#5752,#5754,.T.);
#5752 = VERTEX_POINT('',#5753);
#5753 = CARTESIAN_POINT('',(26.8,250.,23.9));
#5754 = LINE('',#5755,#5756);
#5755 = CARTESIAN_POINT('',(31.8,250.,23.9));
#5756 = VECTOR('',#5757,1.);
#5757 = DIRECTION('',(-1.,0.,0.));
#5758 = ORIENTED_EDGE('',*,*,#5759,.F.);
#5759 = EDGE_CURVE('',#5760,#5752,#5762,.T.);
#5760 = VERTEX_POINT('',#5761);
#5761 = CARTESIAN_POINT('',(26.8,0.,23.9));
#5762 = LINE('',#5763,#5764);
#5763 = CARTESIAN_POINT('',(26.8,0.,23.9));
#5764 = VECTOR('',#5765,1.);
#5765 = DIRECTION('',(0.,1.,0.));
#5766 = ORIENTED_EDGE('',*,*,#5767,.F.);
#5767 = EDGE_CURVE('',#5729,#5760,#5768,.T.);
#5768 = LINE('',#5769,#5770);
#5769 = CARTESIAN_POINT('',(31.8,0.,23.9));
#5770 = VECTOR('',#5771,1.);
#5771 = DIRECTION('',(-1.,0.,0.));
#5772 = PLANE('',#5773);
#5773 = AXIS2_PLACEMENT_3D('',#5774,#5775,#5776);
#5774 = CARTESIAN_POINT('',(31.8,0.,23.9));
#5775 = DIRECTION('',(0.,-0.,1.));
#5776 = DIRECTION('',(-1.,0.,0.));
#5777 = ADVANCED_FACE('',(#5778),#5803,.T.);
#5778 = FACE_BOUND('',#5779,.T.);
#5779 = EDGE_LOOP('',(#5780,#5781,#5789,#5797));
#5780 = ORIENTED_EDGE('',*,*,#5759,.T.);
#5781 = ORIENTED_EDGE('',*,*,#5782,.T.);
#5782 = EDGE_CURVE('',#5752,#5783,#5785,.T.);
#5783 = VERTEX_POINT('',#5784);
#5784 = CARTESIAN_POINT('',(26.8,250.,26.7));
#5785 = LINE('',#5786,#5787);
#5786 = CARTESIAN_POINT('',(26.8,250.,23.9));
#5787 = VECTOR('',#5788,1.);
#5788 = DIRECTION('',(0.,0.,1.));
#5789 = ORIENTED_EDGE('',*,*,#5790,.F.);
#5790 = EDGE_CURVE('',#5791,#5783,#5793,.T.);
#5791 = VERTEX_POINT('',#5792);
#5792 = CARTESIAN_POINT('',(26.8,0.,26.7));
#5793 = LINE('',#5794,#5795);
#5794 = CARTESIAN_POINT('',(26.8,0.,26.7));
#5795 = VECTOR('',#5796,1.);
#5796 = DIRECTION('',(0.,1.,0.));
#5797 = ORIENTED_EDGE('',*,*,#5798,.F.);
#5798 = EDGE_CURVE('',#5760,#5791,#5799,.T.);
#5799 = LINE('',#5800,#5801);
#5800 = CARTESIAN_POINT('',(26.8,0.,23.9));
#5801 = VECTOR('',#5802,1.);
#5802 = DIRECTION('',(0.,0.,1.));
#5803 = PLANE('',#5804);
#5804 = AXIS2_PLACEMENT_3D('',#5805,#5806,#5807);
#5805 = CARTESIAN_POINT('',(26.8,0.,23.9));
#5806 = DIRECTION('',(1.,0.,0.));
#5807 = DIRECTION('',(0.,0.,1.));
#5808 = ADVANCED_FACE('',(#5809),#5834,.T.);
#5809 = FACE_BOUND('',#5810,.T.);
#5810 = EDGE_LOOP('',(#5811,#5812,#5820,#5828));
#5811 = ORIENTED_EDGE('',*,*,#5790,.T.);
#5812 = ORIENTED_EDGE('',*,*,#5813,.T.);
#5813 = EDGE_CURVE('',#5783,#5814,#5816,.T.);
#5814 = VERTEX_POINT('',#5815);
#5815 = CARTESIAN_POINT('',(31.8,250.,26.7));
#5816 = LINE('',#5817,#5818);
#5817 = CARTESIAN_POINT('',(26.8,250.,26.7));
#5818 = VECTOR('',#5819,1.);
#5819 = DIRECTION('',(1.,0.,0.));
#5820 = ORIENTED_EDGE('',*,*,#5821,.F.);
#5821 = EDGE_CURVE('',#5822,#5814,#5824,.T.);
#5822 = VERTEX_POINT('',#5823);
#5823 = CARTESIAN_POINT('',(31.8,0.,26.7));
#5824 = LINE('',#5825,#5826);
#5825 = CARTESIAN_POINT('',(31.8,0.,26.7));
#5826 = VECTOR('',#5827,1.);
#5827 = DIRECTION('',(0.,1.,0.));
#5828 = ORIENTED_EDGE('',*,*,#5829,.F.);
#5829 = EDGE_CURVE('',#5791,#5822,#5830,.T.);
#5830 = LINE('',#5831,#5832);
#5831 = CARTESIAN_POINT('',(26.8,0.,26.7));
#5832 = VECTOR('',#5833,1.);
#5833 = DIRECTION('',(1.,0.,0.));
#5834 = PLANE('',#5835);
#5835 = AXIS2_PLACEMENT_3D('',#5836,#5837,#5838);
#5836 = CARTESIAN_POINT('',(26.8,0.,26.7));
#5837 = DIRECTION('',(0.,0.,-1.));
#5838 = DIRECTION('',(1.,0.,0.));
#5839 = ADVANCED_FACE('',(#5840),#5865,.T.);
#5840 = FACE_BOUND('',#5841,.T.);
#5841 = EDGE_LOOP('',(#5842,#5843,#5851,#5859));
#5842 = ORIENTED_EDGE('',*,*,#5821,.T.);
#5843 = ORIENTED_EDGE('',*,*,#5844,.T.);
#5844 = EDGE_CURVE('',#5814,#5845,#5847,.T.);
#5845 = VERTEX_POINT('',#5846);
#5846 = CARTESIAN_POINT('',(31.8,250.,31.9));
#5847 = LINE('',#5848,#5849);
#5848 = CARTESIAN_POINT('',(31.8,250.,26.7));
#5849 = VECTOR('',#5850,1.);
#5850 = DIRECTION('',(0.,0.,1.));
#5851 = ORIENTED_EDGE('',*,*,#5852,.F.);
#5852 = EDGE_CURVE('',#5853,#5845,#5855,.T.);
#5853 = VERTEX_POINT('',#5854);
#5854 = CARTESIAN_POINT('',(31.8,0.,31.9));
#5855 = LINE('',#5856,#5857);
#5856 = CARTESIAN_POINT('',(31.8,0.,31.9));
#5857 = VECTOR('',#5858,1.);
#5858 = DIRECTION('',(0.,1.,0.));
#5859 = ORIENTED_EDGE('',*,*,#5860,.F.);
#5860 = EDGE_CURVE('',#5822,#5853,#5861,.T.);
#5861 = LINE('',#5862,#5863);
#5862 = CARTESIAN_POINT('',(31.8,0.,26.7));
#5863 = VECTOR('',#5864,1.);
#5864 = DIRECTION('',(0.,0.,1.));
#5865 = PLANE('',#5866);
#5866 = AXIS2_PLACEMENT_3D('',#5867,#5868,#5869);
#5867 = CARTESIAN_POINT('',(31.8,0.,26.7));
#5868 = DIRECTION('',(1.,0.,0.));
#5869 = DIRECTION('',(0.,0.,1.));
#5870 = ADVANCED_FACE('',(#5871),#5896,.T.);
#5871 = FACE_BOUND('',#5872,.T.);
#5872 = EDGE_LOOP('',(#5873,#5874,#5882,#5890));
#5873 = ORIENTED_EDGE('',*,*,#5852,.T.);
#5874 = ORIENTED_EDGE('',*,*,#5875,.T.);
#5875 = EDGE_CURVE('',#5845,#5876,#5878,.T.);
#5876 = VERTEX_POINT('',#5877);
#5877 = CARTESIAN_POINT('',(26.8,250.,31.9));
#5878 = LINE('',#5879,#5880);
#5879 = CARTESIAN_POINT('',(31.8,250.,31.9));
#5880 = VECTOR('',#5881,1.);
#5881 = DIRECTION('',(-1.,0.,0.));
#5882 = ORIENTED_EDGE('',*,*,#5883,.F.);
#5883 = EDGE_CURVE('',#5884,#5876,#5886,.T.);
#5884 = VERTEX_POINT('',#5885);
#5885 = CARTESIAN_POINT('',(26.8,0.,31.9));
#5886 = LINE('',#5887,#5888);
#5887 = CARTESIAN_POINT('',(26.8,0.,31.9));
#5888 = VECTOR('',#5889,1.);
#5889 = DIRECTION('',(0.,1.,0.));
#5890 = ORIENTED_EDGE('',*,*,#5891,.F.);
#5891 = EDGE_CURVE('',#5853,#5884,#5892,.T.);
#5892 = LINE('',#5893,#5894);
#5893 = CARTESIAN_POINT('',(31.8,0.,31.9));
#5894 = VECTOR('',#5895,1.);
#5895 = DIRECTION('',(-1.,0.,0.));
#5896 = PLANE('',#5897);
#5897 = AXIS2_PLACEMENT_3D('',#5898,#5899,#5900);
#5898 = CARTESIAN_POINT('',(31.8,0.,31.9));
#5899 = DIRECTION('',(0.,-0.,1.));
#5900 = DIRECTION('',(-1.,0.,0.));
#5901 = ADVANCED_FACE('',(#5902),#5927,.T.);
#5902 = FACE_BOUND('',#5903,.T.);
#5903 = EDGE_LOOP('',(#5904,#5905,#5913,#5921));
#5904 = ORIENTED_EDGE('',*,*,#5883,.T.);
#5905 = ORIENTED_EDGE('',*,*,#5906,.T.);
#5906 = EDGE_CURVE('',#5876,#5907,#5909,.T.);
#5907 = VERTEX_POINT('',#5908);
#5908 = CARTESIAN_POINT('',(26.8,250.,34.7));
#5909 = LINE('',#5910,#5911);
#5910 = CARTESIAN_POINT('',(26.8,250.,31.9));
#5911 = VECTOR('',#5912,1.);
#5912 = DIRECTION('',(0.,0.,1.));
#5913 = ORIENTED_EDGE('',*,*,#5914,.F.);
#5914 = EDGE_CURVE('',#5915,#5907,#5917,.T.);
#5915 = VERTEX_POINT('',#5916);
#5916 = CARTESIAN_POINT('',(26.8,0.,34.7));
#5917 = LINE('',#5918,#5919);
#5918 = CARTESIAN_POINT('',(26.8,0.,34.7));
#5919 = VECTOR('',#5920,1.);
#5920 = DIRECTION('',(0.,1.,0.));
#5921 = ORIENTED_EDGE('',*,*,#5922,.F.);
#5922 = EDGE_CURVE('',#5884,#5915,#5923,.T.);
#5923 = LINE('',#5924,#5925);
#5924 = CARTESIAN_POINT('',(26.8,0.,31.9));
#5925 = VECTOR('',#5926,1.);
#5926 = DIRECTION('',(0.,0.,1.));
#5927 = PLANE('',#5928);
#5928 = AXIS2_PLACEMENT_3D('',#5929,#5930,#5931);
#5929 = CARTESIAN_POINT('',(26.8,0.,31.9));
#5930 = DIRECTION('',(1.,0.,0.));
#5931 = DIRECTION('',(0.,0.,1.));
#5932 = ADVANCED_FACE('',(#5933),#5958,.T.);
#5933 = FACE_BOUND('',#5934,.T.);
#5934 = EDGE_LOOP('',(#5935,#5936,#5944,#5952));
#5935 = ORIENTED_EDGE('',*,*,#5914,.T.);
#5936 = ORIENTED_EDGE('',*,*,#5937,.T.);
#5937 = EDGE_CURVE('',#5907,#5938,#5940,.T.);
#5938 = VERTEX_POINT('',#5939);
#5939 = CARTESIAN_POINT('',(31.8,250.,34.7));
#5940 = LINE('',#5941,#5942);
#5941 = CARTESIAN_POINT('',(26.8,250.,34.7));
#5942 = VECTOR('',#5943,1.);
#5943 = DIRECTION('',(1.,0.,0.));
#5944 = ORIENTED_EDGE('',*,*,#5945,.F.);
#5945 = EDGE_CURVE('',#5946,#5938,#5948,.T.);
#5946 = VERTEX_POINT('',#5947);
#5947 = CARTESIAN_POINT('',(31.8,0.,34.7));
#5948 = LINE('',#5949,#5950);
#5949 = CARTESIAN_POINT('',(31.8,0.,34.7));
#5950 = VECTOR('',#5951,1.);
#5951 = DIRECTION('',(0.,1.,0.));
#5952 = ORIENTED_EDGE('',*,*,#5953,.F.);
#5953 = EDGE_CURVE('',#5915,#5946,#5954,.T.);
#5954 = LINE('',#5955,#5956);
#5955 = CARTESIAN_POINT('',(26.8,0.,34.7));
#5956 = VECTOR('',#5957,1.);
#5957 = DIRECTION('',(1.,0.,0.));
#5958 = PLANE('',#5959);
#5959 = AXIS2_PLACEMENT_3D('',#5960,#5961,#5962);
#5960 = CARTESIAN_POINT('',(26.8,0.,34.7));
#5961 = DIRECTION('',(0.,0.,-1.));
#5962 = DIRECTION('',(1.,0.,0.));
#5963 = ADVANCED_FACE('',(#5964),#5989,.T.);
#5964 = FACE_BOUND('',#5965,.T.);
#5965 = EDGE_LOOP('',(#5966,#5967,#5975,#5983));
#5966 = ORIENTED_EDGE('',*,*,#5945,.T.);
#5967 = ORIENTED_EDGE('',*,*,#5968,.T.);
#5968 = EDGE_CURVE('',#5938,#5969,#5971,.T.);
#5969 = VERTEX_POINT('',#5970);
#5970 = CARTESIAN_POINT('',(31.8,250.,38.9));
#5971 = LINE('',#5972,#5973);
#5972 = CARTESIAN_POINT('',(31.8,250.,34.7));
#5973 = VECTOR('',#5974,1.);
#5974 = DIRECTION('',(0.,0.,1.));
#5975 = ORIENTED_EDGE('',*,*,#5976,.F.);
#5976 = EDGE_CURVE('',#5977,#5969,#5979,.T.);
#5977 = VERTEX_POINT('',#5978);
#5978 = CARTESIAN_POINT('',(31.8,0.,38.9));
#5979 = LINE('',#5980,#5981);
#5980 = CARTESIAN_POINT('',(31.8,0.,38.9));
#5981 = VECTOR('',#5982,1.);
#5982 = DIRECTION('',(0.,1.,0.));
#5983 = ORIENTED_EDGE('',*,*,#5984,.F.);
#5984 = EDGE_CURVE('',#5946,#5977,#5985,.T.);
#5985 = LINE('',#5986,#5987);
#5986 = CARTESIAN_POINT('',(31.8,0.,34.7));
#5987 = VECTOR('',#5988,1.);
#5988 = DIRECTION('',(0.,0.,1.));
#5989 = PLANE('',#5990);
#5990 = AXIS2_PLACEMENT_3D('',#5991,#5992,#5993);
#5991 = CARTESIAN_POINT('',(31.8,0.,34.7));
#5992 = DIRECTION('',(1.,0.,0.));
#5993 = DIRECTION('',(0.,0.,1.));
#5994 = ADVANCED_FACE('',(#5995),#6020,.T.);
#5995 = FACE_BOUND('',#5996,.T.);
#5996 = EDGE_LOOP('',(#5997,#5998,#6006,#6014));
#5997 = ORIENTED_EDGE('',*,*,#5976,.T.);
#5998 = ORIENTED_EDGE('',*,*,#5999,.T.);
#5999 = EDGE_CURVE('',#5969,#6000,#6002,.T.);
#6000 = VERTEX_POINT('',#6001);
#6001 = CARTESIAN_POINT('',(26.8,250.,38.9));
#6002 = LINE('',#6003,#6004);
#6003 = CARTESIAN_POINT('',(31.8,250.,38.9));
#6004 = VECTOR('',#6005,1.);
#6005 = DIRECTION('',(-1.,0.,0.));
#6006 = ORIENTED_EDGE('',*,*,#6007,.F.);
#6007 = EDGE_CURVE('',#6008,#6000,#6010,.T.);
#6008 = VERTEX_POINT('',#6009);
#6009 = CARTESIAN_POINT('',(26.8,0.,38.9));
#6010 = LINE('',#6011,#6012);
#6011 = CARTESIAN_POINT('',(26.8,0.,38.9));
#6012 = VECTOR('',#6013,1.);
#6013 = DIRECTION('',(0.,1.,0.));
#6014 = ORIENTED_EDGE('',*,*,#6015,.F.);
#6015 = EDGE_CURVE('',#5977,#6008,#6016,.T.);
#6016 = LINE('',#6017,#6018);
#6017 = CARTESIAN_POINT('',(31.8,0.,38.9));
#6018 = VECTOR('',#6019,1.);
#6019 = DIRECTION('',(-1.,0.,0.));
#6020 = PLANE('',#6021);
#6021 = AXIS2_PLACEMENT_3D('',#6022,#6023,#6024);
#6022 = CARTESIAN_POINT('',(31.8,0.,38.9));
#6023 = DIRECTION('',(0.,-0.,1.));
#6024 = DIRECTION('',(-1.,0.,0.));
#6025 = ADVANCED_FACE('',(#6026),#6051,.T.);
#6026 = FACE_BOUND('',#6027,.T.);
#6027 = EDGE_LOOP('',(#6028,#6029,#6037,#6045));
#6028 = ORIENTED_EDGE('',*,*,#6007,.T.);
#6029 = ORIENTED_EDGE('',*,*,#6030,.T.);
#6030 = EDGE_CURVE('',#6000,#6031,#6033,.T.);
#6031 = VERTEX_POINT('',#6032);
#6032 = CARTESIAN_POINT('',(26.8,250.,41.7));
#6033 = LINE('',#6034,#6035);
#6034 = CARTESIAN_POINT('',(26.8,250.,38.9));
#6035 = VECTOR('',#6036,1.);
#6036 = DIRECTION('',(0.,0.,1.));
#6037 = ORIENTED_EDGE('',*,*,#6038,.F.);
#6038 = EDGE_CURVE('',#6039,#6031,#6041,.T.);
#6039 = VERTEX_POINT('',#6040);
#6040 = CARTESIAN_POINT('',(26.8,0.,41.7));
#6041 = LINE('',#6042,#6043);
#6042 = CARTESIAN_POINT('',(26.8,0.,41.7));
#6043 = VECTOR('',#6044,1.);
#6044 = DIRECTION('',(0.,1.,0.));
#6045 = ORIENTED_EDGE('',*,*,#6046,.F.);
#6046 = EDGE_CURVE('',#6008,#6039,#6047,.T.);
#6047 = LINE('',#6048,#6049);
#6048 = CARTESIAN_POINT('',(26.8,0.,38.9));
#6049 = VECTOR('',#6050,1.);
#6050 = DIRECTION('',(0.,0.,1.));
#6051 = PLANE('',#6052);
#6052 = AXIS2_PLACEMENT_3D('',#6053,#6054,#6055);
#6053 = CARTESIAN_POINT('',(26.8,0.,38.9));
#6054 = DIRECTION('',(1.,0.,0.));
#6055 = DIRECTION('',(0.,0.,1.));
#6056 = ADVANCED_FACE('',(#6057),#6082,.T.);
#6057 = FACE_BOUND('',#6058,.T.);
#6058 = EDGE_LOOP('',(#6059,#6060,#6068,#6076));
#6059 = ORIENTED_EDGE('',*,*,#6038,.T.);
#6060 = ORIENTED_EDGE('',*,*,#6061,.T.);
#6061 = EDGE_CURVE('',#6031,#6062,#6064,.T.);
#6062 = VERTEX_POINT('',#6063);
#6063 = CARTESIAN_POINT('',(31.8,250.,41.7));
#6064 = LINE('',#6065,#6066);
#6065 = CARTESIAN_POINT('',(26.8,250.,41.7));
#6066 = VECTOR('',#6067,1.);
#6067 = DIRECTION('',(1.,0.,0.));
#6068 = ORIENTED_EDGE('',*,*,#6069,.F.);
#6069 = EDGE_CURVE('',#6070,#6062,#6072,.T.);
#6070 = VERTEX_POINT('',#6071);
#6071 = CARTESIAN_POINT('',(31.8,0.,41.7));
#6072 = LINE('',#6073,#6074);
#6073 = CARTESIAN_POINT('',(31.8,0.,41.7));
#6074 = VECTOR('',#6075,1.);
#6075 = DIRECTION('',(0.,1.,0.));
#6076 = ORIENTED_EDGE('',*,*,#6077,.F.);
#6077 = EDGE_CURVE('',#6039,#6070,#6078,.T.);
#6078 = LINE('',#6079,#6080);
#6079 = CARTESIAN_POINT('',(26.8,0.,41.7));
#6080 = VECTOR('',#6081,1.);
#6081 = DIRECTION('',(1.,0.,0.));
#6082 = PLANE('',#6083);
#6083 = AXIS2_PLACEMENT_3D('',#6084,#6085,#6086);
#6084 = CARTESIAN_POINT('',(26.8,0.,41.7));
#6085 = DIRECTION('',(0.,0.,-1.));
#6086 = DIRECTION('',(1.,0.,0.));
#6087 = ADVANCED_FACE('',(#6088),#6113,.T.);
#6088 = FACE_BOUND('',#6089,.T.);
#6089 = EDGE_LOOP('',(#6090,#6091,#6099,#6107));
#6090 = ORIENTED_EDGE('',*,*,#6069,.T.);
#6091 = ORIENTED_EDGE('',*,*,#6092,.T.);
#6092 = EDGE_CURVE('',#6062,#6093,#6095,.T.);
#6093 = VERTEX_POINT('',#6094);
#6094 = CARTESIAN_POINT('',(31.8,250.,43.25));
#6095 = LINE('',#6096,#6097);
#6096 = CARTESIAN_POINT('',(31.8,250.,41.7));
#6097 = VECTOR('',#6098,1.);
#6098 = DIRECTION('',(0.,0.,1.));
#6099 = ORIENTED_EDGE('',*,*,#6100,.F.);
#6100 = EDGE_CURVE('',#6101,#6093,#6103,.T.);
#6101 = VERTEX_POINT('',#6102);
#6102 = CARTESIAN_POINT('',(31.8,0.,43.25));
#6103 = LINE('',#6104,#6105);
#6104 = CARTESIAN_POINT('',(31.8,0.,43.25));
#6105 = VECTOR('',#6106,1.);
#6106 = DIRECTION('',(0.,1.,0.));
#6107 = ORIENTED_EDGE('',*,*,#6108,.F.);
#6108 = EDGE_CURVE('',#6070,#6101,#6109,.T.);
#6109 = LINE('',#6110,#6111);
#6110 = CARTESIAN_POINT('',(31.8,0.,41.7));
#6111 = VECTOR('',#6112,1.);
#6112 = DIRECTION('',(0.,0.,1.));
#6113 = PLANE('',#6114);
#6114 = AXIS2_PLACEMENT_3D('',#6115,#6116,#6117);
#6115 = CARTESIAN_POINT('',(31.8,0.,41.7));
#6116 = DIRECTION('',(1.,0.,0.));
#6117 = DIRECTION('',(0.,0.,1.));
#6118 = ADVANCED_FACE('',(#6119),#6144,.T.);
#6119 = FACE_BOUND('',#6120,.T.);
#6120 = EDGE_LOOP('',(#6121,#6122,#6130,#6138));
#6121 = ORIENTED_EDGE('',*,*,#6100,.T.);
#6122 = ORIENTED_EDGE('',*,*,#6123,.T.);
#6123 = EDGE_CURVE('',#6093,#6124,#6126,.T.);
#6124 = VERTEX_POINT('',#6125);
#6125 = CARTESIAN_POINT('',(28.8,250.,43.25));
#6126 = LINE('',#6127,#6128);
#6127 = CARTESIAN_POINT('',(31.8,250.,43.25));
#6128 = VECTOR('',#6129,1.);
#6129 = DIRECTION('',(-1.,0.,0.));
#6130 = ORIENTED_EDGE('',*,*,#6131,.F.);
#6131 = EDGE_CURVE('',#6132,#6124,#6134,.T.);
#6132 = VERTEX_POINT('',#6133);
#6133 = CARTESIAN_POINT('',(28.8,0.,43.25));
#6134 = LINE('',#6135,#6136);
#6135 = CARTESIAN_POINT('',(28.8,0.,43.25));
#6136 = VECTOR('',#6137,1.);
#6137 = DIRECTION('',(0.,1.,0.));
#6138 = ORIENTED_EDGE('',*,*,#6139,.F.);
#6139 = EDGE_CURVE('',#6101,#6132,#6140,.T.);
#6140 = LINE('',#6141,#6142);
#6141 = CARTESIAN_POINT('',(31.8,0.,43.25));
#6142 = VECTOR('',#6143,1.);
#6143 = DIRECTION('',(-1.,0.,0.));
#6144 = PLANE('',#6145);
#6145 = AXIS2_PLACEMENT_3D('',#6146,#6147,#6148);
#6146 = CARTESIAN_POINT('',(31.8,0.,43.25));
#6147 = DIRECTION('',(0.,-0.,1.));
#6148 = DIRECTION('',(-1.,0.,0.));
#6149 = ADVANCED_FACE('',(#6150),#6175,.T.);
#6150 = FACE_BOUND('',#6151,.T.);
#6151 = EDGE_LOOP('',(#6152,#6153,#6161,#6169));
#6152 = ORIENTED_EDGE('',*,*,#6131,.T.);
#6153 = ORIENTED_EDGE('',*,*,#6154,.T.);
#6154 = EDGE_CURVE('',#6124,#6155,#6157,.T.);
#6155 = VERTEX_POINT('',#6156);
#6156 = CARTESIAN_POINT('',(28.8,250.,44.85));
#6157 = LINE('',#6158,#6159);
#6158 = CARTESIAN_POINT('',(28.8,250.,43.25));
#6159 = VECTOR('',#6160,1.);
#6160 = DIRECTION('',(0.,0.,1.));
#6161 = ORIENTED_EDGE('',*,*,#6162,.F.);
#6162 = EDGE_CURVE('',#6163,#6155,#6165,.T.);
#6163 = VERTEX_POINT('',#6164);
#6164 = CARTESIAN_POINT('',(28.8,0.,44.85));
#6165 = LINE('',#6166,#6167);
#6166 = CARTESIAN_POINT('',(28.8,0.,44.85));
#6167 = VECTOR('',#6168,1.);
#6168 = DIRECTION('',(0.,1.,0.));
#6169 = ORIENTED_EDGE('',*,*,#6170,.F.);
#6170 = EDGE_CURVE('',#6132,#6163,#6171,.T.);
#6171 = LINE('',#6172,#6173);
#6172 = CARTESIAN_POINT('',(28.8,0.,43.25));
#6173 = VECTOR('',#6174,1.);
#6174 = DIRECTION('',(0.,0.,1.));
#6175 = PLANE('',#6176);
#6176 = AXIS2_PLACEMENT_3D('',#6177,#6178,#6179);
#6177 = CARTESIAN_POINT('',(28.8,0.,43.25));
#6178 = DIRECTION('',(1.,0.,0.));
#6179 = DIRECTION('',(0.,0.,1.));
#6180 = ADVANCED_FACE('',(#6181),#6206,.T.);
#6181 = FACE_BOUND('',#6182,.T.);
#6182 = EDGE_LOOP('',(#6183,#6184,#6192,#6200));
#6183 = ORIENTED_EDGE('',*,*,#6162,.T.);
#6184 = ORIENTED_EDGE('',*,*,#6185,.T.);
#6185 = EDGE_CURVE('',#6155,#6186,#6188,.T.);
#6186 = VERTEX_POINT('',#6187);
#6187 = CARTESIAN_POINT('',(30.5,250.,44.85));
#6188 = LINE('',#6189,#6190);
#6189 = CARTESIAN_POINT('',(28.8,250.,44.85));
#6190 = VECTOR('',#6191,1.);
#6191 = DIRECTION('',(1.,0.,0.));
#6192 = ORIENTED_EDGE('',*,*,#6193,.F.);
#6193 = EDGE_CURVE('',#6194,#6186,#6196,.T.);
#6194 = VERTEX_POINT('',#6195);
#6195 = CARTESIAN_POINT('',(30.5,0.,44.85));
#6196 = LINE('',#6197,#6198);
#6197 = CARTESIAN_POINT('',(30.5,0.,44.85));
#6198 = VECTOR('',#6199,1.);
#6199 = DIRECTION('',(0.,1.,0.));
#6200 = ORIENTED_EDGE('',*,*,#6201,.F.);
#6201 = EDGE_CURVE('',#6163,#6194,#6202,.T.);
#6202 = LINE('',#6203,#6204);
#6203 = CARTESIAN_POINT('',(28.8,0.,44.85));
#6204 = VECTOR('',#6205,1.);
#6205 = DIRECTION('',(1.,0.,0.));
#6206 = PLANE('',#6207);
#6207 = AXIS2_PLACEMENT_3D('',#6208,#6209,#6210);
#6208 = CARTESIAN_POINT('',(28.8,0.,44.85));
#6209 = DIRECTION('',(0.,0.,-1.));
#6210 = DIRECTION('',(1.,0.,0.));
#6211 = ADVANCED_FACE('',(#6212),#6237,.T.);
#6212 = FACE_BOUND('',#6213,.T.);
#6213 = EDGE_LOOP('',(#6214,#6215,#6223,#6231));
#6214 = ORIENTED_EDGE('',*,*,#6193,.T.);
#6215 = ORIENTED_EDGE('',*,*,#6216,.T.);
#6216 = EDGE_CURVE('',#6186,#6217,#6219,.T.);
#6217 = VERTEX_POINT('',#6218);
#6218 = CARTESIAN_POINT('',(30.8,250.,45.15));
#6219 = LINE('',#6220,#6221);
#6220 = CARTESIAN_POINT('',(30.5,250.,44.85));
#6221 = VECTOR('',#6222,1.);
#6222 = DIRECTION('',(0.707106781187,0.,0.707106781187));
#6223 = ORIENTED_EDGE('',*,*,#6224,.F.);
#6224 = EDGE_CURVE('',#6225,#6217,#6227,.T.);
#6225 = VERTEX_POINT('',#6226);
#6226 = CARTESIAN_POINT('',(30.8,0.,45.15));
#6227 = LINE('',#6228,#6229);
#6228 = CARTESIAN_POINT('',(30.8,0.,45.15));
#6229 = VECTOR('',#6230,1.);
#6230 = DIRECTION('',(0.,1.,0.));
#6231 = ORIENTED_EDGE('',*,*,#6232,.F.);
#6232 = EDGE_CURVE('',#6194,#6225,#6233,.T.);
#6233 = LINE('',#6234,#6235);
#6234 = CARTESIAN_POINT('',(30.5,0.,44.85));
#6235 = VECTOR('',#6236,1.);
#6236 = DIRECTION('',(0.707106781187,0.,0.707106781187));
#6237 = PLANE('',#6238);
#6238 = AXIS2_PLACEMENT_3D('',#6239,#6240,#6241);
#6239 = CARTESIAN_POINT('',(30.5,0.,44.85));
#6240 = DIRECTION('',(0.707106781187,0.,-0.707106781187));
#6241 = DIRECTION('',(0.707106781187,0.,0.707106781187));
#6242 = ADVANCED_FACE('',(#6243),#6268,.T.);
#6243 = FACE_BOUND('',#6244,.T.);
#6244 = EDGE_LOOP('',(#6245,#6246,#6254,#6262));
#6245 = ORIENTED_EDGE('',*,*,#6224,.T.);
#6246 = ORIENTED_EDGE('',*,*,#6247,.T.);
#6247 = EDGE_CURVE('',#6217,#6248,#6250,.T.);
#6248 = VERTEX_POINT('',#6249);
#6249 = CARTESIAN_POINT('',(30.8,250.,67.921));
#6250 = LINE('',#6251,#6252);
#6251 = CARTESIAN_POINT('',(30.8,250.,45.15));
#6252 = VECTOR('',#6253,1.);
#6253 = DIRECTION('',(0.,0.,1.));
#6254 = ORIENTED_EDGE('',*,*,#6255,.F.);
#6255 = EDGE_CURVE('',#6256,#6248,#6258,.T.);
#6256 = VERTEX_POINT('',#6257);
#6257 = CARTESIAN_POINT('',(30.8,0.,67.921));
#6258 = LINE('',#6259,#6260);
#6259 = CARTESIAN_POINT('',(30.8,0.,67.921));
#6260 = VECTOR('',#6261,1.);
#6261 = DIRECTION('',(0.,1.,0.));
#6262 = ORIENTED_EDGE('',*,*,#6263,.F.);
#6263 = EDGE_CURVE('',#6225,#6256,#6264,.T.);
#6264 = LINE('',#6265,#6266);
#6265 = CARTESIAN_POINT('',(30.8,0.,45.15));
#6266 = VECTOR('',#6267,1.);
#6267 = DIRECTION('',(0.,0.,1.));
#6268 = PLANE('',#6269);
#6269 = AXIS2_PLACEMENT_3D('',#6270,#6271,#6272);
#6270 = CARTESIAN_POINT('',(30.8,0.,45.15));
#6271 = DIRECTION('',(1.,0.,0.));
#6272 = DIRECTION('',(0.,0.,1.));
#6273 = ADVANCED_FACE('',(#6274),#6299,.T.);
#6274 = FACE_BOUND('',#6275,.T.);
#6275 = EDGE_LOOP('',(#6276,#6277,#6285,#6293));
#6276 = ORIENTED_EDGE('',*,*,#6255,.T.);
#6277 = ORIENTED_EDGE('',*,*,#6278,.T.);
#6278 = EDGE_CURVE('',#6248,#6279,#6281,.T.);
#6279 = VERTEX_POINT('',#6280);
#6280 = CARTESIAN_POINT('',(30.3,250.,68.421));
#6281 = LINE('',#6282,#6283);
#6282 = CARTESIAN_POINT('',(30.8,250.,67.921));
#6283 = VECTOR('',#6284,1.);
#6284 = DIRECTION('',(-0.707106781187,0.,0.707106781187));
#6285 = ORIENTED_EDGE('',*,*,#6286,.F.);
#6286 = EDGE_CURVE('',#6287,#6279,#6289,.T.);
#6287 = VERTEX_POINT('',#6288);
#6288 = CARTESIAN_POINT('',(30.3,0.,68.421));
#6289 = LINE('',#6290,#6291);
#6290 = CARTESIAN_POINT('',(30.3,0.,68.421));
#6291 = VECTOR('',#6292,1.);
#6292 = DIRECTION('',(0.,1.,0.));
#6293 = ORIENTED_EDGE('',*,*,#6294,.F.);
#6294 = EDGE_CURVE('',#6256,#6287,#6295,.T.);
#6295 = LINE('',#6296,#6297);
#6296 = CARTESIAN_POINT('',(30.8,0.,67.921));
#6297 = VECTOR('',#6298,1.);
#6298 = DIRECTION('',(-0.707106781187,0.,0.707106781187));
#6299 = PLANE('',#6300);
#6300 = AXIS2_PLACEMENT_3D('',#6301,#6302,#6303);
#6301 = CARTESIAN_POINT('',(30.8,0.,67.921));
#6302 = DIRECTION('',(0.707106781187,-0.,0.707106781187));
#6303 = DIRECTION('',(-0.707106781187,0.,0.707106781187));
#6304 = ADVANCED_FACE('',(#6305),#6330,.T.);
#6305 = FACE_BOUND('',#6306,.T.);
#6306 = EDGE_LOOP('',(#6307,#6308,#6316,#6324));
#6307 = ORIENTED_EDGE('',*,*,#6286,.T.);
#6308 = ORIENTED_EDGE('',*,*,#6309,.T.);
#6309 = EDGE_CURVE('',#6279,#6310,#6312,.T.);
#6310 = VERTEX_POINT('',#6311);
#6311 = CARTESIAN_POINT('',(26.6,250.,68.421));
#6312 = LINE('',#6313,#6314);
#6313 = CARTESIAN_POINT('',(30.3,250.,68.421));
#6314 = VECTOR('',#6315,1.);
#6315 = DIRECTION('',(-1.,0.,0.));
#6316 = ORIENTED_EDGE('',*,*,#6317,.F.);
#6317 = EDGE_CURVE('',#6318,#6310,#6320,.T.);
#6318 = VERTEX_POINT('',#6319);
#6319 = CARTESIAN_POINT('',(26.6,0.,68.421));
#6320 = LINE('',#6321,#6322);
#6321 = CARTESIAN_POINT('',(26.6,0.,68.421));
#6322 = VECTOR('',#6323,1.);
#6323 = DIRECTION('',(0.,1.,0.));
#6324 = ORIENTED_EDGE('',*,*,#6325,.F.);
#6325 = EDGE_CURVE('',#6287,#6318,#6326,.T.);
#6326 = LINE('',#6327,#6328);
#6327 = CARTESIAN_POINT('',(30.3,0.,68.421));
#6328 = VECTOR('',#6329,1.);
#6329 = DIRECTION('',(-1.,0.,0.));
#6330 = PLANE('',#6331);
#6331 = AXIS2_PLACEMENT_3D('',#6332,#6333,#6334);
#6332 = CARTESIAN_POINT('',(30.3,0.,68.421));
#6333 = DIRECTION('',(0.,-0.,1.));
#6334 = DIRECTION('',(-1.,0.,0.));
#6335 = ADVANCED_FACE('',(#6336),#6361,.T.);
#6336 = FACE_BOUND('',#6337,.T.);
#6337 = EDGE_LOOP('',(#6338,#6339,#6347,#6355));
#6338 = ORIENTED_EDGE('',*,*,#6317,.T.);
#6339 = ORIENTED_EDGE('',*,*,#6340,.T.);
#6340 = EDGE_CURVE('',#6310,#6341,#6343,.T.);
#6341 = VERTEX_POINT('',#6342);
#6342 = CARTESIAN_POINT('',(26.3,250.,68.721));
#6343 = LINE('',#6344,#6345);
#6344 = CARTESIAN_POINT('',(26.6,250.,68.421));
#6345 = VECTOR('',#6346,1.);
#6346 = DIRECTION('',(-0.707106781187,0.,0.707106781187));
#6347 = ORIENTED_EDGE('',*,*,#6348,.F.);
#6348 = EDGE_CURVE('',#6349,#6341,#6351,.T.);
#6349 = VERTEX_POINT('',#6350);
#6350 = CARTESIAN_POINT('',(26.3,0.,68.721));
#6351 = LINE('',#6352,#6353);
#6352 = CARTESIAN_POINT('',(26.3,0.,68.721));
#6353 = VECTOR('',#6354,1.);
#6354 = DIRECTION('',(0.,1.,0.));
#6355 = ORIENTED_EDGE('',*,*,#6356,.F.);
#6356 = EDGE_CURVE('',#6318,#6349,#6357,.T.);
#6357 = LINE('',#6358,#6359);
#6358 = CARTESIAN_POINT('',(26.6,0.,68.421));
#6359 = VECTOR('',#6360,1.);
#6360 = DIRECTION('',(-0.707106781187,0.,0.707106781187));
#6361 = PLANE('',#6362);
#6362 = AXIS2_PLACEMENT_3D('',#6363,#6364,#6365);
#6363 = CARTESIAN_POINT('',(26.6,0.,68.421));
#6364 = DIRECTION('',(0.707106781187,-0.,0.707106781187));
#6365 = DIRECTION('',(-0.707106781187,0.,0.707106781187));
#6366 = ADVANCED_FACE('',(#6367),#6392,.T.);
#6367 = FACE_BOUND('',#6368,.T.);
#6368 = EDGE_LOOP('',(#6369,#6370,#6378,#6386));
#6369 = ORIENTED_EDGE('',*,*,#6348,.T.);
#6370 = ORIENTED_EDGE('',*,*,#6371,.T.);
#6371 = EDGE_CURVE('',#6341,#6372,#6374,.T.);
#6372 = VERTEX_POINT('',#6373);
#6373 = CARTESIAN_POINT('',(26.3,250.,70.6));
#6374 = LINE('',#6375,#6376);
#6375 = CARTESIAN_POINT('',(26.3,250.,68.721));
#6376 = VECTOR('',#6377,1.);
#6377 = DIRECTION('',(0.,0.,1.));
#6378 = ORIENTED_EDGE('',*,*,#6379,.F.);
#6379 = EDGE_CURVE('',#6380,#6372,#6382,.T.);
#6380 = VERTEX_POINT('',#6381);
#6381 = CARTESIAN_POINT('',(26.3,0.,70.6));
#6382 = LINE('',#6383,#6384);
#6383 = CARTESIAN_POINT('',(26.3,0.,70.6));
#6384 = VECTOR('',#6385,1.);
#6385 = DIRECTION('',(0.,1.,0.));
#6386 = ORIENTED_EDGE('',*,*,#6387,.F.);
#6387 = EDGE_CURVE('',#6349,#6380,#6388,.T.);
#6388 = LINE('',#6389,#6390);
#6389 = CARTESIAN_POINT('',(26.3,0.,68.721));
#6390 = VECTOR('',#6391,1.);
#6391 = DIRECTION('',(0.,0.,1.));
#6392 = PLANE('',#6393);
#6393 = AXIS2_PLACEMENT_3D('',#6394,#6395,#6396);
#6394 = CARTESIAN_POINT('',(26.3,0.,68.721));
#6395 = DIRECTION('',(1.,0.,0.));
#6396 = DIRECTION('',(0.,0.,1.));
#6397 = ADVANCED_FACE('',(#6398),#6423,.T.);
#6398 = FACE_BOUND('',#6399,.T.);
#6399 = EDGE_LOOP('',(#6400,#6401,#6409,#6417));
#6400 = ORIENTED_EDGE('',*,*,#6379,.T.);
#6401 = ORIENTED_EDGE('',*,*,#6402,.T.);
#6402 = EDGE_CURVE('',#6372,#6403,#6405,.T.);
#6403 = VERTEX_POINT('',#6404);
#6404 = CARTESIAN_POINT('',(26.,250.,70.9));
#6405 = LINE('',#6406,#6407);
#6406 = CARTESIAN_POINT('',(26.3,250.,70.6));
#6407 = VECTOR('',#6408,1.);
#6408 = DIRECTION('',(-0.707106781187,0.,0.707106781187));
#6409 = ORIENTED_EDGE('',*,*,#6410,.F.);
#6410 = EDGE_CURVE('',#6411,#6403,#6413,.T.);
#6411 = VERTEX_POINT('',#6412);
#6412 = CARTESIAN_POINT('',(26.,0.,70.9));
#6413 = LINE('',#6414,#6415);
#6414 = CARTESIAN_POINT('',(26.,0.,70.9));
#6415 = VECTOR('',#6416,1.);
#6416 = DIRECTION('',(0.,1.,0.));
#6417 = ORIENTED_EDGE('',*,*,#6418,.F.);
#6418 = EDGE_CURVE('',#6380,#6411,#6419,.T.);
#6419 = LINE('',#6420,#6421);
#6420 = CARTESIAN_POINT('',(26.3,0.,70.6));
#6421 = VECTOR('',#6422,1.);
#6422 = DIRECTION('',(-0.707106781187,0.,0.707106781187));
#6423 = PLANE('',#6424);
#6424 = AXIS2_PLACEMENT_3D('',#6425,#6426,#6427);
#6425 = CARTESIAN_POINT('',(26.3,0.,70.6));
#6426 = DIRECTION('',(0.707106781187,-0.,0.707106781187));
#6427 = DIRECTION('',(-0.707106781187,0.,0.707106781187));
#6428 = ADVANCED_FACE('',(#6429),#6454,.T.);
#6429 = FACE_BOUND('',#6430,.T.);
#6430 = EDGE_LOOP('',(#6431,#6432,#6440,#6448));
#6431 = ORIENTED_EDGE('',*,*,#6410,.T.);
#6432 = ORIENTED_EDGE('',*,*,#6433,.T.);
#6433 = EDGE_CURVE('',#6403,#6434,#6436,.T.);
#6434 = VERTEX_POINT('',#6435);
#6435 = CARTESIAN_POINT('',(24.8,250.,70.9));
#6436 = LINE('',#6437,#6438);
#6437 = CARTESIAN_POINT('',(26.,250.,70.9));
#6438 = VECTOR('',#6439,1.);
#6439 = DIRECTION('',(-1.,0.,0.));
#6440 = ORIENTED_EDGE('',*,*,#6441,.F.);
#6441 = EDGE_CURVE('',#6442,#6434,#6444,.T.);
#6442 = VERTEX_POINT('',#6443);
#6443 = CARTESIAN_POINT('',(24.8,0.,70.9));
#6444 = LINE('',#6445,#6446);
#6445 = CARTESIAN_POINT('',(24.8,0.,70.9));
#6446 = VECTOR('',#6447,1.);
#6447 = DIRECTION('',(0.,1.,0.));
#6448 = ORIENTED_EDGE('',*,*,#6449,.F.);
#6449 = EDGE_CURVE('',#6411,#6442,#6450,.T.);
#6450 = LINE('',#6451,#6452);
#6451 = CARTESIAN_POINT('',(26.,0.,70.9));
#6452 = VECTOR('',#6453,1.);
#6453 = DIRECTION('',(-1.,0.,0.));
#6454 = PLANE('',#6455);
#6455 = AXIS2_PLACEMENT_3D('',#6456,#6457,#6458);
#6456 = CARTESIAN_POINT('',(26.,0.,70.9));
#6457 = DIRECTION('',(0.,-0.,1.));
#6458 = DIRECTION('',(-1.,0.,0.));
#6459 = ADVANCED_FACE('',(#6460),#6485,.T.);
#6460 = FACE_BOUND('',#6461,.T.);
#6461 = EDGE_LOOP('',(#6462,#6463,#6471,#6479));
#6462 = ORIENTED_EDGE('',*,*,#6441,.T.);
#6463 = ORIENTED_EDGE('',*,*,#6464,.T.);
#6464 = EDGE_CURVE('',#6434,#6465,#6467,.T.);
#6465 = VERTEX_POINT('',#6466);
#6466 = CARTESIAN_POINT('',(24.8,250.,72.7));
#6467 = LINE('',#6468,#6469);
#6468 = CARTESIAN_POINT('',(24.8,250.,70.9));
#6469 = VECTOR('',#6470,1.);
#6470 = DIRECTION('',(0.,0.,1.));
#6471 = ORIENTED_EDGE('',*,*,#6472,.F.);
#6472 = EDGE_CURVE('',#6473,#6465,#6475,.T.);
#6473 = VERTEX_POINT('',#6474);
#6474 = CARTESIAN_POINT('',(24.8,0.,72.7));
#6475 = LINE('',#6476,#6477);
#6476 = CARTESIAN_POINT('',(24.8,0.,72.7));
#6477 = VECTOR('',#6478,1.);
#6478 = DIRECTION('',(0.,1.,0.));
#6479 = ORIENTED_EDGE('',*,*,#6480,.F.);
#6480 = EDGE_CURVE('',#6442,#6473,#6481,.T.);
#6481 = LINE('',#6482,#6483);
#6482 = CARTESIAN_POINT('',(24.8,0.,70.9));
#6483 = VECTOR('',#6484,1.);
#6484 = DIRECTION('',(0.,0.,1.));
#6485 = PLANE('',#6486);
#6486 = AXIS2_PLACEMENT_3D('',#6487,#6488,#6489);
#6487 = CARTESIAN_POINT('',(24.8,0.,70.9));
#6488 = DIRECTION('',(1.,0.,0.));
#6489 = DIRECTION('',(0.,0.,1.));
#6490 = ADVANCED_FACE('',(#6491),#6516,.T.);
#6491 = FACE_BOUND('',#6492,.T.);
#6492 = EDGE_LOOP('',(#6493,#6494,#6502,#6510));
#6493 = ORIENTED_EDGE('',*,*,#6472,.T.);
#6494 = ORIENTED_EDGE('',*,*,#6495,.T.);
#6495 = EDGE_CURVE('',#6465,#6496,#6498,.T.);
#6496 = VERTEX_POINT('',#6497);
#6497 = CARTESIAN_POINT('',(26.,250.,72.7));
#6498 = LINE('',#6499,#6500);
#6499 = CARTESIAN_POINT('',(24.8,250.,72.7));
#6500 = VECTOR('',#6501,1.);
#6501 = DIRECTION('',(1.,0.,0.));
#6502 = ORIENTED_EDGE('',*,*,#6503,.F.);
#6503 = EDGE_CURVE('',#6504,#6496,#6506,.T.);
#6504 = VERTEX_POINT('',#6505);
#6505 = CARTESIAN_POINT('',(26.,0.,72.7));
#6506 = LINE('',#6507,#6508);
#6507 = CARTESIAN_POINT('',(26.,0.,72.7));
#6508 = VECTOR('',#6509,1.);
#6509 = DIRECTION('',(0.,1.,0.));
#6510 = ORIENTED_EDGE('',*,*,#6511,.F.);
#6511 = EDGE_CURVE('',#6473,#6504,#6512,.T.);
#6512 = LINE('',#6513,#6514);
#6513 = CARTESIAN_POINT('',(24.8,0.,72.7));
#6514 = VECTOR('',#6515,1.);
#6515 = DIRECTION('',(1.,0.,0.));
#6516 = PLANE('',#6517);
#6517 = AXIS2_PLACEMENT_3D('',#6518,#6519,#6520);
#6518 = CARTESIAN_POINT('',(24.8,0.,72.7));
#6519 = DIRECTION('',(0.,0.,-1.));
#6520 = DIRECTION('',(1.,0.,0.));
#6521 = ADVANCED_FACE('',(#6522),#6547,.T.);
#6522 = FACE_BOUND('',#6523,.T.);
#6523 = EDGE_LOOP('',(#6524,#6525,#6533,#6541));
#6524 = ORIENTED_EDGE('',*,*,#6503,.T.);
#6525 = ORIENTED_EDGE('',*,*,#6526,.T.);
#6526 = EDGE_CURVE('',#6496,#6527,#6529,.T.);
#6527 = VERTEX_POINT('',#6528);
#6528 = CARTESIAN_POINT('',(26.3,250.,73.));
#6529 = LINE('',#6530,#6531);
#6530 = CARTESIAN_POINT('',(26.,250.,72.7));
#6531 = VECTOR('',#6532,1.);
#6532 = DIRECTION('',(0.707106781187,0.,0.707106781187));
#6533 = ORIENTED_EDGE('',*,*,#6534,.F.);
#6534 = EDGE_CURVE('',#6535,#6527,#6537,.T.);
#6535 = VERTEX_POINT('',#6536);
#6536 = CARTESIAN_POINT('',(26.3,0.,73.));
#6537 = LINE('',#6538,#6539);
#6538 = CARTESIAN_POINT('',(26.3,0.,73.));
#6539 = VECTOR('',#6540,1.);
#6540 = DIRECTION('',(0.,1.,0.));
#6541 = ORIENTED_EDGE('',*,*,#6542,.F.);
#6542 = EDGE_CURVE('',#6504,#6535,#6543,.T.);
#6543 = LINE('',#6544,#6545);
#6544 = CARTESIAN_POINT('',(26.,0.,72.7));
#6545 = VECTOR('',#6546,1.);
#6546 = DIRECTION('',(0.707106781187,0.,0.707106781187));
#6547 = PLANE('',#6548);
#6548 = AXIS2_PLACEMENT_3D('',#6549,#6550,#6551);
#6549 = CARTESIAN_POINT('',(26.,0.,72.7));
#6550 = DIRECTION('',(0.707106781187,0.,-0.707106781187));
#6551 = DIRECTION('',(0.707106781187,0.,0.707106781187));
#6552 = ADVANCED_FACE('',(#6553),#6578,.T.);
#6553 = FACE_BOUND('',#6554,.T.);
#6554 = EDGE_LOOP('',(#6555,#6556,#6564,#6572));
#6555 = ORIENTED_EDGE('',*,*,#6534,.T.);
#6556 = ORIENTED_EDGE('',*,*,#6557,.T.);
#6557 = EDGE_CURVE('',#6527,#6558,#6560,.T.);
#6558 = VERTEX_POINT('',#6559);
#6559 = CARTESIAN_POINT('',(26.3,250.,73.5));
#6560 = LINE('',#6561,#6562);
#6561 = CARTESIAN_POINT('',(26.3,250.,73.));
#6562 = VECTOR('',#6563,1.);
#6563 = DIRECTION('',(0.,0.,1.));
#6564 = ORIENTED_EDGE('',*,*,#6565,.F.);
#6565 = EDGE_CURVE('',#6566,#6558,#6568,.T.);
#6566 = VERTEX_POINT('',#6567);
#6567 = CARTESIAN_POINT('',(26.3,0.,73.5));
#6568 = LINE('',#6569,#6570);
#6569 = CARTESIAN_POINT('',(26.3,0.,73.5));
#6570 = VECTOR('',#6571,1.);
#6571 = DIRECTION('',(0.,1.,0.));
#6572 = ORIENTED_EDGE('',*,*,#6573,.F.);
#6573 = EDGE_CURVE('',#6535,#6566,#6574,.T.);
#6574 = LINE('',#6575,#6576);
#6575 = CARTESIAN_POINT('',(26.3,0.,73.));
#6576 = VECTOR('',#6577,1.);
#6577 = DIRECTION('',(0.,0.,1.));
#6578 = PLANE('',#6579);
#6579 = AXIS2_PLACEMENT_3D('',#6580,#6581,#6582);
#6580 = CARTESIAN_POINT('',(26.3,0.,73.));
#6581 = DIRECTION('',(1.,0.,0.));
#6582 = DIRECTION('',(0.,0.,1.));
#6583 = ADVANCED_FACE('',(#6584),#6609,.T.);
#6584 = FACE_BOUND('',#6585,.T.);
#6585 = EDGE_LOOP('',(#6586,#6587,#6595,#6603));
#6586 = ORIENTED_EDGE('',*,*,#6565,.T.);
#6587 = ORIENTED_EDGE('',*,*,#6588,.T.);
#6588 = EDGE_CURVE('',#6558,#6589,#6591,.T.);
#6589 = VERTEX_POINT('',#6590);
#6590 = CARTESIAN_POINT('',(26.,250.,73.8));
#6591 = LINE('',#6592,#6593);
#6592 = CARTESIAN_POINT('',(26.3,250.,73.5));
#6593 = VECTOR('',#6594,1.);
#6594 = DIRECTION('',(-0.707106781187,0.,0.707106781187));
#6595 = ORIENTED_EDGE('',*,*,#6596,.F.);
#6596 = EDGE_CURVE('',#6597,#6589,#6599,.T.);
#6597 = VERTEX_POINT('',#6598);
#6598 = CARTESIAN_POINT('',(26.,0.,73.8));
#6599 = LINE('',#6600,#6601);
#6600 = CARTESIAN_POINT('',(26.,0.,73.8));
#6601 = VECTOR('',#6602,1.);
#6602 = DIRECTION('',(0.,1.,0.));
#6603 = ORIENTED_EDGE('',*,*,#6604,.F.);
#6604 = EDGE_CURVE('',#6566,#6597,#6605,.T.);
#6605 = LINE('',#6606,#6607);
#6606 = CARTESIAN_POINT('',(26.3,0.,73.5));
#6607 = VECTOR('',#6608,1.);
#6608 = DIRECTION('',(-0.707106781187,0.,0.707106781187));
#6609 = PLANE('',#6610);
#6610 = AXIS2_PLACEMENT_3D('',#6611,#6612,#6613);
#6611 = CARTESIAN_POINT('',(26.3,0.,73.5));
#6612 = DIRECTION('',(0.707106781187,-0.,0.707106781187));
#6613 = DIRECTION('',(-0.707106781187,0.,0.707106781187));
#6614 = ADVANCED_FACE('',(#6615),#6640,.T.);
#6615 = FACE_BOUND('',#6616,.T.);
#6616 = EDGE_LOOP('',(#6617,#6618,#6626,#6634));
#6617 = ORIENTED_EDGE('',*,*,#6596,.T.);
#6618 = ORIENTED_EDGE('',*,*,#6619,.T.);
#6619 = EDGE_CURVE('',#6589,#6620,#6622,.T.);
#6620 = VERTEX_POINT('',#6621);
#6621 = CARTESIAN_POINT('',(24.8,250.,73.8));
#6622 = LINE('',#6623,#6624);
#6623 = CARTESIAN_POINT('',(26.,250.,73.8));
#6624 = VECTOR('',#6625,1.);
#6625 = DIRECTION('',(-1.,0.,0.));
#6626 = ORIENTED_EDGE('',*,*,#6627,.F.);
#6627 = EDGE_CURVE('',#6628,#6620,#6630,.T.);
#6628 = VERTEX_POINT('',#6629);
#6629 = CARTESIAN_POINT('',(24.8,0.,73.8));
#6630 = LINE('',#6631,#6632);
#6631 = CARTESIAN_POINT('',(24.8,0.,73.8));
#6632 = VECTOR('',#6633,1.);
#6633 = DIRECTION('',(0.,1.,0.));
#6634 = ORIENTED_EDGE('',*,*,#6635,.F.);
#6635 = EDGE_CURVE('',#6597,#6628,#6636,.T.);
#6636 = LINE('',#6637,#6638);
#6637 = CARTESIAN_POINT('',(26.,0.,73.8));
#6638 = VECTOR('',#6639,1.);
#6639 = DIRECTION('',(-1.,0.,0.));
#6640 = PLANE('',#6641);
#6641 = AXIS2_PLACEMENT_3D('',#6642,#6643,#6644);
#6642 = CARTESIAN_POINT('',(26.,0.,73.8));
#6643 = DIRECTION('',(0.,-0.,1.));
#6644 = DIRECTION('',(-1.,0.,0.));
#6645 = ADVANCED_FACE('',(#6646),#6671,.T.);
#6646 = FACE_BOUND('',#6647,.T.);
#6647 = EDGE_LOOP('',(#6648,#6649,#6657,#6665));
#6648 = ORIENTED_EDGE('',*,*,#6627,.T.);
#6649 = ORIENTED_EDGE('',*,*,#6650,.T.);
#6650 = EDGE_CURVE('',#6620,#6651,#6653,.T.);
#6651 = VERTEX_POINT('',#6652);
#6652 = CARTESIAN_POINT('',(24.8,250.,75.6));
#6653 = LINE('',#6654,#6655);
#6654 = CARTESIAN_POINT('',(24.8,250.,73.8));
#6655 = VECTOR('',#6656,1.);
#6656 = DIRECTION('',(0.,0.,1.));
#6657 = ORIENTED_EDGE('',*,*,#6658,.F.);
#6658 = EDGE_CURVE('',#6659,#6651,#6661,.T.);
#6659 = VERTEX_POINT('',#6660);
#6660 = CARTESIAN_POINT('',(24.8,0.,75.6));
#6661 = LINE('',#6662,#6663);
#6662 = CARTESIAN_POINT('',(24.8,0.,75.6));
#6663 = VECTOR('',#6664,1.);
#6664 = DIRECTION('',(0.,1.,0.));
#6665 = ORIENTED_EDGE('',*,*,#6666,.F.);
#6666 = EDGE_CURVE('',#6628,#6659,#6667,.T.);
#6667 = LINE('',#6668,#6669);
#6668 = CARTESIAN_POINT('',(24.8,0.,73.8));
#6669 = VECTOR('',#6670,1.);
#6670 = DIRECTION('',(0.,0.,1.));
#6671 = PLANE('',#6672);
#6672 = AXIS2_PLACEMENT_3D('',#6673,#6674,#6675);
#6673 = CARTESIAN_POINT('',(24.8,0.,73.8));
#6674 = DIRECTION('',(1.,0.,0.));
#6675 = DIRECTION('',(0.,0.,1.));
#6676 = ADVANCED_FACE('',(#6677),#6702,.T.);
#6677 = FACE_BOUND('',#6678,.T.);
#6678 = EDGE_LOOP('',(#6679,#6680,#6688,#6696));
#6679 = ORIENTED_EDGE('',*,*,#6658,.T.);
#6680 = ORIENTED_EDGE('',*,*,#6681,.T.);
#6681 = EDGE_CURVE('',#6651,#6682,#6684,.T.);
#6682 = VERTEX_POINT('',#6683);
#6683 = CARTESIAN_POINT('',(26.,250.,75.6));
#6684 = LINE('',#6685,#6686);
#6685 = CARTESIAN_POINT('',(24.8,250.,75.6));
#6686 = VECTOR('',#6687,1.);
#6687 = DIRECTION('',(1.,0.,0.));
#6688 = ORIENTED_EDGE('',*,*,#6689,.F.);
#6689 = EDGE_CURVE('',#6690,#6682,#6692,.T.);
#6690 = VERTEX_POINT('',#6691);
#6691 = CARTESIAN_POINT('',(26.,0.,75.6));
#6692 = LINE('',#6693,#6694);
#6693 = CARTESIAN_POINT('',(26.,0.,75.6));
#6694 = VECTOR('',#6695,1.);
#6695 = DIRECTION('',(0.,1.,0.));
#6696 = ORIENTED_EDGE('',*,*,#6697,.F.);
#6697 = EDGE_CURVE('',#6659,#6690,#6698,.T.);
#6698 = LINE('',#6699,#6700);
#6699 = CARTESIAN_POINT('',(24.8,0.,75.6));
#6700 = VECTOR('',#6701,1.);
#6701 = DIRECTION('',(1.,0.,0.));
#6702 = PLANE('',#6703);
#6703 = AXIS2_PLACEMENT_3D('',#6704,#6705,#6706);
#6704 = CARTESIAN_POINT('',(24.8,0.,75.6));
#6705 = DIRECTION('',(0.,0.,-1.));
#6706 = DIRECTION('',(1.,0.,0.));
#6707 = ADVANCED_FACE('',(#6708),#6733,.T.);
#6708 = FACE_BOUND('',#6709,.T.);
#6709 = EDGE_LOOP('',(#6710,#6711,#6719,#6727));
#6710 = ORIENTED_EDGE('',*,*,#6689,.T.);
#6711 = ORIENTED_EDGE('',*,*,#6712,.T.);
#6712 = EDGE_CURVE('',#6682,#6713,#6715,.T.);
#6713 = VERTEX_POINT('',#6714);
#6714 = CARTESIAN_POINT('',(26.3,250.,75.9));
#6715 = LINE('',#6716,#6717);
#6716 = CARTESIAN_POINT('',(26.,250.,75.6));
#6717 = VECTOR('',#6718,1.);
#6718 = DIRECTION('',(0.707106781187,0.,0.707106781187));
#6719 = ORIENTED_EDGE('',*,*,#6720,.F.);
#6720 = EDGE_CURVE('',#6721,#6713,#6723,.T.);
#6721 = VERTEX_POINT('',#6722);
#6722 = CARTESIAN_POINT('',(26.3,0.,75.9));
#6723 = LINE('',#6724,#6725);
#6724 = CARTESIAN_POINT('',(26.3,0.,75.9));
#6725 = VECTOR('',#6726,1.);
#6726 = DIRECTION('',(0.,1.,0.));
#6727 = ORIENTED_EDGE('',*,*,#6728,.F.);
#6728 = EDGE_CURVE('',#6690,#6721,#6729,.T.);
#6729 = LINE('',#6730,#6731);
#6730 = CARTESIAN_POINT('',(26.,0.,75.6));
#6731 = VECTOR('',#6732,1.);
#6732 = DIRECTION('',(0.707106781187,0.,0.707106781187));
#6733 = PLANE('',#6734);
#6734 = AXIS2_PLACEMENT_3D('',#6735,#6736,#6737);
#6735 = CARTESIAN_POINT('',(26.,0.,75.6));
#6736 = DIRECTION('',(0.707106781187,0.,-0.707106781187));
#6737 = DIRECTION('',(0.707106781187,0.,0.707106781187));
#6738 = ADVANCED_FACE('',(#6739),#6764,.T.);
#6739 = FACE_BOUND('',#6740,.T.);
#6740 = EDGE_LOOP('',(#6741,#6742,#6750,#6758));
#6741 = ORIENTED_EDGE('',*,*,#6720,.T.);
#6742 = ORIENTED_EDGE('',*,*,#6743,.T.);
#6743 = EDGE_CURVE('',#6713,#6744,#6746,.T.);
#6744 = VERTEX_POINT('',#6745);
#6745 = CARTESIAN_POINT('',(26.3,250.,76.4));
#6746 = LINE('',#6747,#6748);
#6747 = CARTESIAN_POINT('',(26.3,250.,75.9));
#6748 = VECTOR('',#6749,1.);
#6749 = DIRECTION('',(0.,0.,1.));
#6750 = ORIENTED_EDGE('',*,*,#6751,.F.);
#6751 = EDGE_CURVE('',#6752,#6744,#6754,.T.);
#6752 = VERTEX_POINT('',#6753);
#6753 = CARTESIAN_POINT('',(26.3,0.,76.4));
#6754 = LINE('',#6755,#6756);
#6755 = CARTESIAN_POINT('',(26.3,0.,76.4));
#6756 = VECTOR('',#6757,1.);
#6757 = DIRECTION('',(0.,1.,0.));
#6758 = ORIENTED_EDGE('',*,*,#6759,.F.);
#6759 = EDGE_CURVE('',#6721,#6752,#6760,.T.);
#6760 = LINE('',#6761,#6762);
#6761 = CARTESIAN_POINT('',(26.3,0.,75.9));
#6762 = VECTOR('',#6763,1.);
#6763 = DIRECTION('',(0.,0.,1.));
#6764 = PLANE('',#6765);
#6765 = AXIS2_PLACEMENT_3D('',#6766,#6767,#6768);
#6766 = CARTESIAN_POINT('',(26.3,0.,75.9));
#6767 = DIRECTION('',(1.,0.,0.));
#6768 = DIRECTION('',(0.,0.,1.));
#6769 = ADVANCED_FACE('',(#6770),#6795,.T.);
#6770 = FACE_BOUND('',#6771,.T.);
#6771 = EDGE_LOOP('',(#6772,#6773,#6781,#6789));
#6772 = ORIENTED_EDGE('',*,*,#6751,.T.);
#6773 = ORIENTED_EDGE('',*,*,#6774,.T.);
#6774 = EDGE_CURVE('',#6744,#6775,#6777,.T.);
#6775 = VERTEX_POINT('',#6776);
#6776 = CARTESIAN_POINT('',(26.,250.,76.7));
#6777 = LINE('',#6778,#6779);
#6778 = CARTESIAN_POINT('',(26.3,250.,76.4));
#6779 = VECTOR('',#6780,1.);
#6780 = DIRECTION('',(-0.707106781187,0.,0.707106781187));
#6781 = ORIENTED_EDGE('',*,*,#6782,.F.);
#6782 = EDGE_CURVE('',#6783,#6775,#6785,.T.);
#6783 = VERTEX_POINT('',#6784);
#6784 = CARTESIAN_POINT('',(26.,0.,76.7));
#6785 = LINE('',#6786,#6787);
#6786 = CARTESIAN_POINT('',(26.,0.,76.7));
#6787 = VECTOR('',#6788,1.);
#6788 = DIRECTION('',(0.,1.,0.));
#6789 = ORIENTED_EDGE('',*,*,#6790,.F.);
#6790 = EDGE_CURVE('',#6752,#6783,#6791,.T.);
#6791 = LINE('',#6792,#6793);
#6792 = CARTESIAN_POINT('',(26.3,0.,76.4));
#6793 = VECTOR('',#6794,1.);
#6794 = DIRECTION('',(-0.707106781187,0.,0.707106781187));
#6795 = PLANE('',#6796);
#6796 = AXIS2_PLACEMENT_3D('',#6797,#6798,#6799);
#6797 = CARTESIAN_POINT('',(26.3,0.,76.4));
#6798 = DIRECTION('',(0.707106781187,-0.,0.707106781187));
#6799 = DIRECTION('',(-0.707106781187,0.,0.707106781187));
#6800 = ADVANCED_FACE('',(#6801),#6826,.T.);
#6801 = FACE_BOUND('',#6802,.T.);
#6802 = EDGE_LOOP('',(#6803,#6804,#6812,#6820));
#6803 = ORIENTED_EDGE('',*,*,#6782,.T.);
#6804 = ORIENTED_EDGE('',*,*,#6805,.T.);
#6805 = EDGE_CURVE('',#6775,#6806,#6808,.T.);
#6806 = VERTEX_POINT('',#6807);
#6807 = CARTESIAN_POINT('',(24.8,250.,76.7));
#6808 = LINE('',#6809,#6810);
#6809 = CARTESIAN_POINT('',(26.,250.,76.7));
#6810 = VECTOR('',#6811,1.);
#6811 = DIRECTION('',(-1.,0.,0.));
#6812 = ORIENTED_EDGE('',*,*,#6813,.F.);
#6813 = EDGE_CURVE('',#6814,#6806,#6816,.T.);
#6814 = VERTEX_POINT('',#6815);
#6815 = CARTESIAN_POINT('',(24.8,0.,76.7));
#6816 = LINE('',#6817,#6818);
#6817 = CARTESIAN_POINT('',(24.8,0.,76.7));
#6818 = VECTOR('',#6819,1.);
#6819 = DIRECTION('',(0.,1.,0.));
#6820 = ORIENTED_EDGE('',*,*,#6821,.F.);
#6821 = EDGE_CURVE('',#6783,#6814,#6822,.T.);
#6822 = LINE('',#6823,#6824);
#6823 = CARTESIAN_POINT('',(26.,0.,76.7));
#6824 = VECTOR('',#6825,1.);
#6825 = DIRECTION('',(-1.,0.,0.));
#6826 = PLANE('',#6827);
#6827 = AXIS2_PLACEMENT_3D('',#6828,#6829,#6830);
#6828 = CARTESIAN_POINT('',(26.,0.,76.7));
#6829 = DIRECTION('',(0.,-0.,1.));
#6830 = DIRECTION('',(-1.,0.,0.));
#6831 = ADVANCED_FACE('',(#6832),#6857,.T.);
#6832 = FACE_BOUND('',#6833,.T.);
#6833 = EDGE_LOOP('',(#6834,#6835,#6843,#6851));
#6834 = ORIENTED_EDGE('',*,*,#6813,.T.);
#6835 = ORIENTED_EDGE('',*,*,#6836,.T.);
#6836 = EDGE_CURVE('',#6806,#6837,#6839,.T.);
#6837 = VERTEX_POINT('',#6838);
#6838 = CARTESIAN_POINT('',(24.8,250.,78.5));
#6839 = LINE('',#6840,#6841);
#6840 = CARTESIAN_POINT('',(24.8,250.,76.7));
#6841 = VECTOR('',#6842,1.);
#6842 = DIRECTION('',(0.,0.,1.));
#6843 = ORIENTED_EDGE('',*,*,#6844,.F.);
#6844 = EDGE_CURVE('',#6845,#6837,#6847,.T.);
#6845 = VERTEX_POINT('',#6846);
#6846 = CARTESIAN_POINT('',(24.8,0.,78.5));
#6847 = LINE('',#6848,#6849);
#6848 = CARTESIAN_POINT('',(24.8,0.,78.5));
#6849 = VECTOR('',#6850,1.);
#6850 = DIRECTION('',(0.,1.,0.));
#6851 = ORIENTED_EDGE('',*,*,#6852,.F.);
#6852 = EDGE_CURVE('',#6814,#6845,#6853,.T.);
#6853 = LINE('',#6854,#6855);
#6854 = CARTESIAN_POINT('',(24.8,0.,76.7));
#6855 = VECTOR('',#6856,1.);
#6856 = DIRECTION('',(0.,0.,1.));
#6857 = PLANE('',#6858);
#6858 = AXIS2_PLACEMENT_3D('',#6859,#6860,#6861);
#6859 = CARTESIAN_POINT('',(24.8,0.,76.7));
#6860 = DIRECTION('',(1.,0.,0.));
#6861 = DIRECTION('',(0.,0.,1.));
#6862 = ADVANCED_FACE('',(#6863),#6888,.T.);
#6863 = FACE_BOUND('',#6864,.T.);
#6864 = EDGE_LOOP('',(#6865,#6866,#6874,#6882));
#6865 = ORIENTED_EDGE('',*,*,#6844,.T.);
#6866 = ORIENTED_EDGE('',*,*,#6867,.T.);
#6867 = EDGE_CURVE('',#6837,#6868,#6870,.T.);
#6868 = VERTEX_POINT('',#6869);
#6869 = CARTESIAN_POINT('',(27.343,250.,78.5));
#6870 = LINE('',#6871,#6872);
#6871 = CARTESIAN_POINT('',(24.8,250.,78.5));
#6872 = VECTOR('',#6873,1.);
#6873 = DIRECTION('',(1.,0.,0.));
#6874 = ORIENTED_EDGE('',*,*,#6875,.F.);
#6875 = EDGE_CURVE('',#6876,#6868,#6878,.T.);
#6876 = VERTEX_POINT('',#6877);
#6877 = CARTESIAN_POINT('',(27.343,0.,78.5));
#6878 = LINE('',#6879,#6880);
#6879 = CARTESIAN_POINT('',(27.343,0.,78.5));
#6880 = VECTOR('',#6881,1.);
#6881 = DIRECTION('',(0.,1.,0.));
#6882 = ORIENTED_EDGE('',*,*,#6883,.F.);
#6883 = EDGE_CURVE('',#6845,#6876,#6884,.T.);
#6884 = LINE('',#6885,#6886);
#6885 = CARTESIAN_POINT('',(24.8,0.,78.5));
#6886 = VECTOR('',#6887,1.);
#6887 = DIRECTION('',(1.,0.,0.));
#6888 = PLANE('',#6889);
#6889 = AXIS2_PLACEMENT_3D('',#6890,#6891,#6892);
#6890 = CARTESIAN_POINT('',(24.8,0.,78.5));
#6891 = DIRECTION('',(0.,0.,-1.));
#6892 = DIRECTION('',(1.,0.,0.));
#6893 = ADVANCED_FACE('',(#6894),#6919,.T.);
#6894 = FACE_BOUND('',#6895,.T.);
#6895 = EDGE_LOOP('',(#6896,#6897,#6905,#6913));
#6896 = ORIENTED_EDGE('',*,*,#6875,.T.);
#6897 = ORIENTED_EDGE('',*,*,#6898,.T.);
#6898 = EDGE_CURVE('',#6868,#6899,#6901,.T.);
#6899 = VERTEX_POINT('',#6900);
#6900 = CARTESIAN_POINT('',(28.436,250.,79.594));
#6901 = LINE('',#6902,#6903);
#6902 = CARTESIAN_POINT('',(27.343,250.,78.5));
#6903 = VECTOR('',#6904,1.);
#6904 = DIRECTION('',(0.706783384585,0.,0.70743002995));
#6905 = ORIENTED_EDGE('',*,*,#6906,.F.);
#6906 = EDGE_CURVE('',#6907,#6899,#6909,.T.);
#6907 = VERTEX_POINT('',#6908);
#6908 = CARTESIAN_POINT('',(28.436,0.,79.594));
#6909 = LINE('',#6910,#6911);
#6910 = CARTESIAN_POINT('',(28.436,0.,79.594));
#6911 = VECTOR('',#6912,1.);
#6912 = DIRECTION('',(0.,1.,0.));
#6913 = ORIENTED_EDGE('',*,*,#6914,.F.);
#6914 = EDGE_CURVE('',#6876,#6907,#6915,.T.);
#6915 = LINE('',#6916,#6917);
#6916 = CARTESIAN_POINT('',(27.343,0.,78.5));
#6917 = VECTOR('',#6918,1.);
#6918 = DIRECTION('',(0.706783384585,0.,0.70743002995));
#6919 = PLANE('',#6920);
#6920 = AXIS2_PLACEMENT_3D('',#6921,#6922,#6923);
#6921 = CARTESIAN_POINT('',(27.343,0.,78.5));
#6922 = DIRECTION('',(0.70743002995,0.,-0.706783384585));
#6923 = DIRECTION('',(0.706783384585,0.,0.70743002995));
#6924 = ADVANCED_FACE('',(#6925),#6950,.T.);
#6925 = FACE_BOUND('',#6926,.T.);
#6926 = EDGE_LOOP('',(#6927,#6928,#6936,#6944));
#6927 = ORIENTED_EDGE('',*,*,#6906,.T.);
#6928 = ORIENTED_EDGE('',*,*,#6929,.T.);
#6929 = EDGE_CURVE('',#6899,#6930,#6932,.T.);
#6930 = VERTEX_POINT('',#6931);
#6931 = CARTESIAN_POINT('',(28.436,250.,80.301));
#6932 = LINE('',#6933,#6934);
#6933 = CARTESIAN_POINT('',(28.436,250.,79.594));
#6934 = VECTOR('',#6935,1.);
#6935 = DIRECTION('',(0.,0.,1.));
#6936 = ORIENTED_EDGE('',*,*,#6937,.F.);
#6937 = EDGE_CURVE('',#6938,#6930,#6940,.T.);
#6938 = VERTEX_POINT('',#6939);
#6939 = CARTESIAN_POINT('',(28.436,0.,80.301));
#6940 = LINE('',#6941,#6942);
#6941 = CARTESIAN_POINT('',(28.436,0.,80.301));
#6942 = VECTOR('',#6943,1.);
#6943 = DIRECTION('',(0.,1.,0.));
#6944 = ORIENTED_EDGE('',*,*,#6945,.F.);
#6945 = EDGE_CURVE('',#6907,#6938,#6946,.T.);
#6946 = LINE('',#6947,#6948);
#6947 = CARTESIAN_POINT('',(28.436,0.,79.594));
#6948 = VECTOR('',#6949,1.);
#6949 = DIRECTION('',(0.,0.,1.));
#6950 = PLANE('',#6951);
#6951 = AXIS2_PLACEMENT_3D('',#6952,#6953,#6954);
#6952 = CARTESIAN_POINT('',(28.436,0.,79.594));
#6953 = DIRECTION('',(1.,0.,0.));
#6954 = DIRECTION('',(0.,0.,1.));
#6955 = ADVANCED_FACE('',(#6956),#6981,.T.);
#6956 = FACE_BOUND('',#6957,.T.);
#6957 = EDGE_LOOP('',(#6958,#6959,#6967,#6975));
#6958 = ORIENTED_EDGE('',*,*,#6937,.T.);
#6959 = ORIENTED_EDGE('',*,*,#6960,.T.);
#6960 = EDGE_CURVE('',#6930,#6961,#6963,.T.);
#6961 = VERTEX_POINT('',#6962);
#6962 = CARTESIAN_POINT('',(27.787,250.,80.95));
#6963 = LINE('',#6964,#6965);
#6964 = CARTESIAN_POINT('',(28.436,250.,80.301));
#6965 = VECTOR('',#6966,1.);
#6966 = DIRECTION('',(-0.707106781187,0.,0.707106781187));
#6967 = ORIENTED_EDGE('',*,*,#6968,.F.);
#6968 = EDGE_CURVE('',#6969,#6961,#6971,.T.);
#6969 = VERTEX_POINT('',#6970);
#6970 = CARTESIAN_POINT('',(27.787,0.,80.95));
#6971 = LINE('',#6972,#6973);
#6972 = CARTESIAN_POINT('',(27.787,0.,80.95));
#6973 = VECTOR('',#6974,1.);
#6974 = DIRECTION('',(0.,1.,0.));
#6975 = ORIENTED_EDGE('',*,*,#6976,.F.);
#6976 = EDGE_CURVE('',#6938,#6969,#6977,.T.);
#6977 = LINE('',#6978,#6979);
#6978 = CARTESIAN_POINT('',(28.436,0.,80.301));
#6979 = VECTOR('',#6980,1.);
#6980 = DIRECTION('',(-0.707106781187,0.,0.707106781187));
#6981 = PLANE('',#6982);
#6982 = AXIS2_PLACEMENT_3D('',#6983,#6984,#6985);
#6983 = CARTESIAN_POINT('',(28.436,0.,80.301));
#6984 = DIRECTION('',(0.707106781187,-0.,0.707106781187));
#6985 = DIRECTION('',(-0.707106781187,0.,0.707106781187));
#6986 = ADVANCED_FACE('',(#6987),#7012,.T.);
#6987 = FACE_BOUND('',#6988,.T.);
#6988 = EDGE_LOOP('',(#6989,#6990,#6998,#7006));
#6989 = ORIENTED_EDGE('',*,*,#6968,.T.);
#6990 = ORIENTED_EDGE('',*,*,#6991,.T.);
#6991 = EDGE_CURVE('',#6961,#6992,#6994,.T.);
#6992 = VERTEX_POINT('',#6993);
#6993 = CARTESIAN_POINT('',(27.303,250.,81.006));
#6994 = LINE('',#6995,#6996);
#6995 = CARTESIAN_POINT('',(27.787,250.,80.95));
#6996 = VECTOR('',#6997,1.);
#6997 = DIRECTION('',(-0.993372932136,0.,0.114935711156));
#6998 = ORIENTED_EDGE('',*,*,#6999,.F.);
#6999 = EDGE_CURVE('',#7000,#6992,#7002,.T.);
#7000 = VERTEX_POINT('',#7001);
#7001 = CARTESIAN_POINT('',(27.303,0.,81.006));
#7002 = LINE('',#7003,#7004);
#7003 = CARTESIAN_POINT('',(27.303,0.,81.006));
#7004 = VECTOR('',#7005,1.);
#7005 = DIRECTION('',(0.,1.,0.));
#7006 = ORIENTED_EDGE('',*,*,#7007,.F.);
#7007 = EDGE_CURVE('',#6969,#7000,#7008,.T.);
#7008 = LINE('',#7009,#7010);
#7009 = CARTESIAN_POINT('',(27.787,0.,80.95));
#7010 = VECTOR('',#7011,1.);
#7011 = DIRECTION('',(-0.993372932136,0.,0.114935711156));
#7012 = PLANE('',#7013);
#7013 = AXIS2_PLACEMENT_3D('',#7014,#7015,#7016);
#7014 = CARTESIAN_POINT('',(27.787,0.,80.95));
#7015 = DIRECTION('',(0.114935711156,-0.,0.993372932136));
#7016 = DIRECTION('',(-0.993372932136,0.,0.114935711156));
#7017 = ADVANCED_FACE('',(#7018),#7043,.T.);
#7018 = FACE_BOUND('',#7019,.T.);
#7019 = EDGE_LOOP('',(#7020,#7021,#7029,#7037));
#7020 = ORIENTED_EDGE('',*,*,#6999,.T.);
#7021 = ORIENTED_EDGE('',*,*,#7022,.T.);
#7022 = EDGE_CURVE('',#6992,#7023,#7025,.T.);
#7023 = VERTEX_POINT('',#7024);
#7024 = CARTESIAN_POINT('',(26.739,250.,80.442));
#7025 = LINE('',#7026,#7027);
#7026 = CARTESIAN_POINT('',(27.303,250.,81.006));
#7027 = VECTOR('',#7028,1.);
#7028 = DIRECTION('',(-0.707106781187,0.,-0.707106781187));
#7029 = ORIENTED_EDGE('',*,*,#7030,.F.);
#7030 = EDGE_CURVE('',#7031,#7023,#7033,.T.);
#7031 = VERTEX_POINT('',#7032);
#7032 = CARTESIAN_POINT('',(26.739,0.,80.442));
#7033 = LINE('',#7034,#7035);
#7034 = CARTESIAN_POINT('',(26.739,0.,80.442));
#7035 = VECTOR('',#7036,1.);
#7036 = DIRECTION('',(0.,1.,0.));
#7037 = ORIENTED_EDGE('',*,*,#7038,.F.);
#7038 = EDGE_CURVE('',#7000,#7031,#7039,.T.);
#7039 = LINE('',#7040,#7041);
#7040 = CARTESIAN_POINT('',(27.303,0.,81.006));
#7041 = VECTOR('',#7042,1.);
#7042 = DIRECTION('',(-0.707106781187,0.,-0.707106781187));
#7043 = PLANE('',#7044);
#7044 = AXIS2_PLACEMENT_3D('',#7045,#7046,#7047);
#7045 = CARTESIAN_POINT('',(27.303,0.,81.006));
#7046 = DIRECTION('',(-0.707106781187,0.,0.707106781187));
#7047 = DIRECTION('',(-0.707106781187,0.,-0.707106781187));
#7048 = ADVANCED_FACE('',(#7049),#7074,.T.);
#7049 = FACE_BOUND('',#7050,.T.);
#7050 = EDGE_LOOP('',(#7051,#7052,#7060,#7068));
#7051 = ORIENTED_EDGE('',*,*,#7030,.T.);
#7052 = ORIENTED_EDGE('',*,*,#7053,.T.);
#7053 = EDGE_CURVE('',#7023,#7054,#7056,.T.);
#7054 = VERTEX_POINT('',#7055);
#7055 = CARTESIAN_POINT('',(26.315,250.,80.442));
#7056 = LINE('',#7057,#7058);
#7057 = CARTESIAN_POINT('',(26.739,250.,80.442));
#7058 = VECTOR('',#7059,1.);
#7059 = DIRECTION('',(-1.,0.,0.));
#7060 = ORIENTED_EDGE('',*,*,#7061,.F.);
#7061 = EDGE_CURVE('',#7062,#7054,#7064,.T.);
#7062 = VERTEX_POINT('',#7063);
#7063 = CARTESIAN_POINT('',(26.315,0.,80.442));
#7064 = LINE('',#7065,#7066);
#7065 = CARTESIAN_POINT('',(26.315,0.,80.442));
#7066 = VECTOR('',#7067,1.);
#7067 = DIRECTION('',(0.,1.,0.));
#7068 = ORIENTED_EDGE('',*,*,#7069,.F.);
#7069 = EDGE_CURVE('',#7031,#7062,#7070,.T.);
#7070 = LINE('',#7071,#7072);
#7071 = CARTESIAN_POINT('',(26.739,0.,80.442));
#7072 = VECTOR('',#7073,1.);
#7073 = DIRECTION('',(-1.,0.,0.));
#7074 = PLANE('',#7075);
#7075 = AXIS2_PLACEMENT_3D('',#7076,#7077,#7078);
#7076 = CARTESIAN_POINT('',(26.739,0.,80.442));
#7077 = DIRECTION('',(0.,-0.,1.));
#7078 = DIRECTION('',(-1.,0.,0.));
#7079 = ADVANCED_FACE('',(#7080),#7105,.T.);
#7080 = FACE_BOUND('',#7081,.T.);
#7081 = EDGE_LOOP('',(#7082,#7083,#7091,#7099));
#7082 = ORIENTED_EDGE('',*,*,#7061,.T.);
#7083 = ORIENTED_EDGE('',*,*,#7084,.T.);
#7084 = EDGE_CURVE('',#7054,#7085,#7087,.T.);
#7085 = VERTEX_POINT('',#7086);
#7086 = CARTESIAN_POINT('',(25.042,250.,81.715));
#7087 = LINE('',#7088,#7089);
#7088 = CARTESIAN_POINT('',(26.315,250.,80.442));
#7089 = VECTOR('',#7090,1.);
#7090 = DIRECTION('',(-0.707106781187,0.,0.707106781187));
#7091 = ORIENTED_EDGE('',*,*,#7092,.F.);
#7092 = EDGE_CURVE('',#7093,#7085,#7095,.T.);
#7093 = VERTEX_POINT('',#7094);
#7094 = CARTESIAN_POINT('',(25.042,0.,81.715));
#7095 = LINE('',#7096,#7097);
#7096 = CARTESIAN_POINT('',(25.042,0.,81.715));
#7097 = VECTOR('',#7098,1.);
#7098 = DIRECTION('',(0.,1.,0.));
#7099 = ORIENTED_EDGE('',*,*,#7100,.F.);
#7100 = EDGE_CURVE('',#7062,#7093,#7101,.T.);
#7101 = LINE('',#7102,#7103);
#7102 = CARTESIAN_POINT('',(26.315,0.,80.442));
#7103 = VECTOR('',#7104,1.);
#7104 = DIRECTION('',(-0.707106781187,0.,0.707106781187));
#7105 = PLANE('',#7106);
#7106 = AXIS2_PLACEMENT_3D('',#7107,#7108,#7109);
#7107 = CARTESIAN_POINT('',(26.315,0.,80.442));
#7108 = DIRECTION('',(0.707106781187,-0.,0.707106781187));
#7109 = DIRECTION('',(-0.707106781187,0.,0.707106781187));
#7110 = ADVANCED_FACE('',(#7111),#7136,.T.);
#7111 = FACE_BOUND('',#7112,.T.);
#7112 = EDGE_LOOP('',(#7113,#7114,#7122,#7130));
#7113 = ORIENTED_EDGE('',*,*,#7092,.T.);
#7114 = ORIENTED_EDGE('',*,*,#7115,.T.);
#7115 = EDGE_CURVE('',#7085,#7116,#7118,.T.);
#7116 = VERTEX_POINT('',#7117);
#7117 = CARTESIAN_POINT('',(25.042,250.,82.139));
#7118 = LINE('',#7119,#7120);
#7119 = CARTESIAN_POINT('',(25.042,250.,81.715));
#7120 = VECTOR('',#7121,1.);
#7121 = DIRECTION('',(0.,0.,1.));
#7122 = ORIENTED_EDGE('',*,*,#7123,.F.);
#7123 = EDGE_CURVE('',#7124,#7116,#7126,.T.);
#7124 = VERTEX_POINT('',#7125);
#7125 = CARTESIAN_POINT('',(25.042,0.,82.139));
#7126 = LINE('',#7127,#7128);
#7127 = CARTESIAN_POINT('',(25.042,0.,82.139));
#7128 = VECTOR('',#7129,1.);
#7129 = DIRECTION('',(0.,1.,0.));
#7130 = ORIENTED_EDGE('',*,*,#7131,.F.);
#7131 = EDGE_CURVE('',#7093,#7124,#7132,.T.);
#7132 = LINE('',#7133,#7134);
#7133 = CARTESIAN_POINT('',(25.042,0.,81.715));
#7134 = VECTOR('',#7135,1.);
#7135 = DIRECTION('',(0.,0.,1.));
#7136 = PLANE('',#7137);
#7137 = AXIS2_PLACEMENT_3D('',#7138,#7139,#7140);
#7138 = CARTESIAN_POINT('',(25.042,0.,81.715));
#7139 = DIRECTION('',(1.,0.,0.));
#7140 = DIRECTION('',(0.,0.,1.));
#7141 = ADVANCED_FACE('',(#7142),#7167,.T.);
#7142 = FACE_BOUND('',#7143,.T.);
#7143 = EDGE_LOOP('',(#7144,#7145,#7153,#7161));
#7144 = ORIENTED_EDGE('',*,*,#7123,.T.);
#7145 = ORIENTED_EDGE('',*,*,#7146,.T.);
#7146 = EDGE_CURVE('',#7116,#7147,#7149,.T.);
#7147 = VERTEX_POINT('',#7148);
#7148 = CARTESIAN_POINT('',(25.606,250.,82.703));
#7149 = LINE('',#7150,#7151);
#7150 = CARTESIAN_POINT('',(25.042,250.,82.139));
#7151 = VECTOR('',#7152,1.);
#7152 = DIRECTION('',(0.707106781187,0.,0.707106781187));
#7153 = ORIENTED_EDGE('',*,*,#7154,.F.);
#7154 = EDGE_CURVE('',#7155,#7147,#7157,.T.);
#7155 = VERTEX_POINT('',#7156);
#7156 = CARTESIAN_POINT('',(25.606,0.,82.703));
#7157 = LINE('',#7158,#7159);
#7158 = CARTESIAN_POINT('',(25.606,0.,82.703));
#7159 = VECTOR('',#7160,1.);
#7160 = DIRECTION('',(0.,1.,0.));
#7161 = ORIENTED_EDGE('',*,*,#7162,.F.);
#7162 = EDGE_CURVE('',#7124,#7155,#7163,.T.);
#7163 = LINE('',#7164,#7165);
#7164 = CARTESIAN_POINT('',(25.042,0.,82.139));
#7165 = VECTOR('',#7166,1.);
#7166 = DIRECTION('',(0.707106781187,0.,0.707106781187));
#7167 = PLANE('',#7168);
#7168 = AXIS2_PLACEMENT_3D('',#7169,#7170,#7171);
#7169 = CARTESIAN_POINT('',(25.042,0.,82.139));
#7170 = DIRECTION('',(0.707106781187,0.,-0.707106781187));
#7171 = DIRECTION('',(0.707106781187,0.,0.707106781187));
#7172 = ADVANCED_FACE('',(#7173),#7198,.T.);
#7173 = FACE_BOUND('',#7174,.T.);
#7174 = EDGE_LOOP('',(#7175,#7176,#7184,#7192));
#7175 = ORIENTED_EDGE('',*,*,#7154,.T.);
#7176 = ORIENTED_EDGE('',*,*,#7177,.T.);
#7177 = EDGE_CURVE('',#7147,#7178,#7180,.T.);
#7178 = VERTEX_POINT('',#7179);
#7179 = CARTESIAN_POINT('',(25.55,250.,83.187));
#7180 = LINE('',#7181,#7182);
#7181 = CARTESIAN_POINT('',(25.606,250.,82.703));
#7182 = VECTOR('',#7183,1.);
#7183 = DIRECTION('',(-0.114935711156,0.,0.993372932136));
#7184 = ORIENTED_EDGE('',*,*,#7185,.F.);
#7185 = EDGE_CURVE('',#7186,#7178,#7188,.T.);
#7186 = VERTEX_POINT('',#7187);
#7187 = CARTESIAN_POINT('',(25.55,0.,83.187));
#7188 = LINE('',#7189,#7190);
#7189 = CARTESIAN_POINT('',(25.55,0.,83.187));
#7190 = VECTOR('',#7191,1.);
#7191 = DIRECTION('',(0.,1.,0.));
#7192 = ORIENTED_EDGE('',*,*,#7193,.F.);
#7193 = EDGE_CURVE('',#7155,#7186,#7194,.T.);
#7194 = LINE('',#7195,#7196);
#7195 = CARTESIAN_POINT('',(25.606,0.,82.703));
#7196 = VECTOR('',#7197,1.);
#7197 = DIRECTION('',(-0.114935711156,0.,0.993372932136));
#7198 = PLANE('',#7199);
#7199 = AXIS2_PLACEMENT_3D('',#7200,#7201,#7202);
#7200 = CARTESIAN_POINT('',(25.606,0.,82.703));
#7201 = DIRECTION('',(0.993372932136,-0.,0.114935711156));
#7202 = DIRECTION('',(-0.114935711156,0.,0.993372932136));
#7203 = ADVANCED_FACE('',(#7204),#7229,.T.);
#7204 = FACE_BOUND('',#7205,.T.);
#7205 = EDGE_LOOP('',(#7206,#7207,#7215,#7223));
#7206 = ORIENTED_EDGE('',*,*,#7185,.T.);
#7207 = ORIENTED_EDGE('',*,*,#7208,.T.);
#7208 = EDGE_CURVE('',#7178,#7209,#7211,.T.);
#7209 = VERTEX_POINT('',#7210);
#7210 = CARTESIAN_POINT('',(24.759,250.,83.978));
#7211 = LINE('',#7212,#7213);
#7212 = CARTESIAN_POINT('',(25.55,250.,83.187));
#7213 = VECTOR('',#7214,1.);
#7214 = DIRECTION('',(-0.707106781187,0.,0.707106781187));
#7215 = ORIENTED_EDGE('',*,*,#7216,.F.);
#7216 = EDGE_CURVE('',#7217,#7209,#7219,.T.);
#7217 = VERTEX_POINT('',#7218);
#7218 = CARTESIAN_POINT('',(24.759,0.,83.978));
#7219 = LINE('',#7220,#7221);
#7220 = CARTESIAN_POINT('',(24.759,0.,83.978));
#7221 = VECTOR('',#7222,1.);
#7222 = DIRECTION('',(0.,1.,0.));
#7223 = ORIENTED_EDGE('',*,*,#7224,.F.);
#7224 = EDGE_CURVE('',#7186,#7217,#7225,.T.);
#7225 = LINE('',#7226,#7227);
#7226 = CARTESIAN_POINT('',(25.55,0.,83.187));
#7227 = VECTOR('',#7228,1.);
#7228 = DIRECTION('',(-0.707106781187,0.,0.707106781187));
#7229 = PLANE('',#7230);
#7230 = AXIS2_PLACEMENT_3D('',#7231,#7232,#7233);
#7231 = CARTESIAN_POINT('',(25.55,0.,83.187));
#7232 = DIRECTION('',(0.707106781187,-0.,0.707106781187));
#7233 = DIRECTION('',(-0.707106781187,0.,0.707106781187));
#7234 = ADVANCED_FACE('',(#7235),#7260,.T.);
#7235 = FACE_BOUND('',#7236,.T.);
#7236 = EDGE_LOOP('',(#7237,#7238,#7246,#7254));
#7237 = ORIENTED_EDGE('',*,*,#7216,.T.);
#7238 = ORIENTED_EDGE('',*,*,#7239,.T.);
#7239 = EDGE_CURVE('',#7209,#7240,#7242,.T.);
#7240 = VERTEX_POINT('',#7241);
#7241 = CARTESIAN_POINT('',(24.759,250.,84.402));
#7242 = LINE('',#7243,#7244);
#7243 = CARTESIAN_POINT('',(24.759,250.,83.978));
#7244 = VECTOR('',#7245,1.);
#7245 = DIRECTION('',(0.,0.,1.));
#7246 = ORIENTED_EDGE('',*,*,#7247,.F.);
#7247 = EDGE_CURVE('',#7248,#7240,#7250,.T.);
#7248 = VERTEX_POINT('',#7249);
#7249 = CARTESIAN_POINT('',(24.759,0.,84.402));
#7250 = LINE('',#7251,#7252);
#7251 = CARTESIAN_POINT('',(24.759,0.,84.402));
#7252 = VECTOR('',#7253,1.);
#7253 = DIRECTION('',(0.,1.,0.));
#7254 = ORIENTED_EDGE('',*,*,#7255,.F.);
#7255 = EDGE_CURVE('',#7217,#7248,#7256,.T.);
#7256 = LINE('',#7257,#7258);
#7257 = CARTESIAN_POINT('',(24.759,0.,83.978));
#7258 = VECTOR('',#7259,1.);
#7259 = DIRECTION('',(0.,0.,1.));
#7260 = PLANE('',#7261);
#7261 = AXIS2_PLACEMENT_3D('',#7262,#7263,#7264);
#7262 = CARTESIAN_POINT('',(24.759,0.,83.978));
#7263 = DIRECTION('',(1.,0.,0.));
#7264 = DIRECTION('',(0.,0.,1.));
#7265 = ADVANCED_FACE('',(#7266),#7291,.T.);
#7266 = FACE_BOUND('',#7267,.T.);
#7267 = EDGE_LOOP('',(#7268,#7269,#7277,#7285));
#7268 = ORIENTED_EDGE('',*,*,#7247,.T.);
#7269 = ORIENTED_EDGE('',*,*,#7270,.T.);
#7270 = EDGE_CURVE('',#7240,#7271,#7273,.T.);
#7271 = VERTEX_POINT('',#7272);
#7272 = CARTESIAN_POINT('',(26.598,250.,86.241));
#7273 = LINE('',#7274,#7275);
#7274 = CARTESIAN_POINT('',(24.759,250.,84.402));
#7275 = VECTOR('',#7276,1.);
#7276 = DIRECTION('',(0.707106781187,0.,0.707106781187));
#7277 = ORIENTED_EDGE('',*,*,#7278,.F.);
#7278 = EDGE_CURVE('',#7279,#7271,#7281,.T.);
#7279 = VERTEX_POINT('',#7280);
#7280 = CARTESIAN_POINT('',(26.598,0.,86.241));
#7281 = LINE('',#7282,#7283);
#7282 = CARTESIAN_POINT('',(26.598,0.,86.241));
#7283 = VECTOR('',#7284,1.);
#7284 = DIRECTION('',(0.,1.,0.));
#7285 = ORIENTED_EDGE('',*,*,#7286,.F.);
#7286 = EDGE_CURVE('',#7248,#7279,#7287,.T.);
#7287 = LINE('',#7288,#7289);
#7288 = CARTESIAN_POINT('',(24.759,0.,84.402));
#7289 = VECTOR('',#7290,1.);
#7290 = DIRECTION('',(0.707106781187,0.,0.707106781187));
#7291 = PLANE('',#7292);
#7292 = AXIS2_PLACEMENT_3D('',#7293,#7294,#7295);
#7293 = CARTESIAN_POINT('',(24.759,0.,84.402));
#7294 = DIRECTION('',(0.707106781187,0.,-0.707106781187));
#7295 = DIRECTION('',(0.707106781187,0.,0.707106781187));
#7296 = ADVANCED_FACE('',(#7297),#7322,.T.);
#7297 = FACE_BOUND('',#7298,.T.);
#7298 = EDGE_LOOP('',(#7299,#7300,#7308,#7316));
#7299 = ORIENTED_EDGE('',*,*,#7278,.T.);
#7300 = ORIENTED_EDGE('',*,*,#7301,.T.);
#7301 = EDGE_CURVE('',#7271,#7302,#7304,.T.);
#7302 = VERTEX_POINT('',#7303);
#7303 = CARTESIAN_POINT('',(27.022,250.,86.241));
#7304 = LINE('',#7305,#7306);
#7305 = CARTESIAN_POINT('',(26.598,250.,86.241));
#7306 = VECTOR('',#7307,1.);
#7307 = DIRECTION('',(1.,0.,0.));
#7308 = ORIENTED_EDGE('',*,*,#7309,.F.);
#7309 = EDGE_CURVE('',#7310,#7302,#7312,.T.);
#7310 = VERTEX_POINT('',#7311);
#7311 = CARTESIAN_POINT('',(27.022,0.,86.241));
#7312 = LINE('',#7313,#7314);
#7313 = CARTESIAN_POINT('',(27.022,0.,86.241));
#7314 = VECTOR('',#7315,1.);
#7315 = DIRECTION('',(0.,1.,0.));
#7316 = ORIENTED_EDGE('',*,*,#7317,.F.);
#7317 = EDGE_CURVE('',#7279,#7310,#7318,.T.);
#7318 = LINE('',#7319,#7320);
#7319 = CARTESIAN_POINT('',(26.598,0.,86.241));
#7320 = VECTOR('',#7321,1.);
#7321 = DIRECTION('',(1.,0.,0.));
#7322 = PLANE('',#7323);
#7323 = AXIS2_PLACEMENT_3D('',#7324,#7325,#7326);
#7324 = CARTESIAN_POINT('',(26.598,0.,86.241));
#7325 = DIRECTION('',(0.,0.,-1.));
#7326 = DIRECTION('',(1.,0.,0.));
#7327 = ADVANCED_FACE('',(#7328),#7353,.T.);
#7328 = FACE_BOUND('',#7329,.T.);
#7329 = EDGE_LOOP('',(#7330,#7331,#7339,#7347));
#7330 = ORIENTED_EDGE('',*,*,#7309,.T.);
#7331 = ORIENTED_EDGE('',*,*,#7332,.T.);
#7332 = EDGE_CURVE('',#7302,#7333,#7335,.T.);
#7333 = VERTEX_POINT('',#7334);
#7334 = CARTESIAN_POINT('',(27.813,250.,85.45));
#7335 = LINE('',#7336,#7337);
#7336 = CARTESIAN_POINT('',(27.022,250.,86.241));
#7337 = VECTOR('',#7338,1.);
#7338 = DIRECTION('',(0.707106781187,0.,-0.707106781187));
#7339 = ORIENTED_EDGE('',*,*,#7340,.F.);
#7340 = EDGE_CURVE('',#7341,#7333,#7343,.T.);
#7341 = VERTEX_POINT('',#7342);
#7342 = CARTESIAN_POINT('',(27.813,0.,85.45));
#7343 = LINE('',#7344,#7345);
#7344 = CARTESIAN_POINT('',(27.813,0.,85.45));
#7345 = VECTOR('',#7346,1.);
#7346 = DIRECTION('',(0.,1.,0.));
#7347 = ORIENTED_EDGE('',*,*,#7348,.F.);
#7348 = EDGE_CURVE('',#7310,#7341,#7349,.T.);
#7349 = LINE('',#7350,#7351);
#7350 = CARTESIAN_POINT('',(27.022,0.,86.241));
#7351 = VECTOR('',#7352,1.);
#7352 = DIRECTION('',(0.707106781187,0.,-0.707106781187));
#7353 = PLANE('',#7354);
#7354 = AXIS2_PLACEMENT_3D('',#7355,#7356,#7357);
#7355 = CARTESIAN_POINT('',(27.022,0.,86.241));
#7356 = DIRECTION('',(-0.707106781187,0.,-0.707106781187));
#7357 = DIRECTION('',(0.707106781187,0.,-0.707106781187));
#7358 = ADVANCED_FACE('',(#7359),#7384,.T.);
#7359 = FACE_BOUND('',#7360,.T.);
#7360 = EDGE_LOOP('',(#7361,#7362,#7370,#7378));
#7361 = ORIENTED_EDGE('',*,*,#7340,.T.);
#7362 = ORIENTED_EDGE('',*,*,#7363,.T.);
#7363 = EDGE_CURVE('',#7333,#7364,#7366,.T.);
#7364 = VERTEX_POINT('',#7365);
#7365 = CARTESIAN_POINT('',(28.297,250.,85.394));
#7366 = LINE('',#7367,#7368);
#7367 = CARTESIAN_POINT('',(27.813,250.,85.45));
#7368 = VECTOR('',#7369,1.);
#7369 = DIRECTION('',(0.993372932136,0.,-0.114935711156));
#7370 = ORIENTED_EDGE('',*,*,#7371,.F.);
#7371 = EDGE_CURVE('',#7372,#7364,#7374,.T.);
#7372 = VERTEX_POINT('',#7373);
#7373 = CARTESIAN_POINT('',(28.297,0.,85.394));
#7374 = LINE('',#7375,#7376);
#7375 = CARTESIAN_POINT('',(28.297,0.,85.394));
#7376 = VECTOR('',#7377,1.);
#7377 = DIRECTION('',(0.,1.,0.));
#7378 = ORIENTED_EDGE('',*,*,#7379,.F.);
#7379 = EDGE_CURVE('',#7341,#7372,#7380,.T.);
#7380 = LINE('',#7381,#7382);
#7381 = CARTESIAN_POINT('',(27.813,0.,85.45));
#7382 = VECTOR('',#7383,1.);
#7383 = DIRECTION('',(0.993372932136,0.,-0.114935711156));
#7384 = PLANE('',#7385);
#7385 = AXIS2_PLACEMENT_3D('',#7386,#7387,#7388);
#7386 = CARTESIAN_POINT('',(27.813,0.,85.45));
#7387 = DIRECTION('',(-0.114935711156,0.,-0.993372932136));
#7388 = DIRECTION('',(0.993372932136,0.,-0.114935711156));
#7389 = ADVANCED_FACE('',(#7390),#7415,.T.);
#7390 = FACE_BOUND('',#7391,.T.);
#7391 = EDGE_LOOP('',(#7392,#7393,#7401,#7409));
#7392 = ORIENTED_EDGE('',*,*,#7371,.T.);
#7393 = ORIENTED_EDGE('',*,*,#7394,.T.);
#7394 = EDGE_CURVE('',#7364,#7395,#7397,.T.);
#7395 = VERTEX_POINT('',#7396);
#7396 = CARTESIAN_POINT('',(28.861,250.,85.958));
#7397 = LINE('',#7398,#7399);
#7398 = CARTESIAN_POINT('',(28.297,250.,85.394));
#7399 = VECTOR('',#7400,1.);
#7400 = DIRECTION('',(0.707106781187,0.,0.707106781187));
#7401 = ORIENTED_EDGE('',*,*,#7402,.F.);
#7402 = EDGE_CURVE('',#7403,#7395,#7405,.T.);
#7403 = VERTEX_POINT('',#7404);
#7404 = CARTESIAN_POINT('',(28.861,0.,85.958));
#7405 = LINE('',#7406,#7407);
#7406 = CARTESIAN_POINT('',(28.861,0.,85.958));
#7407 = VECTOR('',#7408,1.);
#7408 = DIRECTION('',(0.,1.,0.));
#7409 = ORIENTED_EDGE('',*,*,#7410,.F.);
#7410 = EDGE_CURVE('',#7372,#7403,#7411,.T.);
#7411 = LINE('',#7412,#7413);
#7412 = CARTESIAN_POINT('',(28.297,0.,85.394));
#7413 = VECTOR('',#7414,1.);
#7414 = DIRECTION('',(0.707106781187,0.,0.707106781187));
#7415 = PLANE('',#7416);
#7416 = AXIS2_PLACEMENT_3D('',#7417,#7418,#7419);
#7417 = CARTESIAN_POINT('',(28.297,0.,85.394));
#7418 = DIRECTION('',(0.707106781187,0.,-0.707106781187));
#7419 = DIRECTION('',(0.707106781187,0.,0.707106781187));
#7420 = ADVANCED_FACE('',(#7421),#7446,.T.);
#7421 = FACE_BOUND('',#7422,.T.);
#7422 = EDGE_LOOP('',(#7423,#7424,#7432,#7440));
#7423 = ORIENTED_EDGE('',*,*,#7402,.T.);
#7424 = ORIENTED_EDGE('',*,*,#7425,.T.);
#7425 = EDGE_CURVE('',#7395,#7426,#7428,.T.);
#7426 = VERTEX_POINT('',#7427);
#7427 = CARTESIAN_POINT('',(29.285,250.,85.958));
#7428 = LINE('',#7429,#7430);
#7429 = CARTESIAN_POINT('',(28.861,250.,85.958));
#7430 = VECTOR('',#7431,1.);
#7431 = DIRECTION('',(1.,0.,0.));
#7432 = ORIENTED_EDGE('',*,*,#7433,.F.);
#7433 = EDGE_CURVE('',#7434,#7426,#7436,.T.);
#7434 = VERTEX_POINT('',#7435);
#7435 = CARTESIAN_POINT('',(29.285,0.,85.958));
#7436 = LINE('',#7437,#7438);
#7437 = CARTESIAN_POINT('',(29.285,0.,85.958));
#7438 = VECTOR('',#7439,1.);
#7439 = DIRECTION('',(0.,1.,0.));
#7440 = ORIENTED_EDGE('',*,*,#7441,.F.);
#7441 = EDGE_CURVE('',#7403,#7434,#7442,.T.);
#7442 = LINE('',#7443,#7444);
#7443 = CARTESIAN_POINT('',(28.861,0.,85.958));
#7444 = VECTOR('',#7445,1.);
#7445 = DIRECTION('',(1.,0.,0.));
#7446 = PLANE('',#7447);
#7447 = AXIS2_PLACEMENT_3D('',#7448,#7449,#7450);
#7448 = CARTESIAN_POINT('',(28.861,0.,85.958));
#7449 = DIRECTION('',(0.,0.,-1.));
#7450 = DIRECTION('',(1.,0.,0.));
#7451 = ADVANCED_FACE('',(#7452),#7477,.T.);
#7452 = FACE_BOUND('',#7453,.T.);
#7453 = EDGE_LOOP('',(#7454,#7455,#7463,#7471));
#7454 = ORIENTED_EDGE('',*,*,#7433,.T.);
#7455 = ORIENTED_EDGE('',*,*,#7456,.T.);
#7456 = EDGE_CURVE('',#7426,#7457,#7459,.T.);
#7457 = VERTEX_POINT('',#7458);
#7458 = CARTESIAN_POINT('',(30.558,250.,84.685));
#7459 = LINE('',#7460,#7461);
#7460 = CARTESIAN_POINT('',(29.285,250.,85.958));
#7461 = VECTOR('',#7462,1.);
#7462 = DIRECTION('',(0.707106781187,0.,-0.707106781187));
#7463 = ORIENTED_EDGE('',*,*,#7464,.F.);
#7464 = EDGE_CURVE('',#7465,#7457,#7467,.T.);
#7465 = VERTEX_POINT('',#7466);
#7466 = CARTESIAN_POINT('',(30.558,0.,84.685));
#7467 = LINE('',#7468,#7469);
#7468 = CARTESIAN_POINT('',(30.558,0.,84.685));
#7469 = VECTOR('',#7470,1.);
#7470 = DIRECTION('',(0.,1.,0.));
#7471 = ORIENTED_EDGE('',*,*,#7472,.F.);
#7472 = EDGE_CURVE('',#7434,#7465,#7473,.T.);
#7473 = LINE('',#7474,#7475);
#7474 = CARTESIAN_POINT('',(29.285,0.,85.958));
#7475 = VECTOR('',#7476,1.);
#7476 = DIRECTION('',(0.707106781187,0.,-0.707106781187));
#7477 = PLANE('',#7478);
#7478 = AXIS2_PLACEMENT_3D('',#7479,#7480,#7481);
#7479 = CARTESIAN_POINT('',(29.285,0.,85.958));
#7480 = DIRECTION('',(-0.707106781187,0.,-0.707106781187));
#7481 = DIRECTION('',(0.707106781187,0.,-0.707106781187));
#7482 = ADVANCED_FACE('',(#7483),#7508,.T.);
#7483 = FACE_BOUND('',#7484,.T.);
#7484 = EDGE_LOOP('',(#7485,#7486,#7494,#7502));
#7485 = ORIENTED_EDGE('',*,*,#7464,.T.);
#7486 = ORIENTED_EDGE('',*,*,#7487,.T.);
#7487 = EDGE_CURVE('',#7457,#7488,#7490,.T.);
#7488 = VERTEX_POINT('',#7489);
#7489 = CARTESIAN_POINT('',(30.558,250.,84.261));
#7490 = LINE('',#7491,#7492);
#7491 = CARTESIAN_POINT('',(30.558,250.,84.685));
#7492 = VECTOR('',#7493,1.);
#7493 = DIRECTION('',(0.,0.,-1.));
#7494 = ORIENTED_EDGE('',*,*,#7495,.F.);
#7495 = EDGE_CURVE('',#7496,#7488,#7498,.T.);
#7496 = VERTEX_POINT('',#7497);
#7497 = CARTESIAN_POINT('',(30.558,0.,84.261));
#7498 = LINE('',#7499,#7500);
#7499 = CARTESIAN_POINT('',(30.558,0.,84.261));
#7500 = VECTOR('',#7501,1.);
#7501 = DIRECTION('',(0.,1.,0.));
#7502 = ORIENTED_EDGE('',*,*,#7503,.F.);
#7503 = EDGE_CURVE('',#7465,#7496,#7504,.T.);
#7504 = LINE('',#7505,#7506);
#7505 = CARTESIAN_POINT('',(30.558,0.,84.685));
#7506 = VECTOR('',#7507,1.);
#7507 = DIRECTION('',(0.,0.,-1.));
#7508 = PLANE('',#7509);
#7509 = AXIS2_PLACEMENT_3D('',#7510,#7511,#7512);
#7510 = CARTESIAN_POINT('',(30.558,0.,84.685));
#7511 = DIRECTION('',(-1.,0.,0.));
#7512 = DIRECTION('',(0.,0.,-1.));
#7513 = ADVANCED_FACE('',(#7514),#7539,.T.);
#7514 = FACE_BOUND('',#7515,.T.);
#7515 = EDGE_LOOP('',(#7516,#7517,#7525,#7533));
#7516 = ORIENTED_EDGE('',*,*,#7495,.T.);
#7517 = ORIENTED_EDGE('',*,*,#7518,.T.);
#7518 = EDGE_CURVE('',#7488,#7519,#7521,.T.);
#7519 = VERTEX_POINT('',#7520);
#7520 = CARTESIAN_POINT('',(29.994,250.,83.697));
#7521 = LINE('',#7522,#7523);
#7522 = CARTESIAN_POINT('',(30.558,250.,84.261));
#7523 = VECTOR('',#7524,1.);
#7524 = DIRECTION('',(-0.707106781187,0.,-0.707106781187));
#7525 = ORIENTED_EDGE('',*,*,#7526,.F.);
#7526 = EDGE_CURVE('',#7527,#7519,#7529,.T.);
#7527 = VERTEX_POINT('',#7528);
#7528 = CARTESIAN_POINT('',(29.994,0.,83.697));
#7529 = LINE('',#7530,#7531);
#7530 = CARTESIAN_POINT('',(29.994,0.,83.697));
#7531 = VECTOR('',#7532,1.);
#7532 = DIRECTION('',(0.,1.,0.));
#7533 = ORIENTED_EDGE('',*,*,#7534,.F.);
#7534 = EDGE_CURVE('',#7496,#7527,#7535,.T.);
#7535 = LINE('',#7536,#7537);
#7536 = CARTESIAN_POINT('',(30.558,0.,84.261));
#7537 = VECTOR('',#7538,1.);
#7538 = DIRECTION('',(-0.707106781187,0.,-0.707106781187));
#7539 = PLANE('',#7540);
#7540 = AXIS2_PLACEMENT_3D('',#7541,#7542,#7543);
#7541 = CARTESIAN_POINT('',(30.558,0.,84.261));
#7542 = DIRECTION('',(-0.707106781187,0.,0.707106781187));
#7543 = DIRECTION('',(-0.707106781187,0.,-0.707106781187));
#7544 = ADVANCED_FACE('',(#7545),#7570,.T.);
#7545 = FACE_BOUND('',#7546,.T.);
#7546 = EDGE_LOOP('',(#7547,#7548,#7556,#7564));
#7547 = ORIENTED_EDGE('',*,*,#7526,.T.);
#7548 = ORIENTED_EDGE('',*,*,#7549,.T.);
#7549 = EDGE_CURVE('',#7519,#7550,#7552,.T.);
#7550 = VERTEX_POINT('',#7551);
#7551 = CARTESIAN_POINT('',(30.05,250.,83.213));
#7552 = LINE('',#7553,#7554);
#7553 = CARTESIAN_POINT('',(29.994,250.,83.697));
#7554 = VECTOR('',#7555,1.);
#7555 = DIRECTION('',(0.114935711156,0.,-0.993372932136));
#7556 = ORIENTED_EDGE('',*,*,#7557,.F.);
#7557 = EDGE_CURVE('',#7558,#7550,#7560,.T.);
#7558 = VERTEX_POINT('',#7559);
#7559 = CARTESIAN_POINT('',(30.05,0.,83.213));
#7560 = LINE('',#7561,#7562);
#7561 = CARTESIAN_POINT('',(30.05,0.,83.213));
#7562 = VECTOR('',#7563,1.);
#7563 = DIRECTION('',(0.,1.,0.));
#7564 = ORIENTED_EDGE('',*,*,#7565,.F.);
#7565 = EDGE_CURVE('',#7527,#7558,#7566,.T.);
#7566 = LINE('',#7567,#7568);
#7567 = CARTESIAN_POINT('',(29.994,0.,83.697));
#7568 = VECTOR('',#7569,1.);
#7569 = DIRECTION('',(0.114935711156,0.,-0.993372932136));
#7570 = PLANE('',#7571);
#7571 = AXIS2_PLACEMENT_3D('',#7572,#7573,#7574);
#7572 = CARTESIAN_POINT('',(29.994,0.,83.697));
#7573 = DIRECTION('',(-0.993372932136,0.,-0.114935711156));
#7574 = DIRECTION('',(0.114935711156,0.,-0.993372932136));
#7575 = ADVANCED_FACE('',(#7576),#7601,.T.);
#7576 = FACE_BOUND('',#7577,.T.);
#7577 = EDGE_LOOP('',(#7578,#7579,#7587,#7595));
#7578 = ORIENTED_EDGE('',*,*,#7557,.T.);
#7579 = ORIENTED_EDGE('',*,*,#7580,.T.);
#7580 = EDGE_CURVE('',#7550,#7581,#7583,.T.);
#7581 = VERTEX_POINT('',#7582);
#7582 = CARTESIAN_POINT('',(30.699,250.,82.564));
#7583 = LINE('',#7584,#7585);
#7584 = CARTESIAN_POINT('',(30.05,250.,83.213));
#7585 = VECTOR('',#7586,1.);
#7586 = DIRECTION('',(0.707106781187,0.,-0.707106781187));
#7587 = ORIENTED_EDGE('',*,*,#7588,.F.);
#7588 = EDGE_CURVE('',#7589,#7581,#7591,.T.);
#7589 = VERTEX_POINT('',#7590);
#7590 = CARTESIAN_POINT('',(30.699,0.,82.564));
#7591 = LINE('',#7592,#7593);
#7592 = CARTESIAN_POINT('',(30.699,0.,82.564));
#7593 = VECTOR('',#7594,1.);
#7594 = DIRECTION('',(0.,1.,0.));
#7595 = ORIENTED_EDGE('',*,*,#7596,.F.);
#7596 = EDGE_CURVE('',#7558,#7589,#7597,.T.);
#7597 = LINE('',#7598,#7599);
#7598 = CARTESIAN_POINT('',(30.05,0.,83.213));
#7599 = VECTOR('',#7600,1.);
#7600 = DIRECTION('',(0.707106781187,0.,-0.707106781187));
#7601 = PLANE('',#7602);
#7602 = AXIS2_PLACEMENT_3D('',#7603,#7604,#7605);
#7603 = CARTESIAN_POINT('',(30.05,0.,83.213));
#7604 = DIRECTION('',(-0.707106781187,0.,-0.707106781187));
#7605 = DIRECTION('',(0.707106781187,0.,-0.707106781187));
#7606 = ADVANCED_FACE('',(#7607),#7632,.T.);
#7607 = FACE_BOUND('',#7608,.T.);
#7608 = EDGE_LOOP('',(#7609,#7610,#7618,#7626));
#7609 = ORIENTED_EDGE('',*,*,#7588,.T.);
#7610 = ORIENTED_EDGE('',*,*,#7611,.T.);
#7611 = EDGE_CURVE('',#7581,#7612,#7614,.T.);
#7612 = VERTEX_POINT('',#7613);
#7613 = CARTESIAN_POINT('',(31.406,250.,82.564));
#7614 = LINE('',#7615,#7616);
#7615 = CARTESIAN_POINT('',(30.699,250.,82.564));
#7616 = VECTOR('',#7617,1.);
#7617 = DIRECTION('',(1.,0.,0.));
#7618 = ORIENTED_EDGE('',*,*,#7619,.F.);
#7619 = EDGE_CURVE('',#7620,#7612,#7622,.T.);
#7620 = VERTEX_POINT('',#7621);
#7621 = CARTESIAN_POINT('',(31.406,0.,82.564));
#7622 = LINE('',#7623,#7624);
#7623 = CARTESIAN_POINT('',(31.406,0.,82.564));
#7624 = VECTOR('',#7625,1.);
#7625 = DIRECTION('',(0.,1.,0.));
#7626 = ORIENTED_EDGE('',*,*,#7627,.F.);
#7627 = EDGE_CURVE('',#7589,#7620,#7628,.T.);
#7628 = LINE('',#7629,#7630);
#7629 = CARTESIAN_POINT('',(30.699,0.,82.564));
#7630 = VECTOR('',#7631,1.);
#7631 = DIRECTION('',(1.,0.,0.));
#7632 = PLANE('',#7633);
#7633 = AXIS2_PLACEMENT_3D('',#7634,#7635,#7636);
#7634 = CARTESIAN_POINT('',(30.699,0.,82.564));
#7635 = DIRECTION('',(0.,0.,-1.));
#7636 = DIRECTION('',(1.,0.,0.));
#7637 = ADVANCED_FACE('',(#7638),#7663,.T.);
#7638 = FACE_BOUND('',#7639,.T.);
#7639 = EDGE_LOOP('',(#7640,#7641,#7649,#7657));
#7640 = ORIENTED_EDGE('',*,*,#7619,.T.);
#7641 = ORIENTED_EDGE('',*,*,#7642,.T.);
#7642 = EDGE_CURVE('',#7612,#7643,#7645,.T.);
#7643 = VERTEX_POINT('',#7644);
#7644 = CARTESIAN_POINT('',(32.043,250.,83.2));
#7645 = LINE('',#7646,#7647);
#7646 = CARTESIAN_POINT('',(31.406,250.,82.564));
#7647 = VECTOR('',#7648,1.);
#7648 = DIRECTION('',(0.707662027715,0.,0.706551098315));
#7649 = ORIENTED_EDGE('',*,*,#7650,.F.);
#7650 = EDGE_CURVE('',#7651,#7643,#7653,.T.);
#7651 = VERTEX_POINT('',#7652);
#7652 = CARTESIAN_POINT('',(32.043,0.,83.2));
#7653 = LINE('',#7654,#7655);
#7654 = CARTESIAN_POINT('',(32.043,0.,83.2));
#7655 = VECTOR('',#7656,1.);
#7656 = DIRECTION('',(0.,1.,0.));
#7657 = ORIENTED_EDGE('',*,*,#7658,.F.);
#7658 = EDGE_CURVE('',#7620,#7651,#7659,.T.);
#7659 = LINE('',#7660,#7661);
#7660 = CARTESIAN_POINT('',(31.406,0.,82.564));
#7661 = VECTOR('',#7662,1.);
#7662 = DIRECTION('',(0.707662027715,0.,0.706551098315));
#7663 = PLANE('',#7664);
#7664 = AXIS2_PLACEMENT_3D('',#7665,#7666,#7667);
#7665 = CARTESIAN_POINT('',(31.406,0.,82.564));
#7666 = DIRECTION('',(0.706551098315,0.,-0.707662027715));
#7667 = DIRECTION('',(0.707662027715,0.,0.706551098315));
#7668 = ADVANCED_FACE('',(#7669),#7694,.T.);
#7669 = FACE_BOUND('',#7670,.T.);
#7670 = EDGE_LOOP('',(#7671,#7672,#7680,#7688));
#7671 = ORIENTED_EDGE('',*,*,#7650,.T.);
#7672 = ORIENTED_EDGE('',*,*,#7673,.T.);
#7673 = EDGE_CURVE('',#7643,#7674,#7676,.T.);
#7674 = VERTEX_POINT('',#7675);
#7675 = CARTESIAN_POINT('',(33.3,250.,83.2));
#7676 = LINE('',#7677,#7678);
#7677 = CARTESIAN_POINT('',(32.043,250.,83.2));
#7678 = VECTOR('',#7679,1.);
#7679 = DIRECTION('',(1.,0.,0.));
#7680 = ORIENTED_EDGE('',*,*,#7681,.F.);
#7681 = EDGE_CURVE('',#7682,#7674,#7684,.T.);
#7682 = VERTEX_POINT('',#7683);
#7683 = CARTESIAN_POINT('',(33.3,0.,83.2));
#7684 = LINE('',#7685,#7686);
#7685 = CARTESIAN_POINT('',(33.3,0.,83.2));
#7686 = VECTOR('',#7687,1.);
#7687 = DIRECTION('',(0.,1.,0.));
#7688 = ORIENTED_EDGE('',*,*,#7689,.F.);
#7689 = EDGE_CURVE('',#7651,#7682,#7690,.T.);
#7690 = LINE('',#7691,#7692);
#7691 = CARTESIAN_POINT('',(32.043,0.,83.2));
#7692 = VECTOR('',#7693,1.);
#7693 = DIRECTION('',(1.,0.,0.));
#7694 = PLANE('',#7695);
#7695 = AXIS2_PLACEMENT_3D('',#7696,#7697,#7698);
#7696 = CARTESIAN_POINT('',(32.043,0.,83.2));
#7697 = DIRECTION('',(0.,0.,-1.));
#7698 = DIRECTION('',(1.,0.,0.));
#7699 = ADVANCED_FACE('',(#7700),#7725,.T.);
#7700 = FACE_BOUND('',#7701,.T.);
#7701 = EDGE_LOOP('',(#7702,#7703,#7711,#7719));
#7702 = ORIENTED_EDGE('',*,*,#7681,.T.);
#7703 = ORIENTED_EDGE('',*,*,#7704,.T.);
#7704 = EDGE_CURVE('',#7674,#7705,#7707,.T.);
#7705 = VERTEX_POINT('',#7706);
#7706 = CARTESIAN_POINT('',(34.3,250.,82.2));
#7707 = LINE('',#7708,#7709);
#7708 = CARTESIAN_POINT('',(33.3,250.,83.2));
#7709 = VECTOR('',#7710,1.);
#7710 = DIRECTION('',(0.707106781187,0.,-0.707106781187));
#7711 = ORIENTED_EDGE('',*,*,#7712,.F.);
#7712 = EDGE_CURVE('',#7713,#7705,#7715,.T.);
#7713 = VERTEX_POINT('',#7714);
#7714 = CARTESIAN_POINT('',(34.3,0.,82.2));
#7715 = LINE('',#7716,#7717);
#7716 = CARTESIAN_POINT('',(34.3,0.,82.2));
#7717 = VECTOR('',#7718,1.);
#7718 = DIRECTION('',(0.,1.,0.));
#7719 = ORIENTED_EDGE('',*,*,#7720,.F.);
#7720 = EDGE_CURVE('',#7682,#7713,#7721,.T.);
#7721 = LINE('',#7722,#7723);
#7722 = CARTESIAN_POINT('',(33.3,0.,83.2));
#7723 = VECTOR('',#7724,1.);
#7724 = DIRECTION('',(0.707106781187,0.,-0.707106781187));
#7725 = PLANE('',#7726);
#7726 = AXIS2_PLACEMENT_3D('',#7727,#7728,#7729);
#7727 = CARTESIAN_POINT('',(33.3,0.,83.2));
#7728 = DIRECTION('',(-0.707106781187,0.,-0.707106781187));
#7729 = DIRECTION('',(0.707106781187,0.,-0.707106781187));
#7730 = ADVANCED_FACE('',(#7731),#7756,.T.);
#7731 = FACE_BOUND('',#7732,.T.);
#7732 = EDGE_LOOP('',(#7733,#7734,#7742,#7750));
#7733 = ORIENTED_EDGE('',*,*,#7712,.T.);
#7734 = ORIENTED_EDGE('',*,*,#7735,.T.);
#7735 = EDGE_CURVE('',#7705,#7736,#7738,.T.);
#7736 = VERTEX_POINT('',#7737);
#7737 = CARTESIAN_POINT('',(34.3,250.,80.7));
#7738 = LINE('',#7739,#7740);
#7739 = CARTESIAN_POINT('',(34.3,250.,82.2));
#7740 = VECTOR('',#7741,1.);
#7741 = DIRECTION('',(0.,0.,-1.));
#7742 = ORIENTED_EDGE('',*,*,#7743,.F.);
#7743 = EDGE_CURVE('',#7744,#7736,#7746,.T.);
#7744 = VERTEX_POINT('',#7745);
#7745 = CARTESIAN_POINT('',(34.3,0.,80.7));
#7746 = LINE('',#7747,#7748);
#7747 = CARTESIAN_POINT('',(34.3,0.,80.7));
#7748 = VECTOR('',#7749,1.);
#7749 = DIRECTION('',(0.,1.,0.));
#7750 = ORIENTED_EDGE('',*,*,#7751,.F.);
#7751 = EDGE_CURVE('',#7713,#7744,#7752,.T.);
#7752 = LINE('',#7753,#7754);
#7753 = CARTESIAN_POINT('',(34.3,0.,82.2));
#7754 = VECTOR('',#7755,1.);
#7755 = DIRECTION('',(0.,0.,-1.));
#7756 = PLANE('',#7757);
#7757 = AXIS2_PLACEMENT_3D('',#7758,#7759,#7760);
#7758 = CARTESIAN_POINT('',(34.3,0.,82.2));
#7759 = DIRECTION('',(-1.,0.,0.));
#7760 = DIRECTION('',(0.,0.,-1.));
#7761 = ADVANCED_FACE('',(#7762),#7787,.T.);
#7762 = FACE_BOUND('',#7763,.T.);
#7763 = EDGE_LOOP('',(#7764,#7765,#7773,#7781));
#7764 = ORIENTED_EDGE('',*,*,#7743,.T.);
#7765 = ORIENTED_EDGE('',*,*,#7766,.T.);
#7766 = EDGE_CURVE('',#7736,#7767,#7769,.T.);
#7767 = VERTEX_POINT('',#7768);
#7768 = CARTESIAN_POINT('',(35.3,250.,79.7));
#7769 = LINE('',#7770,#7771);
#7770 = CARTESIAN_POINT('',(34.3,250.,80.7));
#7771 = VECTOR('',#7772,1.);
#7772 = DIRECTION('',(0.707106781187,0.,-0.707106781187));
#7773 = ORIENTED_EDGE('',*,*,#7774,.F.);
#7774 = EDGE_CURVE('',#7775,#7767,#7777,.T.);
#7775 = VERTEX_POINT('',#7776);
#7776 = CARTESIAN_POINT('',(35.3,0.,79.7));
#7777 = LINE('',#7778,#7779);
#7778 = CARTESIAN_POINT('',(35.3,0.,79.7));
#7779 = VECTOR('',#7780,1.);
#7780 = DIRECTION('',(0.,1.,0.));
#7781 = ORIENTED_EDGE('',*,*,#7782,.F.);
#7782 = EDGE_CURVE('',#7744,#7775,#7783,.T.);
#7783 = LINE('',#7784,#7785);
#7784 = CARTESIAN_POINT('',(34.3,0.,80.7));
#7785 = VECTOR('',#7786,1.);
#7786 = DIRECTION('',(0.707106781187,0.,-0.707106781187));
#7787 = PLANE('',#7788);
#7788 = AXIS2_PLACEMENT_3D('',#7789,#7790,#7791);
#7789 = CARTESIAN_POINT('',(34.3,0.,80.7));
#7790 = DIRECTION('',(-0.707106781187,0.,-0.707106781187));
#7791 = DIRECTION('',(0.707106781187,0.,-0.707106781187));
#7792 = ADVANCED_FACE('',(#7793),#7818,.T.);
#7793 = FACE_BOUND('',#7794,.T.);
#7794 = EDGE_LOOP('',(#7795,#7796,#7804,#7812));
#7795 = ORIENTED_EDGE('',*,*,#7774,.T.);
#7796 = ORIENTED_EDGE('',*,*,#7797,.T.);
#7797 = EDGE_CURVE('',#7767,#7798,#7800,.T.);
#7798 = VERTEX_POINT('',#7799);
#7799 = CARTESIAN_POINT('',(42.3,250.,79.7));
#7800 = LINE('',#7801,#7802);
#7801 = CARTESIAN_POINT('',(35.3,250.,79.7));
#7802 = VECTOR('',#7803,1.);
#7803 = DIRECTION('',(1.,0.,0.));
#7804 = ORIENTED_EDGE('',*,*,#7805,.F.);
#7805 = EDGE_CURVE('',#7806,#7798,#7808,.T.);
#7806 = VERTEX_POINT('',#7807);
#7807 = CARTESIAN_POINT('',(42.3,0.,79.7));
#7808 = LINE('',#7809,#7810);
#7809 = CARTESIAN_POINT('',(42.3,0.,79.7));
#7810 = VECTOR('',#7811,1.);
#7811 = DIRECTION('',(0.,1.,0.));
#7812 = ORIENTED_EDGE('',*,*,#7813,.F.);
#7813 = EDGE_CURVE('',#7775,#7806,#7814,.T.);
#7814 = LINE('',#7815,#7816);
#7815 = CARTESIAN_POINT('',(35.3,0.,79.7));
#7816 = VECTOR('',#7817,1.);
#7817 = DIRECTION('',(1.,0.,0.));
#7818 = PLANE('',#7819);
#7819 = AXIS2_PLACEMENT_3D('',#7820,#7821,#7822);
#7820 = CARTESIAN_POINT('',(35.3,0.,79.7));
#7821 = DIRECTION('',(0.,0.,-1.));
#7822 = DIRECTION('',(1.,0.,0.));
#7823 = ADVANCED_FACE('',(#7824),#7849,.T.);
#7824 = FACE_BOUND('',#7825,.T.);
#7825 = EDGE_LOOP('',(#7826,#7827,#7835,#7843));
#7826 = ORIENTED_EDGE('',*,*,#7805,.T.);
#7827 = ORIENTED_EDGE('',*,*,#7828,.T.);
#7828 = EDGE_CURVE('',#7798,#7829,#7831,.T.);
#7829 = VERTEX_POINT('',#7830);
#7830 = CARTESIAN_POINT('',(43.3,250.,80.7));
#7831 = LINE('',#7832,#7833);
#7832 = CARTESIAN_POINT('',(42.3,250.,79.7));
#7833 = VECTOR('',#7834,1.);
#7834 = DIRECTION('',(0.707106781187,0.,0.707106781187));
#7835 = ORIENTED_EDGE('',*,*,#7836,.F.);
#7836 = EDGE_CURVE('',#7837,#7829,#7839,.T.);
#7837 = VERTEX_POINT('',#7838);
#7838 = CARTESIAN_POINT('',(43.3,0.,80.7));
#7839 = LINE('',#7840,#7841);
#7840 = CARTESIAN_POINT('',(43.3,0.,80.7));
#7841 = VECTOR('',#7842,1.);
#7842 = DIRECTION('',(0.,1.,0.));
#7843 = ORIENTED_EDGE('',*,*,#7844,.F.);
#7844 = EDGE_CURVE('',#7806,#7837,#7845,.T.);
#7845 = LINE('',#7846,#7847);
#7846 = CARTESIAN_POINT('',(42.3,0.,79.7));
#7847 = VECTOR('',#7848,1.);
#7848 = DIRECTION('',(0.707106781187,0.,0.707106781187));
#7849 = PLANE('',#7850);
#7850 = AXIS2_PLACEMENT_3D('',#7851,#7852,#7853);
#7851 = CARTESIAN_POINT('',(42.3,0.,79.7));
#7852 = DIRECTION('',(0.707106781187,0.,-0.707106781187));
#7853 = DIRECTION('',(0.707106781187,0.,0.707106781187));
#7854 = ADVANCED_FACE('',(#7855),#7880,.T.);
#7855 = FACE_BOUND('',#7856,.T.);
#7856 = EDGE_LOOP('',(#7857,#7858,#7866,#7874));
#7857 = ORIENTED_EDGE('',*,*,#7836,.T.);
#7858 = ORIENTED_EDGE('',*,*,#7859,.T.);
#7859 = EDGE_CURVE('',#7829,#7860,#7862,.T.);
#7860 = VERTEX_POINT('',#7861);
#7861 = CARTESIAN_POINT('',(43.3,250.,85.1));
#7862 = LINE('',#7863,#7864);
#7863 = CARTESIAN_POINT('',(43.3,250.,80.7));
#7864 = VECTOR('',#7865,1.);
#7865 = DIRECTION('',(0.,0.,1.));
#7866 = ORIENTED_EDGE('',*,*,#7867,.F.);
#7867 = EDGE_CURVE('',#7868,#7860,#7870,.T.);
#7868 = VERTEX_POINT('',#7869);
#7869 = CARTESIAN_POINT('',(43.3,0.,85.1));
#7870 = LINE('',#7871,#7872);
#7871 = CARTESIAN_POINT('',(43.3,0.,85.1));
#7872 = VECTOR('',#7873,1.);
#7873 = DIRECTION('',(0.,1.,0.));
#7874 = ORIENTED_EDGE('',*,*,#7875,.F.);
#7875 = EDGE_CURVE('',#7837,#7868,#7876,.T.);
#7876 = LINE('',#7877,#7878);
#7877 = CARTESIAN_POINT('',(43.3,0.,80.7));
#7878 = VECTOR('',#7879,1.);
#7879 = DIRECTION('',(0.,0.,1.));
#7880 = PLANE('',#7881);
#7881 = AXIS2_PLACEMENT_3D('',#7882,#7883,#7884);
#7882 = CARTESIAN_POINT('',(43.3,0.,80.7));
#7883 = DIRECTION('',(1.,0.,0.));
#7884 = DIRECTION('',(0.,0.,1.));
#7885 = ADVANCED_FACE('',(#7886),#7911,.T.);
#7886 = FACE_BOUND('',#7887,.T.);
#7887 = EDGE_LOOP('',(#7888,#7889,#7897,#7905));
#7888 = ORIENTED_EDGE('',*,*,#7867,.T.);
#7889 = ORIENTED_EDGE('',*,*,#7890,.T.);
#7890 = EDGE_CURVE('',#7860,#7891,#7893,.T.);
#7891 = VERTEX_POINT('',#7892);
#7892 = CARTESIAN_POINT('',(43.2,250.,85.2));
#7893 = LINE('',#7894,#7895);
#7894 = CARTESIAN_POINT('',(43.3,250.,85.1));
#7895 = VECTOR('',#7896,1.);
#7896 = DIRECTION('',(-0.707106781187,0.,0.707106781187));
#7897 = ORIENTED_EDGE('',*,*,#7898,.F.);
#7898 = EDGE_CURVE('',#7899,#7891,#7901,.T.);
#7899 = VERTEX_POINT('',#7900);
#7900 = CARTESIAN_POINT('',(43.2,0.,85.2));
#7901 = LINE('',#7902,#7903);
#7902 = CARTESIAN_POINT('',(43.2,0.,85.2));
#7903 = VECTOR('',#7904,1.);
#7904 = DIRECTION('',(0.,1.,0.));
#7905 = ORIENTED_EDGE('',*,*,#7906,.F.);
#7906 = EDGE_CURVE('',#7868,#7899,#7907,.T.);
#7907 = LINE('',#7908,#7909);
#7908 = CARTESIAN_POINT('',(43.3,0.,85.1));
#7909 = VECTOR('',#7910,1.);
#7910 = DIRECTION('',(-0.707106781187,0.,0.707106781187));
#7911 = PLANE('',#7912);
#7912 = AXIS2_PLACEMENT_3D('',#7913,#7914,#7915);
#7913 = CARTESIAN_POINT('',(43.3,0.,85.1));
#7914 = DIRECTION('',(0.707106781187,-0.,0.707106781187));
#7915 = DIRECTION('',(-0.707106781187,0.,0.707106781187));
#7916 = ADVANCED_FACE('',(#7917),#7942,.T.);
#7917 = FACE_BOUND('',#7918,.T.);
#7918 = EDGE_LOOP('',(#7919,#7920,#7928,#7936));
#7919 = ORIENTED_EDGE('',*,*,#7898,.T.);
#7920 = ORIENTED_EDGE('',*,*,#7921,.T.);
#7921 = EDGE_CURVE('',#7891,#7922,#7924,.T.);
#7922 = VERTEX_POINT('',#7923);
#7923 = CARTESIAN_POINT('',(40.7,250.,85.2));
#7924 = LINE('',#7925,#7926);
#7925 = CARTESIAN_POINT('',(43.2,250.,85.2));
#7926 = VECTOR('',#7927,1.);
#7927 = DIRECTION('',(-1.,0.,0.));
#7928 = ORIENTED_EDGE('',*,*,#7929,.F.);
#7929 = EDGE_CURVE('',#7930,#7922,#7932,.T.);
#7930 = VERTEX_POINT('',#7931);
#7931 = CARTESIAN_POINT('',(40.7,0.,85.2));
#7932 = LINE('',#7933,#7934);
#7933 = CARTESIAN_POINT('',(40.7,0.,85.2));
#7934 = VECTOR('',#7935,1.);
#7935 = DIRECTION('',(0.,1.,0.));
#7936 = ORIENTED_EDGE('',*,*,#7937,.F.);
#7937 = EDGE_CURVE('',#7899,#7930,#7938,.T.);
#7938 = LINE('',#7939,#7940);
#7939 = CARTESIAN_POINT('',(43.2,0.,85.2));
#7940 = VECTOR('',#7941,1.);
#7941 = DIRECTION('',(-1.,0.,0.));
#7942 = PLANE('',#7943);
#7943 = AXIS2_PLACEMENT_3D('',#7944,#7945,#7946);
#7944 = CARTESIAN_POINT('',(43.2,0.,85.2));
#7945 = DIRECTION('',(0.,-0.,1.));
#7946 = DIRECTION('',(-1.,0.,0.));
#7947 = ADVANCED_FACE('',(#7948),#7973,.T.);
#7948 = FACE_BOUND('',#7949,.T.);
#7949 = EDGE_LOOP('',(#7950,#7951,#7959,#7967));
#7950 = ORIENTED_EDGE('',*,*,#7929,.T.);
#7951 = ORIENTED_EDGE('',*,*,#7952,.T.);
#7952 = EDGE_CURVE('',#7922,#7953,#7955,.T.);
#7953 = VERTEX_POINT('',#7954);
#7954 = CARTESIAN_POINT('',(40.4,250.,84.9));
#7955 = LINE('',#7956,#7957);
#7956 = CARTESIAN_POINT('',(40.7,250.,85.2));
#7957 = VECTOR('',#7958,1.);
#7958 = DIRECTION('',(-0.707106781187,0.,-0.707106781187));
#7959 = ORIENTED_EDGE('',*,*,#7960,.F.);
#7960 = EDGE_CURVE('',#7961,#7953,#7963,.T.);
#7961 = VERTEX_POINT('',#7962);
#7962 = CARTESIAN_POINT('',(40.4,0.,84.9));
#7963 = LINE('',#7964,#7965);
#7964 = CARTESIAN_POINT('',(40.4,0.,84.9));
#7965 = VECTOR('',#7966,1.);
#7966 = DIRECTION('',(0.,1.,0.));
#7967 = ORIENTED_EDGE('',*,*,#7968,.F.);
#7968 = EDGE_CURVE('',#7930,#7961,#7969,.T.);
#7969 = LINE('',#7970,#7971);
#7970 = CARTESIAN_POINT('',(40.7,0.,85.2));
#7971 = VECTOR('',#7972,1.);
#7972 = DIRECTION('',(-0.707106781187,0.,-0.707106781187));
#7973 = PLANE('',#7974);
#7974 = AXIS2_PLACEMENT_3D('',#7975,#7976,#7977);
#7975 = CARTESIAN_POINT('',(40.7,0.,85.2));
#7976 = DIRECTION('',(-0.707106781187,0.,0.707106781187));
#7977 = DIRECTION('',(-0.707106781187,0.,-0.707106781187));
#7978 = ADVANCED_FACE('',(#7979),#8004,.T.);
#7979 = FACE_BOUND('',#7980,.T.);
#7980 = EDGE_LOOP('',(#7981,#7982,#7990,#7998));
#7981 = ORIENTED_EDGE('',*,*,#7960,.T.);
#7982 = ORIENTED_EDGE('',*,*,#7983,.T.);
#7983 = EDGE_CURVE('',#7953,#7984,#7986,.T.);
#7984 = VERTEX_POINT('',#7985);
#7985 = CARTESIAN_POINT('',(40.4,250.,84.));
#7986 = LINE('',#7987,#7988);
#7987 = CARTESIAN_POINT('',(40.4,250.,84.9));
#7988 = VECTOR('',#7989,1.);
#7989 = DIRECTION('',(0.,0.,-1.));
#7990 = ORIENTED_EDGE('',*,*,#7991,.F.);
#7991 = EDGE_CURVE('',#7992,#7984,#7994,.T.);
#7992 = VERTEX_POINT('',#7993);
#7993 = CARTESIAN_POINT('',(40.4,0.,84.));
#7994 = LINE('',#7995,#7996);
#7995 = CARTESIAN_POINT('',(40.4,0.,84.));
#7996 = VECTOR('',#7997,1.);
#7997 = DIRECTION('',(0.,1.,0.));
#7998 = ORIENTED_EDGE('',*,*,#7999,.F.);
#7999 = EDGE_CURVE('',#7961,#7992,#8000,.T.);
#8000 = LINE('',#8001,#8002);
#8001 = CARTESIAN_POINT('',(40.4,0.,84.9));
#8002 = VECTOR('',#8003,1.);
#8003 = DIRECTION('',(0.,0.,-1.));
#8004 = PLANE('',#8005);
#8005 = AXIS2_PLACEMENT_3D('',#8006,#8007,#8008);
#8006 = CARTESIAN_POINT('',(40.4,0.,84.9));
#8007 = DIRECTION('',(-1.,0.,0.));
#8008 = DIRECTION('',(0.,0.,-1.));
#8009 = ADVANCED_FACE('',(#8010),#8035,.T.);
#8010 = FACE_BOUND('',#8011,.T.);
#8011 = EDGE_LOOP('',(#8012,#8013,#8021,#8029));
#8012 = ORIENTED_EDGE('',*,*,#7991,.T.);
#8013 = ORIENTED_EDGE('',*,*,#8014,.T.);
#8014 = EDGE_CURVE('',#7984,#8015,#8017,.T.);
#8015 = VERTEX_POINT('',#8016);
#8016 = CARTESIAN_POINT('',(40.7,250.,83.7));
#8017 = LINE('',#8018,#8019);
#8018 = CARTESIAN_POINT('',(40.4,250.,84.));
#8019 = VECTOR('',#8020,1.);
#8020 = DIRECTION('',(0.707106781187,0.,-0.707106781187));
#8021 = ORIENTED_EDGE('',*,*,#8022,.F.);
#8022 = EDGE_CURVE('',#8023,#8015,#8025,.T.);
#8023 = VERTEX_POINT('',#8024);
#8024 = CARTESIAN_POINT('',(40.7,0.,83.7));
#8025 = LINE('',#8026,#8027);
#8026 = CARTESIAN_POINT('',(40.7,0.,83.7));
#8027 = VECTOR('',#8028,1.);
#8028 = DIRECTION('',(0.,1.,0.));
#8029 = ORIENTED_EDGE('',*,*,#8030,.F.);
#8030 = EDGE_CURVE('',#7992,#8023,#8031,.T.);
#8031 = LINE('',#8032,#8033);
#8032 = CARTESIAN_POINT('',(40.4,0.,84.));
#8033 = VECTOR('',#8034,1.);
#8034 = DIRECTION('',(0.707106781187,0.,-0.707106781187));
#8035 = PLANE('',#8036);
#8036 = AXIS2_PLACEMENT_3D('',#8037,#8038,#8039);
#8037 = CARTESIAN_POINT('',(40.4,0.,84.));
#8038 = DIRECTION('',(-0.707106781187,0.,-0.707106781187));
#8039 = DIRECTION('',(0.707106781187,0.,-0.707106781187));
#8040 = ADVANCED_FACE('',(#8041),#8066,.T.);
#8041 = FACE_BOUND('',#8042,.T.);
#8042 = EDGE_LOOP('',(#8043,#8044,#8052,#8060));
#8043 = ORIENTED_EDGE('',*,*,#8022,.T.);
#8044 = ORIENTED_EDGE('',*,*,#8045,.T.);
#8045 = EDGE_CURVE('',#8015,#8046,#8048,.T.);
#8046 = VERTEX_POINT('',#8047);
#8047 = CARTESIAN_POINT('',(41.8,250.,83.7));
#8048 = LINE('',#8049,#8050);
#8049 = CARTESIAN_POINT('',(40.7,250.,83.7));
#8050 = VECTOR('',#8051,1.);
#8051 = DIRECTION('',(1.,0.,0.));
#8052 = ORIENTED_EDGE('',*,*,#8053,.F.);
#8053 = EDGE_CURVE('',#8054,#8046,#8056,.T.);
#8054 = VERTEX_POINT('',#8055);
#8055 = CARTESIAN_POINT('',(41.8,0.,83.7));
#8056 = LINE('',#8057,#8058);
#8057 = CARTESIAN_POINT('',(41.8,0.,83.7));
#8058 = VECTOR('',#8059,1.);
#8059 = DIRECTION('',(0.,1.,0.));
#8060 = ORIENTED_EDGE('',*,*,#8061,.F.);
#8061 = EDGE_CURVE('',#8023,#8054,#8062,.T.);
#8062 = LINE('',#8063,#8064);
#8063 = CARTESIAN_POINT('',(40.7,0.,83.7));
#8064 = VECTOR('',#8065,1.);
#8065 = DIRECTION('',(1.,0.,0.));
#8066 = PLANE('',#8067);
#8067 = AXIS2_PLACEMENT_3D('',#8068,#8069,#8070);
#8068 = CARTESIAN_POINT('',(40.7,0.,83.7));
#8069 = DIRECTION('',(0.,0.,-1.));
#8070 = DIRECTION('',(1.,0.,0.));
#8071 = ADVANCED_FACE('',(#8072),#8097,.T.);
#8072 = FACE_BOUND('',#8073,.T.);
#8073 = EDGE_LOOP('',(#8074,#8075,#8083,#8091));
#8074 = ORIENTED_EDGE('',*,*,#8053,.T.);
#8075 = ORIENTED_EDGE('',*,*,#8076,.T.);
#8076 = EDGE_CURVE('',#8046,#8077,#8079,.T.);
#8077 = VERTEX_POINT('',#8078);
#8078 = CARTESIAN_POINT('',(41.8,250.,81.7));
#8079 = LINE('',#8080,#8081);
#8080 = CARTESIAN_POINT('',(41.8,250.,83.7));
#8081 = VECTOR('',#8082,1.);
#8082 = DIRECTION('',(0.,0.,-1.));
#8083 = ORIENTED_EDGE('',*,*,#8084,.F.);
#8084 = EDGE_CURVE('',#8085,#8077,#8087,.T.);
#8085 = VERTEX_POINT('',#8086);
#8086 = CARTESIAN_POINT('',(41.8,0.,81.7));
#8087 = LINE('',#8088,#8089);
#8088 = CARTESIAN_POINT('',(41.8,0.,81.7));
#8089 = VECTOR('',#8090,1.);
#8090 = DIRECTION('',(0.,1.,0.));
#8091 = ORIENTED_EDGE('',*,*,#8092,.F.);
#8092 = EDGE_CURVE('',#8054,#8085,#8093,.T.);
#8093 = LINE('',#8094,#8095);
#8094 = CARTESIAN_POINT('',(41.8,0.,83.7));
#8095 = VECTOR('',#8096,1.);
#8096 = DIRECTION('',(0.,0.,-1.));
#8097 = PLANE('',#8098);
#8098 = AXIS2_PLACEMENT_3D('',#8099,#8100,#8101);
#8099 = CARTESIAN_POINT('',(41.8,0.,83.7));
#8100 = DIRECTION('',(-1.,0.,0.));
#8101 = DIRECTION('',(0.,0.,-1.));
#8102 = ADVANCED_FACE('',(#8103),#8128,.T.);
#8103 = FACE_BOUND('',#8104,.T.);
#8104 = EDGE_LOOP('',(#8105,#8106,#8114,#8122));
#8105 = ORIENTED_EDGE('',*,*,#8084,.T.);
#8106 = ORIENTED_EDGE('',*,*,#8107,.T.);
#8107 = EDGE_CURVE('',#8077,#8108,#8110,.T.);
#8108 = VERTEX_POINT('',#8109);
#8109 = CARTESIAN_POINT('',(40.4,250.,81.7));
#8110 = LINE('',#8111,#8112);
#8111 = CARTESIAN_POINT('',(41.8,250.,81.7));
#8112 = VECTOR('',#8113,1.);
#8113 = DIRECTION('',(-1.,0.,0.));
#8114 = ORIENTED_EDGE('',*,*,#8115,.F.);
#8115 = EDGE_CURVE('',#8116,#8108,#8118,.T.);
#8116 = VERTEX_POINT('',#8117);
#8117 = CARTESIAN_POINT('',(40.4,0.,81.7));
#8118 = LINE('',#8119,#8120);
#8119 = CARTESIAN_POINT('',(40.4,0.,81.7));
#8120 = VECTOR('',#8121,1.);
#8121 = DIRECTION('',(0.,1.,0.));
#8122 = ORIENTED_EDGE('',*,*,#8123,.F.);
#8123 = EDGE_CURVE('',#8085,#8116,#8124,.T.);
#8124 = LINE('',#8125,#8126);
#8125 = CARTESIAN_POINT('',(41.8,0.,81.7));
#8126 = VECTOR('',#8127,1.);
#8127 = DIRECTION('',(-1.,0.,0.));
#8128 = PLANE('',#8129);
#8129 = AXIS2_PLACEMENT_3D('',#8130,#8131,#8132);
#8130 = CARTESIAN_POINT('',(41.8,0.,81.7));
#8131 = DIRECTION('',(0.,-0.,1.));
#8132 = DIRECTION('',(-1.,0.,0.));
#8133 = ADVANCED_FACE('',(#8134),#8159,.T.);
#8134 = FACE_BOUND('',#8135,.T.);
#8135 = EDGE_LOOP('',(#8136,#8137,#8145,#8153));
#8136 = ORIENTED_EDGE('',*,*,#8115,.T.);
#8137 = ORIENTED_EDGE('',*,*,#8138,.T.);
#8138 = EDGE_CURVE('',#8108,#8139,#8141,.T.);
#8139 = VERTEX_POINT('',#8140);
#8140 = CARTESIAN_POINT('',(40.4,250.,81.5));
#8141 = LINE('',#8142,#8143);
#8142 = CARTESIAN_POINT('',(40.4,250.,81.7));
#8143 = VECTOR('',#8144,1.);
#8144 = DIRECTION('',(0.,0.,-1.));
#8145 = ORIENTED_EDGE('',*,*,#8146,.F.);
#8146 = EDGE_CURVE('',#8147,#8139,#8149,.T.);
#8147 = VERTEX_POINT('',#8148);
#8148 = CARTESIAN_POINT('',(40.4,0.,81.5));
#8149 = LINE('',#8150,#8151);
#8150 = CARTESIAN_POINT('',(40.4,0.,81.5));
#8151 = VECTOR('',#8152,1.);
#8152 = DIRECTION('',(0.,1.,0.));
#8153 = ORIENTED_EDGE('',*,*,#8154,.F.);
#8154 = EDGE_CURVE('',#8116,#8147,#8155,.T.);
#8155 = LINE('',#8156,#8157);
#8156 = CARTESIAN_POINT('',(40.4,0.,81.7));
#8157 = VECTOR('',#8158,1.);
#8158 = DIRECTION('',(0.,0.,-1.));
#8159 = PLANE('',#8160);
#8160 = AXIS2_PLACEMENT_3D('',#8161,#8162,#8163);
#8161 = CARTESIAN_POINT('',(40.4,0.,81.7));
#8162 = DIRECTION('',(-1.,0.,0.));
#8163 = DIRECTION('',(0.,0.,-1.));
#8164 = ADVANCED_FACE('',(#8165),#8190,.T.);
#8165 = FACE_BOUND('',#8166,.T.);
#8166 = EDGE_LOOP('',(#8167,#8168,#8176,#8184));
#8167 = ORIENTED_EDGE('',*,*,#8146,.T.);
#8168 = ORIENTED_EDGE('',*,*,#8169,.T.);
#8169 = EDGE_CURVE('',#8139,#8170,#8172,.T.);
#8170 = VERTEX_POINT('',#8171);
#8171 = CARTESIAN_POINT('',(40.1,250.,81.2));
#8172 = LINE('',#8173,#8174);
#8173 = CARTESIAN_POINT('',(40.4,250.,81.5));
#8174 = VECTOR('',#8175,1.);
#8175 = DIRECTION('',(-0.707106781187,0.,-0.707106781187));
#8176 = ORIENTED_EDGE('',*,*,#8177,.F.);
#8177 = EDGE_CURVE('',#8178,#8170,#8180,.T.);
#8178 = VERTEX_POINT('',#8179);
#8179 = CARTESIAN_POINT('',(40.1,0.,81.2));
#8180 = LINE('',#8181,#8182);
#8181 = CARTESIAN_POINT('',(40.1,0.,81.2));
#8182 = VECTOR('',#8183,1.);
#8183 = DIRECTION('',(0.,1.,0.));
#8184 = ORIENTED_EDGE('',*,*,#8185,.F.);
#8185 = EDGE_CURVE('',#8147,#8178,#8186,.T.);
#8186 = LINE('',#8187,#8188);
#8187 = CARTESIAN_POINT('',(40.4,0.,81.5));
#8188 = VECTOR('',#8189,1.);
#8189 = DIRECTION('',(-0.707106781187,0.,-0.707106781187));
#8190 = PLANE('',#8191);
#8191 = AXIS2_PLACEMENT_3D('',#8192,#8193,#8194);
#8192 = CARTESIAN_POINT('',(40.4,0.,81.5));
#8193 = DIRECTION('',(-0.707106781187,0.,0.707106781187));
#8194 = DIRECTION('',(-0.707106781187,0.,-0.707106781187));
#8195 = ADVANCED_FACE('',(#8196),#8221,.T.);
#8196 = FACE_BOUND('',#8197,.T.);
#8197 = EDGE_LOOP('',(#8198,#8199,#8207,#8215));
#8198 = ORIENTED_EDGE('',*,*,#8177,.T.);
#8199 = ORIENTED_EDGE('',*,*,#8200,.T.);
#8200 = EDGE_CURVE('',#8170,#8201,#8203,.T.);
#8201 = VERTEX_POINT('',#8202);
#8202 = CARTESIAN_POINT('',(37.5,250.,81.2));
#8203 = LINE('',#8204,#8205);
#8204 = CARTESIAN_POINT('',(40.1,250.,81.2));
#8205 = VECTOR('',#8206,1.);
#8206 = DIRECTION('',(-1.,0.,0.));
#8207 = ORIENTED_EDGE('',*,*,#8208,.F.);
#8208 = EDGE_CURVE('',#8209,#8201,#8211,.T.);
#8209 = VERTEX_POINT('',#8210);
#8210 = CARTESIAN_POINT('',(37.5,0.,81.2));
#8211 = LINE('',#8212,#8213);
#8212 = CARTESIAN_POINT('',(37.5,0.,81.2));
#8213 = VECTOR('',#8214,1.);
#8214 = DIRECTION('',(0.,1.,0.));
#8215 = ORIENTED_EDGE('',*,*,#8216,.F.);
#8216 = EDGE_CURVE('',#8178,#8209,#8217,.T.);
#8217 = LINE('',#8218,#8219);
#8218 = CARTESIAN_POINT('',(40.1,0.,81.2));
#8219 = VECTOR('',#8220,1.);
#8220 = DIRECTION('',(-1.,0.,0.));
#8221 = PLANE('',#8222);
#8222 = AXIS2_PLACEMENT_3D('',#8223,#8224,#8225);
#8223 = CARTESIAN_POINT('',(40.1,0.,81.2));
#8224 = DIRECTION('',(0.,-0.,1.));
#8225 = DIRECTION('',(-1.,0.,0.));
#8226 = ADVANCED_FACE('',(#8227),#8252,.T.);
#8227 = FACE_BOUND('',#8228,.T.);
#8228 = EDGE_LOOP('',(#8229,#8230,#8238,#8246));
#8229 = ORIENTED_EDGE('',*,*,#8208,.T.);
#8230 = ORIENTED_EDGE('',*,*,#8231,.T.);
#8231 = EDGE_CURVE('',#8201,#8232,#8234,.T.);
#8232 = VERTEX_POINT('',#8233);
#8233 = CARTESIAN_POINT('',(37.2,250.,81.5));
#8234 = LINE('',#8235,#8236);
#8235 = CARTESIAN_POINT('',(37.5,250.,81.2));
#8236 = VECTOR('',#8237,1.);
#8237 = DIRECTION('',(-0.707106781187,0.,0.707106781187));
#8238 = ORIENTED_EDGE('',*,*,#8239,.F.);
#8239 = EDGE_CURVE('',#8240,#8232,#8242,.T.);
#8240 = VERTEX_POINT('',#8241);
#8241 = CARTESIAN_POINT('',(37.2,0.,81.5));
#8242 = LINE('',#8243,#8244);
#8243 = CARTESIAN_POINT('',(37.2,0.,81.5));
#8244 = VECTOR('',#8245,1.);
#8245 = DIRECTION('',(0.,1.,0.));
#8246 = ORIENTED_EDGE('',*,*,#8247,.F.);
#8247 = EDGE_CURVE('',#8209,#8240,#8248,.T.);
#8248 = LINE('',#8249,#8250);
#8249 = CARTESIAN_POINT('',(37.5,0.,81.2));
#8250 = VECTOR('',#8251,1.);
#8251 = DIRECTION('',(-0.707106781187,0.,0.707106781187));
#8252 = PLANE('',#8253);
#8253 = AXIS2_PLACEMENT_3D('',#8254,#8255,#8256);
#8254 = CARTESIAN_POINT('',(37.5,0.,81.2));
#8255 = DIRECTION('',(0.707106781187,-0.,0.707106781187));
#8256 = DIRECTION('',(-0.707106781187,0.,0.707106781187));
#8257 = ADVANCED_FACE('',(#8258),#8283,.T.);
#8258 = FACE_BOUND('',#8259,.T.);
#8259 = EDGE_LOOP('',(#8260,#8261,#8269,#8277));
#8260 = ORIENTED_EDGE('',*,*,#8239,.T.);
#8261 = ORIENTED_EDGE('',*,*,#8262,.T.);
#8262 = EDGE_CURVE('',#8232,#8263,#8265,.T.);
#8263 = VERTEX_POINT('',#8264);
#8264 = CARTESIAN_POINT('',(37.2,250.,81.7));
#8265 = LINE('',#8266,#8267);
#8266 = CARTESIAN_POINT('',(37.2,250.,81.5));
#8267 = VECTOR('',#8268,1.);
#8268 = DIRECTION('',(0.,0.,1.));
#8269 = ORIENTED_EDGE('',*,*,#8270,.F.);
#8270 = EDGE_CURVE('',#8271,#8263,#8273,.T.);
#8271 = VERTEX_POINT('',#8272);
#8272 = CARTESIAN_POINT('',(37.2,0.,81.7));
#8273 = LINE('',#8274,#8275);
#8274 = CARTESIAN_POINT('',(37.2,0.,81.7));
#8275 = VECTOR('',#8276,1.);
#8276 = DIRECTION('',(0.,1.,0.));
#8277 = ORIENTED_EDGE('',*,*,#8278,.F.);
#8278 = EDGE_CURVE('',#8240,#8271,#8279,.T.);
#8279 = LINE('',#8280,#8281);
#8280 = CARTESIAN_POINT('',(37.2,0.,81.5));
#8281 = VECTOR('',#8282,1.);
#8282 = DIRECTION('',(0.,0.,1.));
#8283 = PLANE('',#8284);
#8284 = AXIS2_PLACEMENT_3D('',#8285,#8286,#8287);
#8285 = CARTESIAN_POINT('',(37.2,0.,81.5));
#8286 = DIRECTION('',(1.,0.,0.));
#8287 = DIRECTION('',(0.,0.,1.));
#8288 = ADVANCED_FACE('',(#8289),#8314,.T.);
#8289 = FACE_BOUND('',#8290,.T.);
#8290 = EDGE_LOOP('',(#8291,#8292,#8300,#8308));
#8291 = ORIENTED_EDGE('',*,*,#8270,.T.);
#8292 = ORIENTED_EDGE('',*,*,#8293,.T.);
#8293 = EDGE_CURVE('',#8263,#8294,#8296,.T.);
#8294 = VERTEX_POINT('',#8295);
#8295 = CARTESIAN_POINT('',(35.8,250.,81.7));
#8296 = LINE('',#8297,#8298);
#8297 = CARTESIAN_POINT('',(37.2,250.,81.7));
#8298 = VECTOR('',#8299,1.);
#8299 = DIRECTION('',(-1.,0.,0.));
#8300 = ORIENTED_EDGE('',*,*,#8301,.F.);
#8301 = EDGE_CURVE('',#8302,#8294,#8304,.T.);
#8302 = VERTEX_POINT('',#8303);
#8303 = CARTESIAN_POINT('',(35.8,0.,81.7));
#8304 = LINE('',#8305,#8306);
#8305 = CARTESIAN_POINT('',(35.8,0.,81.7));
#8306 = VECTOR('',#8307,1.);
#8307 = DIRECTION('',(0.,1.,0.));
#8308 = ORIENTED_EDGE('',*,*,#8309,.F.);
#8309 = EDGE_CURVE('',#8271,#8302,#8310,.T.);
#8310 = LINE('',#8311,#8312);
#8311 = CARTESIAN_POINT('',(37.2,0.,81.7));
#8312 = VECTOR('',#8313,1.);
#8313 = DIRECTION('',(-1.,0.,0.));
#8314 = PLANE('',#8315);
#8315 = AXIS2_PLACEMENT_3D('',#8316,#8317,#8318);
#8316 = CARTESIAN_POINT('',(37.2,0.,81.7));
#8317 = DIRECTION('',(0.,-0.,1.));
#8318 = DIRECTION('',(-1.,0.,0.));
#8319 = ADVANCED_FACE('',(#8320),#8345,.T.);
#8320 = FACE_BOUND('',#8321,.T.);
#8321 = EDGE_LOOP('',(#8322,#8323,#8331,#8339));
#8322 = ORIENTED_EDGE('',*,*,#8301,.T.);
#8323 = ORIENTED_EDGE('',*,*,#8324,.T.);
#8324 = EDGE_CURVE('',#8294,#8325,#8327,.T.);
#8325 = VERTEX_POINT('',#8326);
#8326 = CARTESIAN_POINT('',(35.8,250.,83.7));
#8327 = LINE('',#8328,#8329);
#8328 = CARTESIAN_POINT('',(35.8,250.,81.7));
#8329 = VECTOR('',#8330,1.);
#8330 = DIRECTION('',(0.,0.,1.));
#8331 = ORIENTED_EDGE('',*,*,#8332,.F.);
#8332 = EDGE_CURVE('',#8333,#8325,#8335,.T.);
#8333 = VERTEX_POINT('',#8334);
#8334 = CARTESIAN_POINT('',(35.8,0.,83.7));
#8335 = LINE('',#8336,#8337);
#8336 = CARTESIAN_POINT('',(35.8,0.,83.7));
#8337 = VECTOR('',#8338,1.);
#8338 = DIRECTION('',(0.,1.,0.));
#8339 = ORIENTED_EDGE('',*,*,#8340,.F.);
#8340 = EDGE_CURVE('',#8302,#8333,#8341,.T.);
#8341 = LINE('',#8342,#8343);
#8342 = CARTESIAN_POINT('',(35.8,0.,81.7));
#8343 = VECTOR('',#8344,1.);
#8344 = DIRECTION('',(0.,0.,1.));
#8345 = PLANE('',#8346);
#8346 = AXIS2_PLACEMENT_3D('',#8347,#8348,#8349);
#8347 = CARTESIAN_POINT('',(35.8,0.,81.7));
#8348 = DIRECTION('',(1.,0.,0.));
#8349 = DIRECTION('',(0.,0.,1.));
#8350 = ADVANCED_FACE('',(#8351),#8376,.T.);
#8351 = FACE_BOUND('',#8352,.T.);
#8352 = EDGE_LOOP('',(#8353,#8354,#8362,#8370));
#8353 = ORIENTED_EDGE('',*,*,#8332,.T.);
#8354 = ORIENTED_EDGE('',*,*,#8355,.T.);
#8355 = EDGE_CURVE('',#8325,#8356,#8358,.T.);
#8356 = VERTEX_POINT('',#8357);
#8357 = CARTESIAN_POINT('',(36.9,250.,83.7));
#8358 = LINE('',#8359,#8360);
#8359 = CARTESIAN_POINT('',(35.8,250.,83.7));
#8360 = VECTOR('',#8361,1.);
#8361 = DIRECTION('',(1.,0.,0.));
#8362 = ORIENTED_EDGE('',*,*,#8363,.F.);
#8363 = EDGE_CURVE('',#8364,#8356,#8366,.T.);
#8364 = VERTEX_POINT('',#8365);
#8365 = CARTESIAN_POINT('',(36.9,0.,83.7));
#8366 = LINE('',#8367,#8368);
#8367 = CARTESIAN_POINT('',(36.9,0.,83.7));
#8368 = VECTOR('',#8369,1.);
#8369 = DIRECTION('',(0.,1.,0.));
#8370 = ORIENTED_EDGE('',*,*,#8371,.F.);
#8371 = EDGE_CURVE('',#8333,#8364,#8372,.T.);
#8372 = LINE('',#8373,#8374);
#8373 = CARTESIAN_POINT('',(35.8,0.,83.7));
#8374 = VECTOR('',#8375,1.);
#8375 = DIRECTION('',(1.,0.,0.));
#8376 = PLANE('',#8377);
#8377 = AXIS2_PLACEMENT_3D('',#8378,#8379,#8380);
#8378 = CARTESIAN_POINT('',(35.8,0.,83.7));
#8379 = DIRECTION('',(0.,0.,-1.));
#8380 = DIRECTION('',(1.,0.,0.));
#8381 = ADVANCED_FACE('',(#8382),#8407,.T.);
#8382 = FACE_BOUND('',#8383,.T.);
#8383 = EDGE_LOOP('',(#8384,#8385,#8393,#8401));
#8384 = ORIENTED_EDGE('',*,*,#8363,.T.);
#8385 = ORIENTED_EDGE('',*,*,#8386,.T.);
#8386 = EDGE_CURVE('',#8356,#8387,#8389,.T.);
#8387 = VERTEX_POINT('',#8388);
#8388 = CARTESIAN_POINT('',(37.2,250.,84.));
#8389 = LINE('',#8390,#8391);
#8390 = CARTESIAN_POINT('',(36.9,250.,83.7));
#8391 = VECTOR('',#8392,1.);
#8392 = DIRECTION('',(0.707106781187,0.,0.707106781187));
#8393 = ORIENTED_EDGE('',*,*,#8394,.F.);
#8394 = EDGE_CURVE('',#8395,#8387,#8397,.T.);
#8395 = VERTEX_POINT('',#8396);
#8396 = CARTESIAN_POINT('',(37.2,0.,84.));
#8397 = LINE('',#8398,#8399);
#8398 = CARTESIAN_POINT('',(37.2,0.,84.));
#8399 = VECTOR('',#8400,1.);
#8400 = DIRECTION('',(0.,1.,0.));
#8401 = ORIENTED_EDGE('',*,*,#8402,.F.);
#8402 = EDGE_CURVE('',#8364,#8395,#8403,.T.);
#8403 = LINE('',#8404,#8405);
#8404 = CARTESIAN_POINT('',(36.9,0.,83.7));
#8405 = VECTOR('',#8406,1.);
#8406 = DIRECTION('',(0.707106781187,0.,0.707106781187));
#8407 = PLANE('',#8408);
#8408 = AXIS2_PLACEMENT_3D('',#8409,#8410,#8411);
#8409 = CARTESIAN_POINT('',(36.9,0.,83.7));
#8410 = DIRECTION('',(0.707106781187,0.,-0.707106781187));
#8411 = DIRECTION('',(0.707106781187,0.,0.707106781187));
#8412 = ADVANCED_FACE('',(#8413),#8438,.T.);
#8413 = FACE_BOUND('',#8414,.T.);
#8414 = EDGE_LOOP('',(#8415,#8416,#8424,#8432));
#8415 = ORIENTED_EDGE('',*,*,#8394,.T.);
#8416 = ORIENTED_EDGE('',*,*,#8417,.T.);
#8417 = EDGE_CURVE('',#8387,#8418,#8420,.T.);
#8418 = VERTEX_POINT('',#8419);
#8419 = CARTESIAN_POINT('',(37.2,250.,84.9));
#8420 = LINE('',#8421,#8422);
#8421 = CARTESIAN_POINT('',(37.2,250.,84.));
#8422 = VECTOR('',#8423,1.);
#8423 = DIRECTION('',(0.,0.,1.));
#8424 = ORIENTED_EDGE('',*,*,#8425,.F.);
#8425 = EDGE_CURVE('',#8426,#8418,#8428,.T.);
#8426 = VERTEX_POINT('',#8427);
#8427 = CARTESIAN_POINT('',(37.2,0.,84.9));
#8428 = LINE('',#8429,#8430);
#8429 = CARTESIAN_POINT('',(37.2,0.,84.9));
#8430 = VECTOR('',#8431,1.);
#8431 = DIRECTION('',(0.,1.,0.));
#8432 = ORIENTED_EDGE('',*,*,#8433,.F.);
#8433 = EDGE_CURVE('',#8395,#8426,#8434,.T.);
#8434 = LINE('',#8435,#8436);
#8435 = CARTESIAN_POINT('',(37.2,0.,84.));
#8436 = VECTOR('',#8437,1.);
#8437 = DIRECTION('',(0.,0.,1.));
#8438 = PLANE('',#8439);
#8439 = AXIS2_PLACEMENT_3D('',#8440,#8441,#8442);
#8440 = CARTESIAN_POINT('',(37.2,0.,84.));
#8441 = DIRECTION('',(1.,0.,0.));
#8442 = DIRECTION('',(0.,0.,1.));
#8443 = ADVANCED_FACE('',(#8444),#8469,.T.);
#8444 = FACE_BOUND('',#8445,.T.);
#8445 = EDGE_LOOP('',(#8446,#8447,#8455,#8463));
#8446 = ORIENTED_EDGE('',*,*,#8425,.T.);
#8447 = ORIENTED_EDGE('',*,*,#8448,.T.);
#8448 = EDGE_CURVE('',#8418,#8449,#8451,.T.);
#8449 = VERTEX_POINT('',#8450);
#8450 = CARTESIAN_POINT('',(36.9,250.,85.2));
#8451 = LINE('',#8452,#8453);
#8452 = CARTESIAN_POINT('',(37.2,250.,84.9));
#8453 = VECTOR('',#8454,1.);
#8454 = DIRECTION('',(-0.707106781187,0.,0.707106781187));
#8455 = ORIENTED_EDGE('',*,*,#8456,.F.);
#8456 = EDGE_CURVE('',#8457,#8449,#8459,.T.);
#8457 = VERTEX_POINT('',#8458);
#8458 = CARTESIAN_POINT('',(36.9,0.,85.2));
#8459 = LINE('',#8460,#8461);
#8460 = CARTESIAN_POINT('',(36.9,0.,85.2));
#8461 = VECTOR('',#8462,1.);
#8462 = DIRECTION('',(0.,1.,0.));
#8463 = ORIENTED_EDGE('',*,*,#8464,.F.);
#8464 = EDGE_CURVE('',#8426,#8457,#8465,.T.);
#8465 = LINE('',#8466,#8467);
#8466 = CARTESIAN_POINT('',(37.2,0.,84.9));
#8467 = VECTOR('',#8468,1.);
#8468 = DIRECTION('',(-0.707106781187,0.,0.707106781187));
#8469 = PLANE('',#8470);
#8470 = AXIS2_PLACEMENT_3D('',#8471,#8472,#8473);
#8471 = CARTESIAN_POINT('',(37.2,0.,84.9));
#8472 = DIRECTION('',(0.707106781187,-0.,0.707106781187));
#8473 = DIRECTION('',(-0.707106781187,0.,0.707106781187));
#8474 = ADVANCED_FACE('',(#8475),#8500,.T.);
#8475 = FACE_BOUND('',#8476,.T.);
#8476 = EDGE_LOOP('',(#8477,#8478,#8486,#8494));
#8477 = ORIENTED_EDGE('',*,*,#8456,.T.);
#8478 = ORIENTED_EDGE('',*,*,#8479,.T.);
#8479 = EDGE_CURVE('',#8449,#8480,#8482,.T.);
#8480 = VERTEX_POINT('',#8481);
#8481 = CARTESIAN_POINT('',(32.8,250.,85.2));
#8482 = LINE('',#8483,#8484);
#8483 = CARTESIAN_POINT('',(36.9,250.,85.2));
#8484 = VECTOR('',#8485,1.);
#8485 = DIRECTION('',(-1.,0.,0.));
#8486 = ORIENTED_EDGE('',*,*,#8487,.F.);
#8487 = EDGE_CURVE('',#8488,#8480,#8490,.T.);
#8488 = VERTEX_POINT('',#8489);
#8489 = CARTESIAN_POINT('',(32.8,0.,85.2));
#8490 = LINE('',#8491,#8492);
#8491 = CARTESIAN_POINT('',(32.8,0.,85.2));
#8492 = VECTOR('',#8493,1.);
#8493 = DIRECTION('',(0.,1.,0.));
#8494 = ORIENTED_EDGE('',*,*,#8495,.F.);
#8495 = EDGE_CURVE('',#8457,#8488,#8496,.T.);
#8496 = LINE('',#8497,#8498);
#8497 = CARTESIAN_POINT('',(36.9,0.,85.2));
#8498 = VECTOR('',#8499,1.);
#8499 = DIRECTION('',(-1.,0.,0.));
#8500 = PLANE('',#8501);
#8501 = AXIS2_PLACEMENT_3D('',#8502,#8503,#8504);
#8502 = CARTESIAN_POINT('',(36.9,0.,85.2));
#8503 = DIRECTION('',(0.,-0.,1.));
#8504 = DIRECTION('',(-1.,0.,0.));
#8505 = ADVANCED_FACE('',(#8506),#8531,.T.);
#8506 = FACE_BOUND('',#8507,.T.);
#8507 = EDGE_LOOP('',(#8508,#8509,#8517,#8525));
#8508 = ORIENTED_EDGE('',*,*,#8487,.T.);
#8509 = ORIENTED_EDGE('',*,*,#8510,.T.);
#8510 = EDGE_CURVE('',#8480,#8511,#8513,.T.);
#8511 = VERTEX_POINT('',#8512);
#8512 = CARTESIAN_POINT('',(32.8,250.,86.8));
#8513 = LINE('',#8514,#8515);
#8514 = CARTESIAN_POINT('',(32.8,250.,85.2));
#8515 = VECTOR('',#8516,1.);
#8516 = DIRECTION('',(0.,0.,1.));
#8517 = ORIENTED_EDGE('',*,*,#8518,.F.);
#8518 = EDGE_CURVE('',#8519,#8511,#8521,.T.);
#8519 = VERTEX_POINT('',#8520);
#8520 = CARTESIAN_POINT('',(32.8,0.,86.8));
#8521 = LINE('',#8522,#8523);
#8522 = CARTESIAN_POINT('',(32.8,0.,86.8));
#8523 = VECTOR('',#8524,1.);
#8524 = DIRECTION('',(0.,1.,0.));
#8525 = ORIENTED_EDGE('',*,*,#8526,.F.);
#8526 = EDGE_CURVE('',#8488,#8519,#8527,.T.);
#8527 = LINE('',#8528,#8529);
#8528 = CARTESIAN_POINT('',(32.8,0.,85.2));
#8529 = VECTOR('',#8530,1.);
#8530 = DIRECTION('',(0.,0.,1.));
#8531 = PLANE('',#8532);
#8532 = AXIS2_PLACEMENT_3D('',#8533,#8534,#8535);
#8533 = CARTESIAN_POINT('',(32.8,0.,85.2));
#8534 = DIRECTION('',(1.,0.,0.));
#8535 = DIRECTION('',(0.,0.,1.));
#8536 = ADVANCED_FACE('',(#8537),#8562,.T.);
#8537 = FACE_BOUND('',#8538,.T.);
#8538 = EDGE_LOOP('',(#8539,#8540,#8548,#8556));
#8539 = ORIENTED_EDGE('',*,*,#8518,.T.);
#8540 = ORIENTED_EDGE('',*,*,#8541,.T.);
#8541 = EDGE_CURVE('',#8511,#8542,#8544,.T.);
#8542 = VERTEX_POINT('',#8543);
#8543 = CARTESIAN_POINT('',(35.8,250.,86.8));
#8544 = LINE('',#8545,#8546);
#8545 = CARTESIAN_POINT('',(32.8,250.,86.8));
#8546 = VECTOR('',#8547,1.);
#8547 = DIRECTION('',(1.,0.,0.));
#8548 = ORIENTED_EDGE('',*,*,#8549,.F.);
#8549 = EDGE_CURVE('',#8550,#8542,#8552,.T.);
#8550 = VERTEX_POINT('',#8551);
#8551 = CARTESIAN_POINT('',(35.8,0.,86.8));
#8552 = LINE('',#8553,#8554);
#8553 = CARTESIAN_POINT('',(35.8,0.,86.8));
#8554 = VECTOR('',#8555,1.);
#8555 = DIRECTION('',(0.,1.,0.));
#8556 = ORIENTED_EDGE('',*,*,#8557,.F.);
#8557 = EDGE_CURVE('',#8519,#8550,#8558,.T.);
#8558 = LINE('',#8559,#8560);
#8559 = CARTESIAN_POINT('',(32.8,0.,86.8));
#8560 = VECTOR('',#8561,1.);
#8561 = DIRECTION('',(1.,0.,0.));
#8562 = PLANE('',#8563);
#8563 = AXIS2_PLACEMENT_3D('',#8564,#8565,#8566);
#8564 = CARTESIAN_POINT('',(32.8,0.,86.8));
#8565 = DIRECTION('',(0.,0.,-1.));
#8566 = DIRECTION('',(1.,0.,0.));
#8567 = ADVANCED_FACE('',(#8568),#8593,.T.);
#8568 = FACE_BOUND('',#8569,.T.);
#8569 = EDGE_LOOP('',(#8570,#8571,#8579,#8587));
#8570 = ORIENTED_EDGE('',*,*,#8549,.T.);
#8571 = ORIENTED_EDGE('',*,*,#8572,.T.);
#8572 = EDGE_CURVE('',#8542,#8573,#8575,.T.);
#8573 = VERTEX_POINT('',#8574);
#8574 = CARTESIAN_POINT('',(35.8,250.,87.2));
#8575 = LINE('',#8576,#8577);
#8576 = CARTESIAN_POINT('',(35.8,250.,86.8));
#8577 = VECTOR('',#8578,1.);
#8578 = DIRECTION('',(0.,0.,1.));
#8579 = ORIENTED_EDGE('',*,*,#8580,.F.);
#8580 = EDGE_CURVE('',#8581,#8573,#8583,.T.);
#8581 = VERTEX_POINT('',#8582);
#8582 = CARTESIAN_POINT('',(35.8,0.,87.2));
#8583 = LINE('',#8584,#8585);
#8584 = CARTESIAN_POINT('',(35.8,0.,87.2));
#8585 = VECTOR('',#8586,1.);
#8586 = DIRECTION('',(0.,1.,0.));
#8587 = ORIENTED_EDGE('',*,*,#8588,.F.);
#8588 = EDGE_CURVE('',#8550,#8581,#8589,.T.);
#8589 = LINE('',#8590,#8591);
#8590 = CARTESIAN_POINT('',(35.8,0.,86.8));
#8591 = VECTOR('',#8592,1.);
#8592 = DIRECTION('',(0.,0.,1.));
#8593 = PLANE('',#8594);
#8594 = AXIS2_PLACEMENT_3D('',#8595,#8596,#8597);
#8595 = CARTESIAN_POINT('',(35.8,0.,86.8));
#8596 = DIRECTION('',(1.,0.,0.));
#8597 = DIRECTION('',(0.,0.,1.));
#8598 = ADVANCED_FACE('',(#8599),#8624,.T.);
#8599 = FACE_BOUND('',#8600,.T.);
#8600 = EDGE_LOOP('',(#8601,#8602,#8610,#8618));
#8601 = ORIENTED_EDGE('',*,*,#8580,.T.);
#8602 = ORIENTED_EDGE('',*,*,#8603,.T.);
#8603 = EDGE_CURVE('',#8573,#8604,#8606,.T.);
#8604 = VERTEX_POINT('',#8605);
#8605 = CARTESIAN_POINT('',(35.8,250.,87.4));
#8606 = LINE('',#8607,#8608);
#8607 = CARTESIAN_POINT('',(35.8,250.,87.2));
#8608 = VECTOR('',#8609,1.);
#8609 = DIRECTION('',(0.,0.,1.));
#8610 = ORIENTED_EDGE('',*,*,#8611,.F.);
#8611 = EDGE_CURVE('',#8612,#8604,#8614,.T.);
#8612 = VERTEX_POINT('',#8613);
#8613 = CARTESIAN_POINT('',(35.8,0.,87.4));
#8614 = LINE('',#8615,#8616);
#8615 = CARTESIAN_POINT('',(35.8,0.,87.4));
#8616 = VECTOR('',#8617,1.);
#8617 = DIRECTION('',(0.,1.,0.));
#8618 = ORIENTED_EDGE('',*,*,#8619,.F.);
#8619 = EDGE_CURVE('',#8581,#8612,#8620,.T.);
#8620 = LINE('',#8621,#8622);
#8621 = CARTESIAN_POINT('',(35.8,0.,87.2));
#8622 = VECTOR('',#8623,1.);
#8623 = DIRECTION('',(0.,0.,1.));
#8624 = PLANE('',#8625);
#8625 = AXIS2_PLACEMENT_3D('',#8626,#8627,#8628);
#8626 = CARTESIAN_POINT('',(35.8,0.,87.2));
#8627 = DIRECTION('',(1.,0.,0.));
#8628 = DIRECTION('',(0.,0.,1.));
#8629 = ADVANCED_FACE('',(#8630),#8655,.T.);
#8630 = FACE_BOUND('',#8631,.T.);
#8631 = EDGE_LOOP('',(#8632,#8633,#8641,#8649));
#8632 = ORIENTED_EDGE('',*,*,#8611,.T.);
#8633 = ORIENTED_EDGE('',*,*,#8634,.T.);
#8634 = EDGE_CURVE('',#8604,#8635,#8637,.T.);
#8635 = VERTEX_POINT('',#8636);
#8636 = CARTESIAN_POINT('',(35.,250.,88.2));
#8637 = LINE('',#8638,#8639);
#8638 = CARTESIAN_POINT('',(35.8,250.,87.4));
#8639 = VECTOR('',#8640,1.);
#8640 = DIRECTION('',(-0.707106781187,0.,0.707106781187));
#8641 = ORIENTED_EDGE('',*,*,#8642,.F.);
#8642 = EDGE_CURVE('',#8643,#8635,#8645,.T.);
#8643 = VERTEX_POINT('',#8644);
#8644 = CARTESIAN_POINT('',(35.,0.,88.2));
#8645 = LINE('',#8646,#8647);
#8646 = CARTESIAN_POINT('',(35.,0.,88.2));
#8647 = VECTOR('',#8648,1.);
#8648 = DIRECTION('',(0.,1.,0.));
#8649 = ORIENTED_EDGE('',*,*,#8650,.F.);
#8650 = EDGE_CURVE('',#8612,#8643,#8651,.T.);
#8651 = LINE('',#8652,#8653);
#8652 = CARTESIAN_POINT('',(35.8,0.,87.4));
#8653 = VECTOR('',#8654,1.);
#8654 = DIRECTION('',(-0.707106781187,0.,0.707106781187));
#8655 = PLANE('',#8656);
#8656 = AXIS2_PLACEMENT_3D('',#8657,#8658,#8659);
#8657 = CARTESIAN_POINT('',(35.8,0.,87.4));
#8658 = DIRECTION('',(0.707106781187,-0.,0.707106781187));
#8659 = DIRECTION('',(-0.707106781187,0.,0.707106781187));
#8660 = ADVANCED_FACE('',(#8661),#8686,.T.);
#8661 = FACE_BOUND('',#8662,.T.);
#8662 = EDGE_LOOP('',(#8663,#8664,#8672,#8680));
#8663 = ORIENTED_EDGE('',*,*,#8642,.T.);
#8664 = ORIENTED_EDGE('',*,*,#8665,.T.);
#8665 = EDGE_CURVE('',#8635,#8666,#8668,.T.);
#8666 = VERTEX_POINT('',#8667);
#8667 = CARTESIAN_POINT('',(31.1,250.,88.2));
#8668 = LINE('',#8669,#8670);
#8669 = CARTESIAN_POINT('',(35.,250.,88.2));
#8670 = VECTOR('',#8671,1.);
#8671 = DIRECTION('',(-1.,0.,0.));
#8672 = ORIENTED_EDGE('',*,*,#8673,.F.);
#8673 = EDGE_CURVE('',#8674,#8666,#8676,.T.);
#8674 = VERTEX_POINT('',#8675);
#8675 = CARTESIAN_POINT('',(31.1,0.,88.2));
#8676 = LINE('',#8677,#8678);
#8677 = CARTESIAN_POINT('',(31.1,0.,88.2));
#8678 = VECTOR('',#8679,1.);
#8679 = DIRECTION('',(0.,1.,0.));
#8680 = ORIENTED_EDGE('',*,*,#8681,.F.);
#8681 = EDGE_CURVE('',#8643,#8674,#8682,.T.);
#8682 = LINE('',#8683,#8684);
#8683 = CARTESIAN_POINT('',(35.,0.,88.2));
#8684 = VECTOR('',#8685,1.);
#8685 = DIRECTION('',(-1.,0.,0.));
#8686 = PLANE('',#8687);
#8687 = AXIS2_PLACEMENT_3D('',#8688,#8689,#8690);
#8688 = CARTESIAN_POINT('',(35.,0.,88.2));
#8689 = DIRECTION('',(0.,-0.,1.));
#8690 = DIRECTION('',(-1.,0.,0.));
#8691 = ADVANCED_FACE('',(#8692),#8717,.T.);
#8692 = FACE_BOUND('',#8693,.T.);
#8693 = EDGE_LOOP('',(#8694,#8695,#8703,#8711));
#8694 = ORIENTED_EDGE('',*,*,#8673,.T.);
#8695 = ORIENTED_EDGE('',*,*,#8696,.T.);
#8696 = EDGE_CURVE('',#8666,#8697,#8699,.T.);
#8697 = VERTEX_POINT('',#8698);
#8698 = CARTESIAN_POINT('',(30.8,250.,87.9));
#8699 = LINE('',#8700,#8701);
#8700 = CARTESIAN_POINT('',(31.1,250.,88.2));
#8701 = VECTOR('',#8702,1.);
#8702 = DIRECTION('',(-0.707106781187,0.,-0.707106781187));
#8703 = ORIENTED_EDGE('',*,*,#8704,.F.);
#8704 = EDGE_CURVE('',#8705,#8697,#8707,.T.);
#8705 = VERTEX_POINT('',#8706);
#8706 = CARTESIAN_POINT('',(30.8,0.,87.9));
#8707 = LINE('',#8708,#8709);
#8708 = CARTESIAN_POINT('',(30.8,0.,87.9));
#8709 = VECTOR('',#8710,1.);
#8710 = DIRECTION('',(0.,1.,0.));
#8711 = ORIENTED_EDGE('',*,*,#8712,.F.);
#8712 = EDGE_CURVE('',#8674,#8705,#8713,.T.);
#8713 = LINE('',#8714,#8715);
#8714 = CARTESIAN_POINT('',(31.1,0.,88.2));
#8715 = VECTOR('',#8716,1.);
#8716 = DIRECTION('',(-0.707106781187,0.,-0.707106781187));
#8717 = PLANE('',#8718);
#8718 = AXIS2_PLACEMENT_3D('',#8719,#8720,#8721);
#8719 = CARTESIAN_POINT('',(31.1,0.,88.2));
#8720 = DIRECTION('',(-0.707106781187,0.,0.707106781187));
#8721 = DIRECTION('',(-0.707106781187,0.,-0.707106781187));
#8722 = ADVANCED_FACE('',(#8723),#8748,.T.);
#8723 = FACE_BOUND('',#8724,.T.);
#8724 = EDGE_LOOP('',(#8725,#8726,#8734,#8742));
#8725 = ORIENTED_EDGE('',*,*,#8704,.T.);
#8726 = ORIENTED_EDGE('',*,*,#8727,.T.);
#8727 = EDGE_CURVE('',#8697,#8728,#8730,.T.);
#8728 = VERTEX_POINT('',#8729);
#8729 = CARTESIAN_POINT('',(30.5,250.,88.2));
#8730 = LINE('',#8731,#8732);
#8731 = CARTESIAN_POINT('',(30.8,250.,87.9));
#8732 = VECTOR('',#8733,1.);
#8733 = DIRECTION('',(-0.707106781187,0.,0.707106781187));
#8734 = ORIENTED_EDGE('',*,*,#8735,.F.);
#8735 = EDGE_CURVE('',#8736,#8728,#8738,.T.);
#8736 = VERTEX_POINT('',#8737);
#8737 = CARTESIAN_POINT('',(30.5,0.,88.2));
#8738 = LINE('',#8739,#8740);
#8739 = CARTESIAN_POINT('',(30.5,0.,88.2));
#8740 = VECTOR('',#8741,1.);
#8741 = DIRECTION('',(0.,1.,0.));
#8742 = ORIENTED_EDGE('',*,*,#8743,.F.);
#8743 = EDGE_CURVE('',#8705,#8736,#8744,.T.);
#8744 = LINE('',#8745,#8746);
#8745 = CARTESIAN_POINT('',(30.8,0.,87.9));
#8746 = VECTOR('',#8747,1.);
#8747 = DIRECTION('',(-0.707106781187,0.,0.707106781187));
#8748 = PLANE('',#8749);
#8749 = AXIS2_PLACEMENT_3D('',#8750,#8751,#8752);
#8750 = CARTESIAN_POINT('',(30.8,0.,87.9));
#8751 = DIRECTION('',(0.707106781187,-0.,0.707106781187));
#8752 = DIRECTION('',(-0.707106781187,0.,0.707106781187));
#8753 = ADVANCED_FACE('',(#8754),#8779,.T.);
#8754 = FACE_BOUND('',#8755,.T.);
#8755 = EDGE_LOOP('',(#8756,#8757,#8765,#8773));
#8756 = ORIENTED_EDGE('',*,*,#8735,.T.);
#8757 = ORIENTED_EDGE('',*,*,#8758,.T.);
#8758 = EDGE_CURVE('',#8728,#8759,#8761,.T.);
#8759 = VERTEX_POINT('',#8760);
#8760 = CARTESIAN_POINT('',(24.8,250.,88.2));
#8761 = LINE('',#8762,#8763);
#8762 = CARTESIAN_POINT('',(30.5,250.,88.2));
#8763 = VECTOR('',#8764,1.);
#8764 = DIRECTION('',(-1.,0.,0.));
#8765 = ORIENTED_EDGE('',*,*,#8766,.F.);
#8766 = EDGE_CURVE('',#8767,#8759,#8769,.T.);
#8767 = VERTEX_POINT('',#8768);
#8768 = CARTESIAN_POINT('',(24.8,0.,88.2));
#8769 = LINE('',#8770,#8771);
#8770 = CARTESIAN_POINT('',(24.8,0.,88.2));
#8771 = VECTOR('',#8772,1.);
#8772 = DIRECTION('',(0.,1.,0.));
#8773 = ORIENTED_EDGE('',*,*,#8774,.F.);
#8774 = EDGE_CURVE('',#8736,#8767,#8775,.T.);
#8775 = LINE('',#8776,#8777);
#8776 = CARTESIAN_POINT('',(30.5,0.,88.2));
#8777 = VECTOR('',#8778,1.);
#8778 = DIRECTION('',(-1.,0.,0.));
#8779 = PLANE('',#8780);
#8780 = AXIS2_PLACEMENT_3D('',#8781,#8782,#8783);
#8781 = CARTESIAN_POINT('',(30.5,0.,88.2));
#8782 = DIRECTION('',(0.,-0.,1.));
#8783 = DIRECTION('',(-1.,0.,0.));
#8784 = ADVANCED_FACE('',(#8785),#8810,.T.);
#8785 = FACE_BOUND('',#8786,.T.);
#8786 = EDGE_LOOP('',(#8787,#8788,#8796,#8804));
#8787 = ORIENTED_EDGE('',*,*,#8766,.T.);
#8788 = ORIENTED_EDGE('',*,*,#8789,.T.);
#8789 = EDGE_CURVE('',#8759,#8790,#8792,.T.);
#8790 = VERTEX_POINT('',#8791);
#8791 = CARTESIAN_POINT('',(22.8,250.,86.2));
#8792 = LINE('',#8793,#8794);
#8793 = CARTESIAN_POINT('',(24.8,250.,88.2));
#8794 = VECTOR('',#8795,1.);
#8795 = DIRECTION('',(-0.707106781187,0.,-0.707106781187));
#8796 = ORIENTED_EDGE('',*,*,#8797,.F.);
#8797 = EDGE_CURVE('',#8798,#8790,#8800,.T.);
#8798 = VERTEX_POINT('',#8799);
#8799 = CARTESIAN_POINT('',(22.8,0.,86.2));
#8800 = LINE('',#8801,#8802);
#8801 = CARTESIAN_POINT('',(22.8,0.,86.2));
#8802 = VECTOR('',#8803,1.);
#8803 = DIRECTION('',(0.,1.,0.));
#8804 = ORIENTED_EDGE('',*,*,#8805,.F.);
#8805 = EDGE_CURVE('',#8767,#8798,#8806,.T.);
#8806 = LINE('',#8807,#8808);
#8807 = CARTESIAN_POINT('',(24.8,0.,88.2));
#8808 = VECTOR('',#8809,1.);
#8809 = DIRECTION('',(-0.707106781187,0.,-0.707106781187));
#8810 = PLANE('',#8811);
#8811 = AXIS2_PLACEMENT_3D('',#8812,#8813,#8814);
#8812 = CARTESIAN_POINT('',(24.8,0.,88.2));
#8813 = DIRECTION('',(-0.707106781187,0.,0.707106781187));
#8814 = DIRECTION('',(-0.707106781187,0.,-0.707106781187));
#8815 = ADVANCED_FACE('',(#8816),#8841,.T.);
#8816 = FACE_BOUND('',#8817,.T.);
#8817 = EDGE_LOOP('',(#8818,#8819,#8827,#8835));
#8818 = ORIENTED_EDGE('',*,*,#8797,.T.);
#8819 = ORIENTED_EDGE('',*,*,#8820,.T.);
#8820 = EDGE_CURVE('',#8790,#8821,#8823,.T.);
#8821 = VERTEX_POINT('',#8822);
#8822 = CARTESIAN_POINT('',(22.8,250.,80.4));
#8823 = LINE('',#8824,#8825);
#8824 = CARTESIAN_POINT('',(22.8,250.,86.2));
#8825 = VECTOR('',#8826,1.);
#8826 = DIRECTION('',(0.,0.,-1.));
#8827 = ORIENTED_EDGE('',*,*,#8828,.F.);
#8828 = EDGE_CURVE('',#8829,#8821,#8831,.T.);
#8829 = VERTEX_POINT('',#8830);
#8830 = CARTESIAN_POINT('',(22.8,0.,80.4));
#8831 = LINE('',#8832,#8833);
#8832 = CARTESIAN_POINT('',(22.8,0.,80.4));
#8833 = VECTOR('',#8834,1.);
#8834 = DIRECTION('',(0.,1.,0.));
#8835 = ORIENTED_EDGE('',*,*,#8836,.F.);
#8836 = EDGE_CURVE('',#8798,#8829,#8837,.T.);
#8837 = LINE('',#8838,#8839);
#8838 = CARTESIAN_POINT('',(22.8,0.,86.2));
#8839 = VECTOR('',#8840,1.);
#8840 = DIRECTION('',(0.,0.,-1.));
#8841 = PLANE('',#8842);
#8842 = AXIS2_PLACEMENT_3D('',#8843,#8844,#8845);
#8843 = CARTESIAN_POINT('',(22.8,0.,86.2));
#8844 = DIRECTION('',(-1.,0.,0.));
#8845 = DIRECTION('',(0.,0.,-1.));
#8846 = ADVANCED_FACE('',(#8847),#8872,.T.);
#8847 = FACE_BOUND('',#8848,.T.);
#8848 = EDGE_LOOP('',(#8849,#8850,#8858,#8866));
#8849 = ORIENTED_EDGE('',*,*,#8828,.T.);
#8850 = ORIENTED_EDGE('',*,*,#8851,.T.);
#8851 = EDGE_CURVE('',#8821,#8852,#8854,.T.);
#8852 = VERTEX_POINT('',#8853);
#8853 = CARTESIAN_POINT('',(23.,250.,80.2));
#8854 = LINE('',#8855,#8856);
#8855 = CARTESIAN_POINT('',(22.8,250.,80.4));
#8856 = VECTOR('',#8857,1.);
#8857 = DIRECTION('',(0.707106781187,0.,-0.707106781187));
#8858 = ORIENTED_EDGE('',*,*,#8859,.F.);
#8859 = EDGE_CURVE('',#8860,#8852,#8862,.T.);
#8860 = VERTEX_POINT('',#8861);
#8861 = CARTESIAN_POINT('',(23.,0.,80.2));
#8862 = LINE('',#8863,#8864);
#8863 = CARTESIAN_POINT('',(23.,0.,80.2));
#8864 = VECTOR('',#8865,1.);
#8865 = DIRECTION('',(0.,1.,0.));
#8866 = ORIENTED_EDGE('',*,*,#8867,.F.);
#8867 = EDGE_CURVE('',#8829,#8860,#8868,.T.);
#8868 = LINE('',#8869,#8870);
#8869 = CARTESIAN_POINT('',(22.8,0.,80.4));
#8870 = VECTOR('',#8871,1.);
#8871 = DIRECTION('',(0.707106781187,0.,-0.707106781187));
#8872 = PLANE('',#8873);
#8873 = AXIS2_PLACEMENT_3D('',#8874,#8875,#8876);
#8874 = CARTESIAN_POINT('',(22.8,0.,80.4));
#8875 = DIRECTION('',(-0.707106781187,0.,-0.707106781187));
#8876 = DIRECTION('',(0.707106781187,0.,-0.707106781187));
#8877 = ADVANCED_FACE('',(#8878),#8903,.T.);
#8878 = FACE_BOUND('',#8879,.T.);
#8879 = EDGE_LOOP('',(#8880,#8881,#8889,#8897));
#8880 = ORIENTED_EDGE('',*,*,#8859,.T.);
#8881 = ORIENTED_EDGE('',*,*,#8882,.T.);
#8882 = EDGE_CURVE('',#8852,#8883,#8885,.T.);
#8883 = VERTEX_POINT('',#8884);
#8884 = CARTESIAN_POINT('',(22.8,250.,80.));
#8885 = LINE('',#8886,#8887);
#8886 = CARTESIAN_POINT('',(23.,250.,80.2));
#8887 = VECTOR('',#8888,1.);
#8888 = DIRECTION('',(-0.707106781187,0.,-0.707106781187));
#8889 = ORIENTED_EDGE('',*,*,#8890,.F.);
#8890 = EDGE_CURVE('',#8891,#8883,#8893,.T.);
#8891 = VERTEX_POINT('',#8892);
#8892 = CARTESIAN_POINT('',(22.8,0.,80.));
#8893 = LINE('',#8894,#8895);
#8894 = CARTESIAN_POINT('',(22.8,0.,80.));
#8895 = VECTOR('',#8896,1.);
#8896 = DIRECTION('',(0.,1.,0.));
#8897 = ORIENTED_EDGE('',*,*,#8898,.F.);
#8898 = EDGE_CURVE('',#8860,#8891,#8899,.T.);
#8899 = LINE('',#8900,#8901);
#8900 = CARTESIAN_POINT('',(23.,0.,80.2));
#8901 = VECTOR('',#8902,1.);
#8902 = DIRECTION('',(-0.707106781187,0.,-0.707106781187));
#8903 = PLANE('',#8904);
#8904 = AXIS2_PLACEMENT_3D('',#8905,#8906,#8907);
#8905 = CARTESIAN_POINT('',(23.,0.,80.2));
#8906 = DIRECTION('',(-0.707106781187,0.,0.707106781187));
#8907 = DIRECTION('',(-0.707106781187,0.,-0.707106781187));
#8908 = ADVANCED_FACE('',(#8909),#8934,.T.);
#8909 = FACE_BOUND('',#8910,.T.);
#8910 = EDGE_LOOP('',(#8911,#8912,#8920,#8928));
#8911 = ORIENTED_EDGE('',*,*,#8890,.T.);
#8912 = ORIENTED_EDGE('',*,*,#8913,.T.);
#8913 = EDGE_CURVE('',#8883,#8914,#8916,.T.);
#8914 = VERTEX_POINT('',#8915);
#8915 = CARTESIAN_POINT('',(22.8,250.,73.4));
#8916 = LINE('',#8917,#8918);
#8917 = CARTESIAN_POINT('',(22.8,250.,80.));
#8918 = VECTOR('',#8919,1.);
#8919 = DIRECTION('',(0.,0.,-1.));
#8920 = ORIENTED_EDGE('',*,*,#8921,.F.);
#8921 = EDGE_CURVE('',#8922,#8914,#8924,.T.);
#8922 = VERTEX_POINT('',#8923);
#8923 = CARTESIAN_POINT('',(22.8,0.,73.4));
#8924 = LINE('',#8925,#8926);
#8925 = CARTESIAN_POINT('',(22.8,0.,73.4));
#8926 = VECTOR('',#8927,1.);
#8927 = DIRECTION('',(0.,1.,0.));
#8928 = ORIENTED_EDGE('',*,*,#8929,.F.);
#8929 = EDGE_CURVE('',#8891,#8922,#8930,.T.);
#8930 = LINE('',#8931,#8932);
#8931 = CARTESIAN_POINT('',(22.8,0.,80.));
#8932 = VECTOR('',#8933,1.);
#8933 = DIRECTION('',(0.,0.,-1.));
#8934 = PLANE('',#8935);
#8935 = AXIS2_PLACEMENT_3D('',#8936,#8937,#8938);
#8936 = CARTESIAN_POINT('',(22.8,0.,80.));
#8937 = DIRECTION('',(-1.,0.,0.));
#8938 = DIRECTION('',(0.,0.,-1.));
#8939 = ADVANCED_FACE('',(#8940),#8965,.T.);
#8940 = FACE_BOUND('',#8941,.T.);
#8941 = EDGE_LOOP('',(#8942,#8943,#8951,#8959));
#8942 = ORIENTED_EDGE('',*,*,#8921,.T.);
#8943 = ORIENTED_EDGE('',*,*,#8944,.T.);
#8944 = EDGE_CURVE('',#8914,#8945,#8947,.T.);
#8945 = VERTEX_POINT('',#8946);
#8946 = CARTESIAN_POINT('',(23.,250.,73.2));
#8947 = LINE('',#8948,#8949);
#8948 = CARTESIAN_POINT('',(22.8,250.,73.4));
#8949 = VECTOR('',#8950,1.);
#8950 = DIRECTION('',(0.707106781187,0.,-0.707106781187));
#8951 = ORIENTED_EDGE('',*,*,#8952,.F.);
#8952 = EDGE_CURVE('',#8953,#8945,#8955,.T.);
#8953 = VERTEX_POINT('',#8954);
#8954 = CARTESIAN_POINT('',(23.,0.,73.2));
#8955 = LINE('',#8956,#8957);
#8956 = CARTESIAN_POINT('',(23.,0.,73.2));
#8957 = VECTOR('',#8958,1.);
#8958 = DIRECTION('',(0.,1.,0.));
#8959 = ORIENTED_EDGE('',*,*,#8960,.F.);
#8960 = EDGE_CURVE('',#8922,#8953,#8961,.T.);
#8961 = LINE('',#8962,#8963);
#8962 = CARTESIAN_POINT('',(22.8,0.,73.4));
#8963 = VECTOR('',#8964,1.);
#8964 = DIRECTION('',(0.707106781187,0.,-0.707106781187));
#8965 = PLANE('',#8966);
#8966 = AXIS2_PLACEMENT_3D('',#8967,#8968,#8969);
#8967 = CARTESIAN_POINT('',(22.8,0.,73.4));
#8968 = DIRECTION('',(-0.707106781187,0.,-0.707106781187));
#8969 = DIRECTION('',(0.707106781187,0.,-0.707106781187));
#8970 = ADVANCED_FACE('',(#8971),#8996,.T.);
#8971 = FACE_BOUND('',#8972,.T.);
#8972 = EDGE_LOOP('',(#8973,#8974,#8982,#8990));
#8973 = ORIENTED_EDGE('',*,*,#8952,.T.);
#8974 = ORIENTED_EDGE('',*,*,#8975,.T.);
#8975 = EDGE_CURVE('',#8945,#8976,#8978,.T.);
#8976 = VERTEX_POINT('',#8977);
#8977 = CARTESIAN_POINT('',(22.8,250.,73.));
#8978 = LINE('',#8979,#8980);
#8979 = CARTESIAN_POINT('',(23.,250.,73.2));
#8980 = VECTOR('',#8981,1.);
#8981 = DIRECTION('',(-0.707106781187,0.,-0.707106781187));
#8982 = ORIENTED_EDGE('',*,*,#8983,.F.);
#8983 = EDGE_CURVE('',#8984,#8976,#8986,.T.);
#8984 = VERTEX_POINT('',#8985);
#8985 = CARTESIAN_POINT('',(22.8,0.,73.));
#8986 = LINE('',#8987,#8988);
#8987 = CARTESIAN_POINT('',(22.8,0.,73.));
#8988 = VECTOR('',#8989,1.);
#8989 = DIRECTION('',(0.,1.,0.));
#8990 = ORIENTED_EDGE('',*,*,#8991,.F.);
#8991 = EDGE_CURVE('',#8953,#8984,#8992,.T.);
#8992 = LINE('',#8993,#8994);
#8993 = CARTESIAN_POINT('',(23.,0.,73.2));
#8994 = VECTOR('',#8995,1.);
#8995 = DIRECTION('',(-0.707106781187,0.,-0.707106781187));
#8996 = PLANE('',#8997);
#8997 = AXIS2_PLACEMENT_3D('',#8998,#8999,#9000);
#8998 = CARTESIAN_POINT('',(23.,0.,73.2));
#8999 = DIRECTION('',(-0.707106781187,0.,0.707106781187));
#9000 = DIRECTION('',(-0.707106781187,0.,-0.707106781187));
#9001 = ADVANCED_FACE('',(#9002),#9027,.T.);
#9002 = FACE_BOUND('',#9003,.T.);
#9003 = EDGE_LOOP('',(#9004,#9005,#9013,#9021));
#9004 = ORIENTED_EDGE('',*,*,#8983,.T.);
#9005 = ORIENTED_EDGE('',*,*,#9006,.T.);
#9006 = EDGE_CURVE('',#8976,#9007,#9009,.T.);
#9007 = VERTEX_POINT('',#9008);
#9008 = CARTESIAN_POINT('',(22.8,250.,66.721));
#9009 = LINE('',#9010,#9011);
#9010 = CARTESIAN_POINT('',(22.8,250.,73.));
#9011 = VECTOR('',#9012,1.);
#9012 = DIRECTION('',(0.,0.,-1.));
#9013 = ORIENTED_EDGE('',*,*,#9014,.F.);
#9014 = EDGE_CURVE('',#9015,#9007,#9017,.T.);
#9015 = VERTEX_POINT('',#9016);
#9016 = CARTESIAN_POINT('',(22.8,0.,66.721));
#9017 = LINE('',#9018,#9019);
#9018 = CARTESIAN_POINT('',(22.8,0.,66.721));
#9019 = VECTOR('',#9020,1.);
#9020 = DIRECTION('',(0.,1.,0.));
#9021 = ORIENTED_EDGE('',*,*,#9022,.F.);
#9022 = EDGE_CURVE('',#8984,#9015,#9023,.T.);
#9023 = LINE('',#9024,#9025);
#9024 = CARTESIAN_POINT('',(22.8,0.,73.));
#9025 = VECTOR('',#9026,1.);
#9026 = DIRECTION('',(0.,0.,-1.));
#9027 = PLANE('',#9028);
#9028 = AXIS2_PLACEMENT_3D('',#9029,#9030,#9031);
#9029 = CARTESIAN_POINT('',(22.8,0.,73.));
#9030 = DIRECTION('',(-1.,0.,0.));
#9031 = DIRECTION('',(0.,0.,-1.));
#9032 = ADVANCED_FACE('',(#9033),#9058,.T.);
#9033 = FACE_BOUND('',#9034,.T.);
#9034 = EDGE_LOOP('',(#9035,#9036,#9044,#9052));
#9035 = ORIENTED_EDGE('',*,*,#9014,.T.);
#9036 = ORIENTED_EDGE('',*,*,#9037,.T.);
#9037 = EDGE_CURVE('',#9007,#9038,#9040,.T.);
#9038 = VERTEX_POINT('',#9039);
#9039 = CARTESIAN_POINT('',(23.1,250.,66.421));
#9040 = LINE('',#9041,#9042);
#9041 = CARTESIAN_POINT('',(22.8,250.,66.721));
#9042 = VECTOR('',#9043,1.);
#9043 = DIRECTION('',(0.707106781187,0.,-0.707106781187));
#9044 = ORIENTED_EDGE('',*,*,#9045,.F.);
#9045 = EDGE_CURVE('',#9046,#9038,#9048,.T.);
#9046 = VERTEX_POINT('',#9047);
#9047 = CARTESIAN_POINT('',(23.1,0.,66.421));
#9048 = LINE('',#9049,#9050);
#9049 = CARTESIAN_POINT('',(23.1,0.,66.421));
#9050 = VECTOR('',#9051,1.);
#9051 = DIRECTION('',(0.,1.,0.));
#9052 = ORIENTED_EDGE('',*,*,#9053,.F.);
#9053 = EDGE_CURVE('',#9015,#9046,#9054,.T.);
#9054 = LINE('',#9055,#9056);
#9055 = CARTESIAN_POINT('',(22.8,0.,66.721));
#9056 = VECTOR('',#9057,1.);
#9057 = DIRECTION('',(0.707106781187,0.,-0.707106781187));
#9058 = PLANE('',#9059);
#9059 = AXIS2_PLACEMENT_3D('',#9060,#9061,#9062);
#9060 = CARTESIAN_POINT('',(22.8,0.,66.721));
#9061 = DIRECTION('',(-0.707106781187,0.,-0.707106781187));
#9062 = DIRECTION('',(0.707106781187,0.,-0.707106781187));
#9063 = ADVANCED_FACE('',(#9064),#9089,.T.);
#9064 = FACE_BOUND('',#9065,.T.);
#9065 = EDGE_LOOP('',(#9066,#9067,#9075,#9083));
#9066 = ORIENTED_EDGE('',*,*,#9045,.T.);
#9067 = ORIENTED_EDGE('',*,*,#9068,.T.);
#9068 = EDGE_CURVE('',#9038,#9069,#9071,.T.);
#9069 = VERTEX_POINT('',#9070);
#9070 = CARTESIAN_POINT('',(27.5,250.,66.421));
#9071 = LINE('',#9072,#9073);
#9072 = CARTESIAN_POINT('',(23.1,250.,66.421));
#9073 = VECTOR('',#9074,1.);
#9074 = DIRECTION('',(1.,0.,0.));
#9075 = ORIENTED_EDGE('',*,*,#9076,.F.);
#9076 = EDGE_CURVE('',#9077,#9069,#9079,.T.);
#9077 = VERTEX_POINT('',#9078);
#9078 = CARTESIAN_POINT('',(27.5,0.,66.421));
#9079 = LINE('',#9080,#9081);
#9080 = CARTESIAN_POINT('',(27.5,0.,66.421));
#9081 = VECTOR('',#9082,1.);
#9082 = DIRECTION('',(0.,1.,0.));
#9083 = ORIENTED_EDGE('',*,*,#9084,.F.);
#9084 = EDGE_CURVE('',#9046,#9077,#9085,.T.);
#9085 = LINE('',#9086,#9087);
#9086 = CARTESIAN_POINT('',(23.1,0.,66.421));
#9087 = VECTOR('',#9088,1.);
#9088 = DIRECTION('',(1.,0.,0.));
#9089 = PLANE('',#9090);
#9090 = AXIS2_PLACEMENT_3D('',#9091,#9092,#9093);
#9091 = CARTESIAN_POINT('',(23.1,0.,66.421));
#9092 = DIRECTION('',(0.,0.,-1.));
#9093 = DIRECTION('',(1.,0.,0.));
#9094 = ADVANCED_FACE('',(#9095),#9120,.T.);
#9095 = FACE_BOUND('',#9096,.T.);
#9096 = EDGE_LOOP('',(#9097,#9098,#9106,#9114));
#9097 = ORIENTED_EDGE('',*,*,#9076,.T.);
#9098 = ORIENTED_EDGE('',*,*,#9099,.T.);
#9099 = EDGE_CURVE('',#9069,#9100,#9102,.T.);
#9100 = VERTEX_POINT('',#9101);
#9101 = CARTESIAN_POINT('',(27.8,250.,66.121));
#9102 = LINE('',#9103,#9104);
#9103 = CARTESIAN_POINT('',(27.5,250.,66.421));
#9104 = VECTOR('',#9105,1.);
#9105 = DIRECTION('',(0.707106781187,0.,-0.707106781187));
#9106 = ORIENTED_EDGE('',*,*,#9107,.F.);
#9107 = EDGE_CURVE('',#9108,#9100,#9110,.T.);
#9108 = VERTEX_POINT('',#9109);
#9109 = CARTESIAN_POINT('',(27.8,0.,66.121));
#9110 = LINE('',#9111,#9112);
#9111 = CARTESIAN_POINT('',(27.8,0.,66.121));
#9112 = VECTOR('',#9113,1.);
#9113 = DIRECTION('',(0.,1.,0.));
#9114 = ORIENTED_EDGE('',*,*,#9115,.F.);
#9115 = EDGE_CURVE('',#9077,#9108,#9116,.T.);
#9116 = LINE('',#9117,#9118);
#9117 = CARTESIAN_POINT('',(27.5,0.,66.421));
#9118 = VECTOR('',#9119,1.);
#9119 = DIRECTION('',(0.707106781187,0.,-0.707106781187));
#9120 = PLANE('',#9121);
#9121 = AXIS2_PLACEMENT_3D('',#9122,#9123,#9124);
#9122 = CARTESIAN_POINT('',(27.5,0.,66.421));
#9123 = DIRECTION('',(-0.707106781187,0.,-0.707106781187));
#9124 = DIRECTION('',(0.707106781187,0.,-0.707106781187));
#9125 = ADVANCED_FACE('',(#9126),#9151,.T.);
#9126 = FACE_BOUND('',#9127,.T.);
#9127 = EDGE_LOOP('',(#9128,#9129,#9137,#9145));
#9128 = ORIENTED_EDGE('',*,*,#9107,.T.);
#9129 = ORIENTED_EDGE('',*,*,#9130,.T.);
#9130 = EDGE_CURVE('',#9100,#9131,#9133,.T.);
#9131 = VERTEX_POINT('',#9132);
#9132 = CARTESIAN_POINT('',(22.8,250.,66.121));
#9133 = LINE('',#9134,#9135);
#9134 = CARTESIAN_POINT('',(27.8,250.,66.121));
#9135 = VECTOR('',#9136,1.);
#9136 = DIRECTION('',(-1.,0.,0.));
#9137 = ORIENTED_EDGE('',*,*,#9138,.F.);
#9138 = EDGE_CURVE('',#9139,#9131,#9141,.T.);
#9139 = VERTEX_POINT('',#9140);
#9140 = CARTESIAN_POINT('',(22.8,0.,66.121));
#9141 = LINE('',#9142,#9143);
#9142 = CARTESIAN_POINT('',(22.8,0.,66.121));
#9143 = VECTOR('',#9144,1.);
#9144 = DIRECTION('',(0.,1.,0.));
#9145 = ORIENTED_EDGE('',*,*,#9146,.F.);
#9146 = EDGE_CURVE('',#9108,#9139,#9147,.T.);
#9147 = LINE('',#9148,#9149);
#9148 = CARTESIAN_POINT('',(27.8,0.,66.121));
#9149 = VECTOR('',#9150,1.);
#9150 = DIRECTION('',(-1.,0.,0.));
#9151 = PLANE('',#9152);
#9152 = AXIS2_PLACEMENT_3D('',#9153,#9154,#9155);
#9153 = CARTESIAN_POINT('',(27.8,0.,66.121));
#9154 = DIRECTION('',(0.,-0.,1.));
#9155 = DIRECTION('',(-1.,0.,0.));
#9156 = ADVANCED_FACE('',(#9157),#9173,.T.);
#9157 = FACE_BOUND('',#9158,.T.);
#9158 = EDGE_LOOP('',(#9159,#9160,#9166,#9167));
#9159 = ORIENTED_EDGE('',*,*,#9138,.T.);
#9160 = ORIENTED_EDGE('',*,*,#9161,.T.);
#9161 = EDGE_CURVE('',#9131,#3388,#9162,.T.);
#9162 = LINE('',#9163,#9164);
#9163 = CARTESIAN_POINT('',(22.8,250.,66.121));
#9164 = VECTOR('',#9165,1.);
#9165 = DIRECTION('',(0.,0.,-1.));
#9166 = ORIENTED_EDGE('',*,*,#3385,.F.);
#9167 = ORIENTED_EDGE('',*,*,#9168,.F.);
#9168 = EDGE_CURVE('',#9139,#3386,#9169,.T.);
#9169 = LINE('',#9170,#9171);
#9170 = CARTESIAN_POINT('',(22.8,0.,66.121));
#9171 = VECTOR('',#9172,1.);
#9172 = DIRECTION('',(0.,0.,-1.));
#9173 = PLANE('',#9174);
#9174 = AXIS2_PLACEMENT_3D('',#9175,#9176,#9177);
#9175 = CARTESIAN_POINT('',(22.8,0.,66.121));
#9176 = DIRECTION('',(-1.,0.,0.));
#9177 = DIRECTION('',(0.,0.,-1.));
#9178 = ADVANCED_FACE('',(#9179),#9368,.T.);
#9179 = FACE_BOUND('',#9180,.T.);
#9180 = EDGE_LOOP('',(#9181,#9182,#9183,#9184,#9185,#9186,#9187,#9188,
    #9189,#9190,#9191,#9192,#9193,#9194,#9195,#9196,#9197,#9198,#9199,
    #9200,#9201,#9202,#9203,#9204,#9205,#9206,#9207,#9208,#9209,#9210,
    #9211,#9212,#9213,#9214,#9215,#9216,#9217,#9218,#9219,#9220,#9221,
    #9222,#9223,#9224,#9225,#9226,#9227,#9228,#9229,#9230,#9231,#9232,
    #9233,#9234,#9235,#9236,#9237,#9238,#9239,#9240,#9241,#9242,#9243,
    #9244,#9245,#9246,#9247,#9248,#9249,#9250,#9251,#9252,#9253,#9254,
    #9255,#9256,#9257,#9258,#9259,#9260,#9261,#9262,#9263,#9264,#9265,
    #9266,#9267,#9268,#9269,#9270,#9271,#9272,#9273,#9274,#9275,#9276,
    #9277,#9278,#9279,#9280,#9281,#9282,#9283,#9284,#9285,#9286,#9287,
    #9288,#9289,#9290,#9291,#9292,#9293,#9294,#9295,#9296,#9297,#9298,
    #9299,#9300,#9301,#9302,#9303,#9304,#9305,#9306,#9307,#9308,#9309,
    #9310,#9311,#9312,#9313,#9314,#9315,#9316,#9317,#9318,#9319,#9320,
    #9321,#9322,#9323,#9324,#9325,#9326,#9327,#9328,#9329,#9330,#9331,
    #9332,#9333,#9334,#9335,#9336,#9337,#9338,#9339,#9340,#9341,#9342,
    #9343,#9344,#9345,#9346,#9347,#9348,#9349,#9350,#9351,#9352,#9353,
    #9354,#9355,#9356,#9357,#9358,#9359,#9360,#9361,#9362,#9363,#9364,
    #9365,#9366,#9367));
#9181 = ORIENTED_EDGE('',*,*,#3411,.T.);
#9182 = ORIENTED_EDGE('',*,*,#3442,.T.);
#9183 = ORIENTED_EDGE('',*,*,#3473,.T.);
#9184 = ORIENTED_EDGE('',*,*,#3504,.T.);
#9185 = ORIENTED_EDGE('',*,*,#3535,.T.);
#9186 = ORIENTED_EDGE('',*,*,#3566,.T.);
#9187 = ORIENTED_EDGE('',*,*,#3597,.T.);
#9188 = ORIENTED_EDGE('',*,*,#3628,.T.);
#9189 = ORIENTED_EDGE('',*,*,#3659,.T.);
#9190 = ORIENTED_EDGE('',*,*,#3690,.T.);
#9191 = ORIENTED_EDGE('',*,*,#3721,.T.);
#9192 = ORIENTED_EDGE('',*,*,#3752,.T.);
#9193 = ORIENTED_EDGE('',*,*,#3783,.T.);
#9194 = ORIENTED_EDGE('',*,*,#3814,.T.);
#9195 = ORIENTED_EDGE('',*,*,#3845,.T.);
#9196 = ORIENTED_EDGE('',*,*,#3876,.T.);
#9197 = ORIENTED_EDGE('',*,*,#3907,.T.);
#9198 = ORIENTED_EDGE('',*,*,#3938,.T.);
#9199 = ORIENTED_EDGE('',*,*,#3969,.T.);
#9200 = ORIENTED_EDGE('',*,*,#4000,.T.);
#9201 = ORIENTED_EDGE('',*,*,#4031,.T.);
#9202 = ORIENTED_EDGE('',*,*,#4062,.T.);
#9203 = ORIENTED_EDGE('',*,*,#4093,.T.);
#9204 = ORIENTED_EDGE('',*,*,#4124,.T.);
#9205 = ORIENTED_EDGE('',*,*,#4155,.T.);
#9206 = ORIENTED_EDGE('',*,*,#4186,.T.);
#9207 = ORIENTED_EDGE('',*,*,#4217,.T.);
#9208 = ORIENTED_EDGE('',*,*,#4248,.T.);
#9209 = ORIENTED_EDGE('',*,*,#4279,.T.);
#9210 = ORIENTED_EDGE('',*,*,#4310,.T.);
#9211 = ORIENTED_EDGE('',*,*,#4341,.T.);
#9212 = ORIENTED_EDGE('',*,*,#4372,.T.);
#9213 = ORIENTED_EDGE('',*,*,#4403,.T.);
#9214 = ORIENTED_EDGE('',*,*,#4434,.T.);
#9215 = ORIENTED_EDGE('',*,*,#4465,.T.);
#9216 = ORIENTED_EDGE('',*,*,#4496,.T.);
#9217 = ORIENTED_EDGE('',*,*,#4527,.T.);
#9218 = ORIENTED_EDGE('',*,*,#4558,.T.);
#9219 = ORIENTED_EDGE('',*,*,#4589,.T.);
#9220 = ORIENTED_EDGE('',*,*,#4620,.T.);
#9221 = ORIENTED_EDGE('',*,*,#4651,.T.);
#9222 = ORIENTED_EDGE('',*,*,#4682,.T.);
#9223 = ORIENTED_EDGE('',*,*,#4713,.T.);
#9224 = ORIENTED_EDGE('',*,*,#4744,.T.);
#9225 = ORIENTED_EDGE('',*,*,#4775,.T.);
#9226 = ORIENTED_EDGE('',*,*,#4806,.T.);
#9227 = ORIENTED_EDGE('',*,*,#4837,.T.);
#9228 = ORIENTED_EDGE('',*,*,#4868,.T.);
#9229 = ORIENTED_EDGE('',*,*,#4899,.T.);
#9230 = ORIENTED_EDGE('',*,*,#4930,.T.);
#9231 = ORIENTED_EDGE('',*,*,#4961,.T.);
#9232 = ORIENTED_EDGE('',*,*,#4992,.T.);
#9233 = ORIENTED_EDGE('',*,*,#5023,.T.);
#9234 = ORIENTED_EDGE('',*,*,#5054,.T.);
#9235 = ORIENTED_EDGE('',*,*,#5085,.T.);
#9236 = ORIENTED_EDGE('',*,*,#5116,.T.);
#9237 = ORIENTED_EDGE('',*,*,#5147,.T.);
#9238 = ORIENTED_EDGE('',*,*,#5178,.T.);
#9239 = ORIENTED_EDGE('',*,*,#5209,.T.);
#9240 = ORIENTED_EDGE('',*,*,#5240,.T.);
#9241 = ORIENTED_EDGE('',*,*,#5271,.T.);
#9242 = ORIENTED_EDGE('',*,*,#5302,.T.);
#9243 = ORIENTED_EDGE('',*,*,#5333,.T.);
#9244 = ORIENTED_EDGE('',*,*,#5364,.T.);
#9245 = ORIENTED_EDGE('',*,*,#5395,.T.);
#9246 = ORIENTED_EDGE('',*,*,#5426,.T.);
#9247 = ORIENTED_EDGE('',*,*,#5457,.T.);
#9248 = ORIENTED_EDGE('',*,*,#5488,.T.);
#9249 = ORIENTED_EDGE('',*,*,#5519,.T.);
#9250 = ORIENTED_EDGE('',*,*,#5550,.T.);
#9251 = ORIENTED_EDGE('',*,*,#5581,.T.);
#9252 = ORIENTED_EDGE('',*,*,#5612,.T.);
#9253 = ORIENTED_EDGE('',*,*,#5643,.T.);
#9254 = ORIENTED_EDGE('',*,*,#5674,.T.);
#9255 = ORIENTED_EDGE('',*,*,#5705,.T.);
#9256 = ORIENTED_EDGE('',*,*,#5736,.T.);
#9257 = ORIENTED_EDGE('',*,*,#5767,.T.);
#9258 = ORIENTED_EDGE('',*,*,#5798,.T.);
#9259 = ORIENTED_EDGE('',*,*,#5829,.T.);
#9260 = ORIENTED_EDGE('',*,*,#5860,.T.);
#9261 = ORIENTED_EDGE('',*,*,#5891,.T.);
#9262 = ORIENTED_EDGE('',*,*,#5922,.T.);
#9263 = ORIENTED_EDGE('',*,*,#5953,.T.);
#9264 = ORIENTED_EDGE('',*,*,#5984,.T.);
#9265 = ORIENTED_EDGE('',*,*,#6015,.T.);
#9266 = ORIENTED_EDGE('',*,*,#6046,.T.);
#9267 = ORIENTED_EDGE('',*,*,#6077,.T.);
#9268 = ORIENTED_EDGE('',*,*,#6108,.T.);
#9269 = ORIENTED_EDGE('',*,*,#6139,.T.);
#9270 = ORIENTED_EDGE('',*,*,#6170,.T.);
#9271 = ORIENTED_EDGE('',*,*,#6201,.T.);
#9272 = ORIENTED_EDGE('',*,*,#6232,.T.);
#9273 = ORIENTED_EDGE('',*,*,#6263,.T.);
#9274 = ORIENTED_EDGE('',*,*,#6294,.T.);
#9275 = ORIENTED_EDGE('',*,*,#6325,.T.);
#9276 = ORIENTED_EDGE('',*,*,#6356,.T.);
#9277 = ORIENTED_EDGE('',*,*,#6387,.T.);
#9278 = ORIENTED_EDGE('',*,*,#6418,.T.);
#9279 = ORIENTED_EDGE('',*,*,#6449,.T.);
#9280 = ORIENTED_EDGE('',*,*,#6480,.T.);
#9281 = ORIENTED_EDGE('',*,*,#6511,.T.);
#9282 = ORIENTED_EDGE('',*,*,#6542,.T.);
#9283 = ORIENTED_EDGE('',*,*,#6573,.T.);
#9284 = ORIENTED_EDGE('',*,*,#6604,.T.);
#9285 = ORIENTED_EDGE('',*,*,#6635,.T.);
#9286 = ORIENTED_EDGE('',*,*,#6666,.T.);
#9287 = ORIENTED_EDGE('',*,*,#6697,.T.);
#9288 = ORIENTED_EDGE('',*,*,#6728,.T.);
#9289 = ORIENTED_EDGE('',*,*,#6759,.T.);
#9290 = ORIENTED_EDGE('',*,*,#6790,.T.);
#9291 = ORIENTED_EDGE('',*,*,#6821,.T.);
#9292 = ORIENTED_EDGE('',*,*,#6852,.T.);
#9293 = ORIENTED_EDGE('',*,*,#6883,.T.);
#9294 = ORIENTED_EDGE('',*,*,#6914,.T.);
#9295 = ORIENTED_EDGE('',*,*,#6945,.T.);
#9296 = ORIENTED_EDGE('',*,*,#6976,.T.);
#9297 = ORIENTED_EDGE('',*,*,#7007,.T.);
#9298 = ORIENTED_EDGE('',*,*,#7038,.T.);
#9299 = ORIENTED_EDGE('',*,*,#7069,.T.);
#9300 = ORIENTED_EDGE('',*,*,#7100,.T.);
#9301 = ORIENTED_EDGE('',*,*,#7131,.T.);
#9302 = ORIENTED_EDGE('',*,*,#7162,.T.);
#9303 = ORIENTED_EDGE('',*,*,#7193,.T.);
#9304 = ORIENTED_EDGE('',*,*,#7224,.T.);
#9305 = ORIENTED_EDGE('',*,*,#7255,.T.);
#9306 = ORIENTED_EDGE('',*,*,#7286,.T.);
#9307 = ORIENTED_EDGE('',*,*,#7317,.T.);
#9308 = ORIENTED_EDGE('',*,*,#7348,.T.);
#9309 = ORIENTED_EDGE('',*,*,#7379,.T.);
#9310 = ORIENTED_EDGE('',*,*,#7410,.T.);
#9311 = ORIENTED_EDGE('',*,*,#7441,.T.);
#9312 = ORIENTED_EDGE('',*,*,#7472,.T.);
#9313 = ORIENTED_EDGE('',*,*,#7503,.T.);
#9314 = ORIENTED_EDGE('',*,*,#7534,.T.);
#9315 = ORIENTED_EDGE('',*,*,#7565,.T.);
#9316 = ORIENTED_EDGE('',*,*,#7596,.T.);
#9317 = ORIENTED_EDGE('',*,*,#7627,.T.);
#9318 = ORIENTED_EDGE('',*,*,#7658,.T.);
#9319 = ORIENTED_EDGE('',*,*,#7689,.T.);
#9320 = ORIENTED_EDGE('',*,*,#7720,.T.);
#9321 = ORIENTED_EDGE('',*,*,#7751,.T.);
#9322 = ORIENTED_EDGE('',*,*,#7782,.T.);
#9323 = ORIENTED_EDGE('',*,*,#7813,.T.);
#9324 = ORIENTED_EDGE('',*,*,#7844,.T.);
#9325 = ORIENTED_EDGE('',*,*,#7875,.T.);
#9326 = ORIENTED_EDGE('',*,*,#7906,.T.);
#9327 = ORIENTED_EDGE('',*,*,#7937,.T.);
#9328 = ORIENTED_EDGE('',*,*,#7968,.T.);
#9329 = ORIENTED_EDGE('',*,*,#7999,.T.);
#9330 = ORIENTED_EDGE('',*,*,#8030,.T.);
#9331 = ORIENTED_EDGE('',*,*,#8061,.T.);
#9332 = ORIENTED_EDGE('',*,*,#8092,.T.);
#9333 = ORIENTED_EDGE('',*,*,#8123,.T.);
#9334 = ORIENTED_EDGE('',*,*,#8154,.T.);
#9335 = ORIENTED_EDGE('',*,*,#8185,.T.);
#9336 = ORIENTED_EDGE('',*,*,#8216,.T.);
#9337 = ORIENTED_EDGE('',*,*,#8247,.T.);
#9338 = ORIENTED_EDGE('',*,*,#8278,.T.);
#9339 = ORIENTED_EDGE('',*,*,#8309,.T.);
#9340 = ORIENTED_EDGE('',*,*,#8340,.T.);
#9341 = ORIENTED_EDGE('',*,*,#8371,.T.);
#9342 = ORIENTED_EDGE('',*,*,#8402,.T.);
#9343 = ORIENTED_EDGE('',*,*,#8433,.T.);
#9344 = ORIENTED_EDGE('',*,*,#8464,.T.);
#9345 = ORIENTED_EDGE('',*,*,#8495,.T.);
#9346 = ORIENTED_EDGE('',*,*,#8526,.T.);
#9347 = ORIENTED_EDGE('',*,*,#8557,.T.);
#9348 = ORIENTED_EDGE('',*,*,#8588,.T.);
#9349 = ORIENTED_EDGE('',*,*,#8619,.T.);
#9350 = ORIENTED_EDGE('',*,*,#8650,.T.);
#9351 = ORIENTED_EDGE('',*,*,#8681,.T.);
#9352 = ORIENTED_EDGE('',*,*,#8712,.T.);
#9353 = ORIENTED_EDGE('',*,*,#8743,.T.);
#9354 = ORIENTED_EDGE('',*,*,#8774,.T.);
#9355 = ORIENTED_EDGE('',*,*,#8805,.T.);
#9356 = ORIENTED_EDGE('',*,*,#8836,.T.);
#9357 = ORIENTED_EDGE('',*,*,#8867,.T.);
#9358 = ORIENTED_EDGE('',*,*,#8898,.T.);
#9359 = ORIENTED_EDGE('',*,*,#8929,.T.);
#9360 = ORIENTED_EDGE('',*,*,#8960,.T.);
#9361 = ORIENTED_EDGE('',*,*,#8991,.T.);
#9362 = ORIENTED_EDGE('',*,*,#9022,.T.);
#9363 = ORIENTED_EDGE('',*,*,#9053,.T.);
#9364 = ORIENTED_EDGE('',*,*,#9084,.T.);
#9365 = ORIENTED_EDGE('',*,*,#9115,.T.);
#9366 = ORIENTED_EDGE('',*,*,#9146,.T.);
#9367 = ORIENTED_EDGE('',*,*,#9168,.T.);
#9368 = PLANE('',#9369);
#9369 = AXIS2_PLACEMENT_3D('',#9370,#9371,#9372);
#9370 = CARTESIAN_POINT('',(29.470571941313,0.,43.586739304761));
#9371 = DIRECTION('',(-0.,-1.,-0.));
#9372 = DIRECTION('',(0.,0.,-1.));
#9373 = ADVANCED_FACE('',(#9374),#9563,.F.);
#9374 = FACE_BOUND('',#9375,.F.);
#9375 = EDGE_LOOP('',(#9376,#9377,#9378,#9379,#9380,#9381,#9382,#9383,
    #9384,#9385,#9386,#9387,#9388,#9389,#9390,#9391,#9392,#9393,#9394,
    #9395,#9396,#9397,#9398,#9399,#9400,#9401,#9402,#9403,#9404,#9405,
    #9406,#9407,#9408,#9409,#9410,#9411,#9412,#9413,#9414,#9415,#9416,
    #9417,#9418,#9419,#9420,#9421,#9422,#9423,#9424,#9425,#9426,#9427,
    #9428,#9429,#9430,#9431,#9432,#9433,#9434,#9435,#9436,#9437,#9438,
    #9439,#9440,#9441,#9442,#9443,#9444,#9445,#9446,#9447,#9448,#9449,
    #9450,#9451,#9452,#9453,#9454,#9455,#9456,#9457,#9458,#9459,#9460,
    #9461,#9462,#9463,#9464,#9465,#9466,#9467,#9468,#9469,#9470,#9471,
    #9472,#9473,#9474,#9475,#9476,#9477,#9478,#9479,#9480,#9481,#9482,
    #9483,#9484,#9485,#9486,#9487,#9488,#9489,#9490,#9491,#9492,#9493,
    #9494,#9495,#9496,#9497,#9498,#9499,#9500,#9501,#9502,#9503,#9504,
    #9505,#9506,#9507,#9508,#9509,#9510,#9511,#9512,#9513,#9514,#9515,
    #9516,#9517,#9518,#9519,#9520,#9521,#9522,#9523,#9524,#9525,#9526,
    #9527,#9528,#9529,#9530,#9531,#9532,#9533,#9534,#9535,#9536,#9537,
    #9538,#9539,#9540,#9541,#9542,#9543,#9544,#9545,#9546,#9547,#9548,
    #9549,#9550,#9551,#9552,#9553,#9554,#9555,#9556,#9557,#9558,#9559,
    #9560,#9561,#9562));
#9376 = ORIENTED_EDGE('',*,*,#3395,.T.);
#9377 = ORIENTED_EDGE('',*,*,#3426,.T.);
#9378 = ORIENTED_EDGE('',*,*,#3457,.T.);
#9379 = ORIENTED_EDGE('',*,*,#3488,.T.);
#9380 = ORIENTED_EDGE('',*,*,#3519,.T.);
#9381 = ORIENTED_EDGE('',*,*,#3550,.T.);
#9382 = ORIENTED_EDGE('',*,*,#3581,.T.);
#9383 = ORIENTED_EDGE('',*,*,#3612,.T.);
#9384 = ORIENTED_EDGE('',*,*,#3643,.T.);
#9385 = ORIENTED_EDGE('',*,*,#3674,.T.);
#9386 = ORIENTED_EDGE('',*,*,#3705,.T.);
#9387 = ORIENTED_EDGE('',*,*,#3736,.T.);
#9388 = ORIENTED_EDGE('',*,*,#3767,.T.);
#9389 = ORIENTED_EDGE('',*,*,#3798,.T.);
#9390 = ORIENTED_EDGE('',*,*,#3829,.T.);
#9391 = ORIENTED_EDGE('',*,*,#3860,.T.);
#9392 = ORIENTED_EDGE('',*,*,#3891,.T.);
#9393 = ORIENTED_EDGE('',*,*,#3922,.T.);
#9394 = ORIENTED_EDGE('',*,*,#3953,.T.);
#9395 = ORIENTED_EDGE('',*,*,#3984,.T.);
#9396 = ORIENTED_EDGE('',*,*,#4015,.T.);
#9397 = ORIENTED_EDGE('',*,*,#4046,.T.);
#9398 = ORIENTED_EDGE('',*,*,#4077,.T.);
#9399 = ORIENTED_EDGE('',*,*,#4108,.T.);
#9400 = ORIENTED_EDGE('',*,*,#4139,.T.);
#9401 = ORIENTED_EDGE('',*,*,#4170,.T.);
#9402 = ORIENTED_EDGE('',*,*,#4201,.T.);
#9403 = ORIENTED_EDGE('',*,*,#4232,.T.);
#9404 = ORIENTED_EDGE('',*,*,#4263,.T.);
#9405 = ORIENTED_EDGE('',*,*,#4294,.T.);
#9406 = ORIENTED_EDGE('',*,*,#4325,.T.);
#9407 = ORIENTED_EDGE('',*,*,#4356,.T.);
#9408 = ORIENTED_EDGE('',*,*,#4387,.T.);
#9409 = ORIENTED_EDGE('',*,*,#4418,.T.);
#9410 = ORIENTED_EDGE('',*,*,#4449,.T.);
#9411 = ORIENTED_EDGE('',*,*,#4480,.T.);
#9412 = ORIENTED_EDGE('',*,*,#4511,.T.);
#9413 = ORIENTED_EDGE('',*,*,#4542,.T.);
#9414 = ORIENTED_EDGE('',*,*,#4573,.T.);
#9415 = ORIENTED_EDGE('',*,*,#4604,.T.);
#9416 = ORIENTED_EDGE('',*,*,#4635,.T.);
#9417 = ORIENTED_EDGE('',*,*,#4666,.T.);
#9418 = ORIENTED_EDGE('',*,*,#4697,.T.);
#9419 = ORIENTED_EDGE('',*,*,#4728,.T.);
#9420 = ORIENTED_EDGE('',*,*,#4759,.T.);
#9421 = ORIENTED_EDGE('',*,*,#4790,.T.);
#9422 = ORIENTED_EDGE('',*,*,#4821,.T.);
#9423 = ORIENTED_EDGE('',*,*,#4852,.T.);
#9424 = ORIENTED_EDGE('',*,*,#4883,.T.);
#9425 = ORIENTED_EDGE('',*,*,#4914,.T.);
#9426 = ORIENTED_EDGE('',*,*,#4945,.T.);
#9427 = ORIENTED_EDGE('',*,*,#4976,.T.);
#9428 = ORIENTED_EDGE('',*,*,#5007,.T.);
#9429 = ORIENTED_EDGE('',*,*,#5038,.T.);
#9430 = ORIENTED_EDGE('',*,*,#5069,.T.);
#9431 = ORIENTED_EDGE('',*,*,#5100,.T.);
#9432 = ORIENTED_EDGE('',*,*,#5131,.T.);
#9433 = ORIENTED_EDGE('',*,*,#5162,.T.);
#9434 = ORIENTED_EDGE('',*,*,#5193,.T.);
#9435 = ORIENTED_EDGE('',*,*,#5224,.T.);
#9436 = ORIENTED_EDGE('',*,*,#5255,.T.);
#9437 = ORIENTED_EDGE('',*,*,#5286,.T.);
#9438 = ORIENTED_EDGE('',*,*,#5317,.T.);
#9439 = ORIENTED_EDGE('',*,*,#5348,.T.);
#9440 = ORIENTED_EDGE('',*,*,#5379,.T.);
#9441 = ORIENTED_EDGE('',*,*,#5410,.T.);
#9442 = ORIENTED_EDGE('',*,*,#5441,.T.);
#9443 = ORIENTED_EDGE('',*,*,#5472,.T.);
#9444 = ORIENTED_EDGE('',*,*,#5503,.T.);
#9445 = ORIENTED_EDGE('',*,*,#5534,.T.);
#9446 = ORIENTED_EDGE('',*,*,#5565,.T.);
#9447 = ORIENTED_EDGE('',*,*,#5596,.T.);
#9448 = ORIENTED_EDGE('',*,*,#5627,.T.);
#9449 = ORIENTED_EDGE('',*,*,#5658,.T.);
#9450 = ORIENTED_EDGE('',*,*,#5689,.T.);
#9451 = ORIENTED_EDGE('',*,*,#5720,.T.);
#9452 = ORIENTED_EDGE('',*,*,#5751,.T.);
#9453 = ORIENTED_EDGE('',*,*,#5782,.T.);
#9454 = ORIENTED_EDGE('',*,*,#5813,.T.);
#9455 = ORIENTED_EDGE('',*,*,#5844,.T.);
#9456 = ORIENTED_EDGE('',*,*,#5875,.T.);
#9457 = ORIENTED_EDGE('',*,*,#5906,.T.);
#9458 = ORIENTED_EDGE('',*,*,#5937,.T.);
#9459 = ORIENTED_EDGE('',*,*,#5968,.T.);
#9460 = ORIENTED_EDGE('',*,*,#5999,.T.);
#9461 = ORIENTED_EDGE('',*,*,#6030,.T.);
#9462 = ORIENTED_EDGE('',*,*,#6061,.T.);
#9463 = ORIENTED_EDGE('',*,*,#6092,.T.);
#9464 = ORIENTED_EDGE('',*,*,#6123,.T.);
#9465 = ORIENTED_EDGE('',*,*,#6154,.T.);
#9466 = ORIENTED_EDGE('',*,*,#6185,.T.);
#9467 = ORIENTED_EDGE('',*,*,#6216,.T.);
#9468 = ORIENTED_EDGE('',*,*,#6247,.T.);
#9469 = ORIENTED_EDGE('',*,*,#6278,.T.);
#9470 = ORIENTED_EDGE('',*,*,#6309,.T.);
#9471 = ORIENTED_EDGE('',*,*,#6340,.T.);
#9472 = ORIENTED_EDGE('',*,*,#6371,.T.);
#9473 = ORIENTED_EDGE('',*,*,#6402,.T.);
#9474 = ORIENTED_EDGE('',*,*,#6433,.T.);
#9475 = ORIENTED_EDGE('',*,*,#6464,.T.);
#9476 = ORIENTED_EDGE('',*,*,#6495,.T.);
#9477 = ORIENTED_EDGE('',*,*,#6526,.T.);
#9478 = ORIENTED_EDGE('',*,*,#6557,.T.);
#9479 = ORIENTED_EDGE('',*,*,#6588,.T.);
#9480 = ORIENTED_EDGE('',*,*,#6619,.T.);
#9481 = ORIENTED_EDGE('',*,*,#6650,.T.);
#9482 = ORIENTED_EDGE('',*,*,#6681,.T.);
#9483 = ORIENTED_EDGE('',*,*,#6712,.T.);
#9484 = ORIENTED_EDGE('',*,*,#6743,.T.);
#9485 = ORIENTED_EDGE('',*,*,#6774,.T.);
#9486 = ORIENTED_EDGE('',*,*,#6805,.T.);
#9487 = ORIENTED_EDGE('',*,*,#6836,.T.);
#9488 = ORIENTED_EDGE('',*,*,#6867,.T.);
#9489 = ORIENTED_EDGE('',*,*,#6898,.T.);
#9490 = ORIENTED_EDGE('',*,*,#6929,.T.);
#9491 = ORIENTED_EDGE('',*,*,#6960,.T.);
#9492 = ORIENTED_EDGE('',*,*,#6991,.T.);
#9493 = ORIENTED_EDGE('',*,*,#7022,.T.);
#9494 = ORIENTED_EDGE('',*,*,#7053,.T.);
#9495 = ORIENTED_EDGE('',*,*,#7084,.T.);
#9496 = ORIENTED_EDGE('',*,*,#7115,.T.);
#9497 = ORIENTED_EDGE('',*,*,#7146,.T.);
#9498 = ORIENTED_EDGE('',*,*,#7177,.T.);
#9499 = ORIENTED_EDGE('',*,*,#7208,.T.);
#9500 = ORIENTED_EDGE('',*,*,#7239,.T.);
#9501 = ORIENTED_EDGE('',*,*,#7270,.T.);
#9502 = ORIENTED_EDGE('',*,*,#7301,.T.);
#9503 = ORIENTED_EDGE('',*,*,#7332,.T.);
#9504 = ORIENTED_EDGE('',*,*,#7363,.T.);
#9505 = ORIENTED_EDGE('',*,*,#7394,.T.);
#9506 = ORIENTED_EDGE('',*,*,#7425,.T.);
#9507 = ORIENTED_EDGE('',*,*,#7456,.T.);
#9508 = ORIENTED_EDGE('',*,*,#7487,.T.);
#9509 = ORIENTED_EDGE('',*,*,#7518,.T.);
#9510 = ORIENTED_EDGE('',*,*,#7549,.T.);
#9511 = ORIENTED_EDGE('',*,*,#7580,.T.);
#9512 = ORIENTED_EDGE('',*,*,#7611,.T.);
#9513 = ORIENTED_EDGE('',*,*,#7642,.T.);
#9514 = ORIENTED_EDGE('',*,*,#7673,.T.);
#9515 = ORIENTED_EDGE('',*,*,#7704,.T.);
#9516 = ORIENTED_EDGE('',*,*,#7735,.T.);
#9517 = ORIENTED_EDGE('',*,*,#7766,.T.);
#9518 = ORIENTED_EDGE('',*,*,#7797,.T.);
#9519 = ORIENTED_EDGE('',*,*,#7828,.T.);
#9520 = ORIENTED_EDGE('',*,*,#7859,.T.);
#9521 = ORIENTED_EDGE('',*,*,#7890,.T.);
#9522 = ORIENTED_EDGE('',*,*,#7921,.T.);
#9523 = ORIENTED_EDGE('',*,*,#7952,.T.);
#9524 = ORIENTED_EDGE('',*,*,#7983,.T.);
#9525 = ORIENTED_EDGE('',*,*,#8014,.T.);
#9526 = ORIENTED_EDGE('',*,*,#8045,.T.);
#9527 = ORIENTED_EDGE('',*,*,#8076,.T.);
#9528 = ORIENTED_EDGE('',*,*,#8107,.T.);
#9529 = ORIENTED_EDGE('',*,*,#8138,.T.);
#9530 = ORIENTED_EDGE('',*,*,#8169,.T.);
#9531 = ORIENTED_EDGE('',*,*,#8200,.T.);
#9532 = ORIENTED_EDGE('',*,*,#8231,.T.);
#9533 = ORIENTED_EDGE('',*,*,#8262,.T.);
#9534 = ORIENTED_EDGE('',*,*,#8293,.T.);
#9535 = ORIENTED_EDGE('',*,*,#8324,.T.);
#9536 = ORIENTED_EDGE('',*,*,#8355,.T.);
#9537 = ORIENTED_EDGE('',*,*,#8386,.T.);
#9538 = ORIENTED_EDGE('',*,*,#8417,.T.);
#9539 = ORIENTED_EDGE('',*,*,#8448,.T.);
#9540 = ORIENTED_EDGE('',*,*,#8479,.T.);
#9541 = ORIENTED_EDGE('',*,*,#8510,.T.);
#9542 = ORIENTED_EDGE('',*,*,#8541,.T.);
#9543 = ORIENTED_EDGE('',*,*,#8572,.T.);
#9544 = ORIENTED_EDGE('',*,*,#8603,.T.);
#9545 = ORIENTED_EDGE('',*,*,#8634,.T.);
#9546 = ORIENTED_EDGE('',*,*,#8665,.T.);
#9547 = ORIENTED_EDGE('',*,*,#8696,.T.);
#9548 = ORIENTED_EDGE('',*,*,#8727,.T.);
#9549 = ORIENTED_EDGE('',*,*,#8758,.T.);
#9550 = ORIENTED_EDGE('',*,*,#8789,.T.);
#9551 = ORIENTED_EDGE('',*,*,#8820,.T.);
#9552 = ORIENTED_EDGE('',*,*,#8851,.T.);
#9553 = ORIENTED_EDGE('',*,*,#8882,.T.);
#9554 = ORIENTED_EDGE('',*,*,#8913,.T.);
#9555 = ORIENTED_EDGE('',*,*,#8944,.T.);
#9556 = ORIENTED_EDGE('',*,*,#8975,.T.);
#9557 = ORIENTED_EDGE('',*,*,#9006,.T.);
#9558 = ORIENTED_EDGE('',*,*,#9037,.T.);
#9559 = ORIENTED_EDGE('',*,*,#9068,.T.);
#9560 = ORIENTED_EDGE('',*,*,#9099,.T.);
#9561 = ORIENTED_EDGE('',*,*,#9130,.T.);
#9562 = ORIENTED_EDGE('',*,*,#9161,.T.);
#9563 = PLANE('',#9564);
#9564 = AXIS2_PLACEMENT_3D('',#9565,#9566,#9567);
#9565 = CARTESIAN_POINT('',(29.470571941313,250.,43.586739304761));
#9566 = DIRECTION('',(-0.,-1.,-0.));
#9567 = DIRECTION('',(0.,0.,-1.));
#9568 = ( GEOMETRIC_REPRESENTATION_CONTEXT(3) 
GLOBAL_UNCERTAINTY_ASSIGNED_CONTEXT((#9572)) 
GLOBAL_UNIT_ASSIGNED_CONTEXT((#9569,#9570,#9571)) REPRESENTATION_CONTEXT
('Context #1','3D Context with UNIT and UNCERTAINTY') );
#9569 = ( LENGTH_UNIT() NAMED_UNIT(*) SI_UNIT(.MILLI.,.METRE.) );
#9570 = ( NAMED_UNIT(*) PLANE_ANGLE_UNIT() SI_UNIT($,.RADIAN.) );
#9571 = ( NAMED_UNIT(*) SI_UNIT($,.STERADIAN.) SOLID_ANGLE_UNIT() );
#9572 = UNCERTAINTY_MEASURE_WITH_UNIT(LENGTH_MEASURE(1.E-07),#9569,
  'distance_accuracy_value','confusion accuracy');
#9573 = CONTEXT_DEPENDENT_SHAPE_REPRESENTATION(#9574,#9576);
#9574 = ( REPRESENTATION_RELATIONSHIP('','',#3378,#10) 
REPRESENTATION_RELATIONSHIP_WITH_TRANSFORMATION(#9575) 
SHAPE_REPRESENTATION_RELATIONSHIP() );
#9575 = ITEM_DEFINED_TRANSFORMATION('','',#11,#23);
#9576 = PRODUCT_DEFINITION_SHAPE('Placement','Placement of an item',
  #9577);
#9577 = NEXT_ASSEMBLY_USAGE_OCCURRENCE('3','Seitenteil links','',#5,
  #3373,$);
#9578 = PRODUCT_RELATED_PRODUCT_CATEGORY('part',$,(#3375));
#9579 = SHAPE_DEFINITION_REPRESENTATION(#9580,#9586);
#9580 = PRODUCT_DEFINITION_SHAPE('','',#9581);
#9581 = PRODUCT_DEFINITION('design','',#9582,#9585);
#9582 = PRODUCT_DEFINITION_FORMATION('','',#9583);
#9583 = PRODUCT('Seitenteil rechts','Seitenteil rechts','',(#9584));
#9584 = PRODUCT_CONTEXT('',#2,'mechanical');
#9585 = PRODUCT_DEFINITION_CONTEXT('part definition',#2,'design');
#9586 = ADVANCED_BREP_SHAPE_REPRESENTATION('',(#11,#9587),#15776);
#9587 = MANIFOLD_SOLID_BREP('',#9588);
#9588 = CLOSED_SHELL('',(#9589,#9629,#9660,#9691,#9722,#9753,#9784,#9815
    ,#9846,#9877,#9908,#9939,#9970,#10001,#10032,#10063,#10094,#10125,
    #10156,#10187,#10218,#10249,#10280,#10311,#10342,#10373,#10404,
    #10435,#10466,#10497,#10528,#10559,#10590,#10621,#10652,#10683,
    #10714,#10745,#10776,#10807,#10838,#10869,#10900,#10931,#10962,
    #10993,#11024,#11055,#11086,#11117,#11148,#11179,#11210,#11241,
    #11272,#11303,#11334,#11365,#11396,#11427,#11458,#11489,#11520,
    #11551,#11582,#11613,#11644,#11675,#11706,#11737,#11768,#11799,
    #11830,#11861,#11892,#11923,#11954,#11985,#12016,#12047,#12078,
    #12109,#12140,#12171,#12202,#12233,#12264,#12295,#12326,#12357,
    #12388,#12419,#12450,#12481,#12512,#12543,#12574,#12605,#12636,
    #12667,#12698,#12729,#12760,#12791,#12822,#12853,#12884,#12915,
    #12946,#12977,#13008,#13039,#13070,#13101,#13132,#13163,#13194,
    #13225,#13256,#13287,#13318,#13349,#13380,#13411,#13442,#13473,
    #13504,#13535,#13566,#13597,#13628,#13659,#13690,#13721,#13752,
    #13783,#13814,#13845,#13876,#13907,#13938,#13969,#14000,#14031,
    #14062,#14093,#14124,#14155,#14186,#14217,#14248,#14279,#14310,
    #14341,#14372,#14403,#14434,#14465,#14496,#14527,#14558,#14589,
    #14620,#14651,#14682,#14713,#14744,#14775,#14806,#14837,#14868,
    #14899,#14930,#14961,#14992,#15023,#15054,#15085,#15116,#15147,
    #15178,#15209,#15240,#15271,#15302,#15333,#15364,#15386,#15581));
#9589 = ADVANCED_FACE('',(#9590),#9624,.F.);
#9590 = FACE_BOUND('',#9591,.F.);
#9591 = EDGE_LOOP('',(#9592,#9602,#9610,#9618));
#9592 = ORIENTED_EDGE('',*,*,#9593,.T.);
#9593 = EDGE_CURVE('',#9594,#9596,#9598,.T.);
#9594 = VERTEX_POINT('',#9595);
#9595 = CARTESIAN_POINT('',(459.8,0.,1.9));
#9596 = VERTEX_POINT('',#9597);
#9597 = CARTESIAN_POINT('',(459.8,250.,1.9));
#9598 = LINE('',#9599,#9600);
#9599 = CARTESIAN_POINT('',(459.8,0.,1.9));
#9600 = VECTOR('',#9601,1.);
#9601 = DIRECTION('',(0.,1.,0.));
#9602 = ORIENTED_EDGE('',*,*,#9603,.T.);
#9603 = EDGE_CURVE('',#9596,#9604,#9606,.T.);
#9604 = VERTEX_POINT('',#9605);
#9605 = CARTESIAN_POINT('',(457.8,250.,-0.1));
#9606 = LINE('',#9607,#9608);
#9607 = CARTESIAN_POINT('',(459.8,250.,1.9));
#9608 = VECTOR('',#9609,1.);
#9609 = DIRECTION('',(-0.707106781187,0.,-0.707106781187));
#9610 = ORIENTED_EDGE('',*,*,#9611,.F.);
#9611 = EDGE_CURVE('',#9612,#9604,#9614,.T.);
#9612 = VERTEX_POINT('',#9613);
#9613 = CARTESIAN_POINT('',(457.8,0.,-0.1));
#9614 = LINE('',#9615,#9616);
#9615 = CARTESIAN_POINT('',(457.8,0.,-0.1));
#9616 = VECTOR('',#9617,1.);
#9617 = DIRECTION('',(0.,1.,0.));
#9618 = ORIENTED_EDGE('',*,*,#9619,.F.);
#9619 = EDGE_CURVE('',#9594,#9612,#9620,.T.);
#9620 = LINE('',#9621,#9622);
#9621 = CARTESIAN_POINT('',(459.8,0.,1.9));
#9622 = VECTOR('',#9623,1.);
#9623 = DIRECTION('',(-0.707106781187,0.,-0.707106781187));
#9624 = PLANE('',#9625);
#9625 = AXIS2_PLACEMENT_3D('',#9626,#9627,#9628);
#9626 = CARTESIAN_POINT('',(459.8,0.,1.9));
#9627 = DIRECTION('',(-0.707106781187,0.,0.707106781187));
#9628 = DIRECTION('',(-0.707106781187,0.,-0.707106781187));
#9629 = ADVANCED_FACE('',(#9630),#9655,.F.);
#9630 = FACE_BOUND('',#9631,.F.);
#9631 = EDGE_LOOP('',(#9632,#9633,#9641,#9649));
#9632 = ORIENTED_EDGE('',*,*,#9611,.T.);
#9633 = ORIENTED_EDGE('',*,*,#9634,.T.);
#9634 = EDGE_CURVE('',#9604,#9635,#9637,.T.);
#9635 = VERTEX_POINT('',#9636);
#9636 = CARTESIAN_POINT('',(452.1,250.,-0.1));
#9637 = LINE('',#9638,#9639);
#9638 = CARTESIAN_POINT('',(457.8,250.,-0.1));
#9639 = VECTOR('',#9640,1.);
#9640 = DIRECTION('',(-1.,0.,0.));
#9641 = ORIENTED_EDGE('',*,*,#9642,.F.);
#9642 = EDGE_CURVE('',#9643,#9635,#9645,.T.);
#9643 = VERTEX_POINT('',#9644);
#9644 = CARTESIAN_POINT('',(452.1,0.,-0.1));
#9645 = LINE('',#9646,#9647);
#9646 = CARTESIAN_POINT('',(452.1,0.,-0.1));
#9647 = VECTOR('',#9648,1.);
#9648 = DIRECTION('',(0.,1.,0.));
#9649 = ORIENTED_EDGE('',*,*,#9650,.F.);
#9650 = EDGE_CURVE('',#9612,#9643,#9651,.T.);
#9651 = LINE('',#9652,#9653);
#9652 = CARTESIAN_POINT('',(457.8,0.,-0.1));
#9653 = VECTOR('',#9654,1.);
#9654 = DIRECTION('',(-1.,0.,0.));
#9655 = PLANE('',#9656);
#9656 = AXIS2_PLACEMENT_3D('',#9657,#9658,#9659);
#9657 = CARTESIAN_POINT('',(457.8,0.,-0.1));
#9658 = DIRECTION('',(0.,-0.,1.));
#9659 = DIRECTION('',(-1.,0.,0.));
#9660 = ADVANCED_FACE('',(#9661),#9686,.F.);
#9661 = FACE_BOUND('',#9662,.F.);
#9662 = EDGE_LOOP('',(#9663,#9664,#9672,#9680));
#9663 = ORIENTED_EDGE('',*,*,#9642,.T.);
#9664 = ORIENTED_EDGE('',*,*,#9665,.T.);
#9665 = EDGE_CURVE('',#9635,#9666,#9668,.T.);
#9666 = VERTEX_POINT('',#9667);
#9667 = CARTESIAN_POINT('',(451.8,250.,0.2));
#9668 = LINE('',#9669,#9670);
#9669 = CARTESIAN_POINT('',(452.1,250.,-0.1));
#9670 = VECTOR('',#9671,1.);
#9671 = DIRECTION('',(-0.707106781187,0.,0.707106781187));
#9672 = ORIENTED_EDGE('',*,*,#9673,.F.);
#9673 = EDGE_CURVE('',#9674,#9666,#9676,.T.);
#9674 = VERTEX_POINT('',#9675);
#9675 = CARTESIAN_POINT('',(451.8,0.,0.2));
#9676 = LINE('',#9677,#9678);
#9677 = CARTESIAN_POINT('',(451.8,0.,0.2));
#9678 = VECTOR('',#9679,1.);
#9679 = DIRECTION('',(0.,1.,0.));
#9680 = ORIENTED_EDGE('',*,*,#9681,.F.);
#9681 = EDGE_CURVE('',#9643,#9674,#9682,.T.);
#9682 = LINE('',#9683,#9684);
#9683 = CARTESIAN_POINT('',(452.1,0.,-0.1));
#9684 = VECTOR('',#9685,1.);
#9685 = DIRECTION('',(-0.707106781187,0.,0.707106781187));
#9686 = PLANE('',#9687);
#9687 = AXIS2_PLACEMENT_3D('',#9688,#9689,#9690);
#9688 = CARTESIAN_POINT('',(452.1,0.,-0.1));
#9689 = DIRECTION('',(0.707106781187,-0.,0.707106781187));
#9690 = DIRECTION('',(-0.707106781187,0.,0.707106781187));
#9691 = ADVANCED_FACE('',(#9692),#9717,.F.);
#9692 = FACE_BOUND('',#9693,.F.);
#9693 = EDGE_LOOP('',(#9694,#9695,#9703,#9711));
#9694 = ORIENTED_EDGE('',*,*,#9673,.T.);
#9695 = ORIENTED_EDGE('',*,*,#9696,.T.);
#9696 = EDGE_CURVE('',#9666,#9697,#9699,.T.);
#9697 = VERTEX_POINT('',#9698);
#9698 = CARTESIAN_POINT('',(451.5,250.,-0.1));
#9699 = LINE('',#9700,#9701);
#9700 = CARTESIAN_POINT('',(451.8,250.,0.2));
#9701 = VECTOR('',#9702,1.);
#9702 = DIRECTION('',(-0.707106781187,0.,-0.707106781187));
#9703 = ORIENTED_EDGE('',*,*,#9704,.F.);
#9704 = EDGE_CURVE('',#9705,#9697,#9707,.T.);
#9705 = VERTEX_POINT('',#9706);
#9706 = CARTESIAN_POINT('',(451.5,0.,-0.1));
#9707 = LINE('',#9708,#9709);
#9708 = CARTESIAN_POINT('',(451.5,0.,-0.1));
#9709 = VECTOR('',#9710,1.);
#9710 = DIRECTION('',(0.,1.,0.));
#9711 = ORIENTED_EDGE('',*,*,#9712,.F.);
#9712 = EDGE_CURVE('',#9674,#9705,#9713,.T.);
#9713 = LINE('',#9714,#9715);
#9714 = CARTESIAN_POINT('',(451.8,0.,0.2));
#9715 = VECTOR('',#9716,1.);
#9716 = DIRECTION('',(-0.707106781187,0.,-0.707106781187));
#9717 = PLANE('',#9718);
#9718 = AXIS2_PLACEMENT_3D('',#9719,#9720,#9721);
#9719 = CARTESIAN_POINT('',(451.8,0.,0.2));
#9720 = DIRECTION('',(-0.707106781187,0.,0.707106781187));
#9721 = DIRECTION('',(-0.707106781187,0.,-0.707106781187));
#9722 = ADVANCED_FACE('',(#9723),#9748,.F.);
#9723 = FACE_BOUND('',#9724,.F.);
#9724 = EDGE_LOOP('',(#9725,#9726,#9734,#9742));
#9725 = ORIENTED_EDGE('',*,*,#9704,.T.);
#9726 = ORIENTED_EDGE('',*,*,#9727,.T.);
#9727 = EDGE_CURVE('',#9697,#9728,#9730,.T.);
#9728 = VERTEX_POINT('',#9729);
#9729 = CARTESIAN_POINT('',(447.6,250.,-0.1));
#9730 = LINE('',#9731,#9732);
#9731 = CARTESIAN_POINT('',(451.5,250.,-0.1));
#9732 = VECTOR('',#9733,1.);
#9733 = DIRECTION('',(-1.,0.,0.));
#9734 = ORIENTED_EDGE('',*,*,#9735,.F.);
#9735 = EDGE_CURVE('',#9736,#9728,#9738,.T.);
#9736 = VERTEX_POINT('',#9737);
#9737 = CARTESIAN_POINT('',(447.6,0.,-0.1));
#9738 = LINE('',#9739,#9740);
#9739 = CARTESIAN_POINT('',(447.6,0.,-0.1));
#9740 = VECTOR('',#9741,1.);
#9741 = DIRECTION('',(0.,1.,0.));
#9742 = ORIENTED_EDGE('',*,*,#9743,.F.);
#9743 = EDGE_CURVE('',#9705,#9736,#9744,.T.);
#9744 = LINE('',#9745,#9746);
#9745 = CARTESIAN_POINT('',(451.5,0.,-0.1));
#9746 = VECTOR('',#9747,1.);
#9747 = DIRECTION('',(-1.,0.,0.));
#9748 = PLANE('',#9749);
#9749 = AXIS2_PLACEMENT_3D('',#9750,#9751,#9752);
#9750 = CARTESIAN_POINT('',(451.5,0.,-0.1));
#9751 = DIRECTION('',(0.,-0.,1.));
#9752 = DIRECTION('',(-1.,0.,0.));
#9753 = ADVANCED_FACE('',(#9754),#9779,.F.);
#9754 = FACE_BOUND('',#9755,.F.);
#9755 = EDGE_LOOP('',(#9756,#9757,#9765,#9773));
#9756 = ORIENTED_EDGE('',*,*,#9735,.T.);
#9757 = ORIENTED_EDGE('',*,*,#9758,.T.);
#9758 = EDGE_CURVE('',#9728,#9759,#9761,.T.);
#9759 = VERTEX_POINT('',#9760);
#9760 = CARTESIAN_POINT('',(446.8,250.,0.7));
#9761 = LINE('',#9762,#9763);
#9762 = CARTESIAN_POINT('',(447.6,250.,-0.1));
#9763 = VECTOR('',#9764,1.);
#9764 = DIRECTION('',(-0.707106781187,0.,0.707106781187));
#9765 = ORIENTED_EDGE('',*,*,#9766,.F.);
#9766 = EDGE_CURVE('',#9767,#9759,#9769,.T.);
#9767 = VERTEX_POINT('',#9768);
#9768 = CARTESIAN_POINT('',(446.8,0.,0.7));
#9769 = LINE('',#9770,#9771);
#9770 = CARTESIAN_POINT('',(446.8,0.,0.7));
#9771 = VECTOR('',#9772,1.);
#9772 = DIRECTION('',(0.,1.,0.));
#9773 = ORIENTED_EDGE('',*,*,#9774,.F.);
#9774 = EDGE_CURVE('',#9736,#9767,#9775,.T.);
#9775 = LINE('',#9776,#9777);
#9776 = CARTESIAN_POINT('',(447.6,0.,-0.1));
#9777 = VECTOR('',#9778,1.);
#9778 = DIRECTION('',(-0.707106781187,0.,0.707106781187));
#9779 = PLANE('',#9780);
#9780 = AXIS2_PLACEMENT_3D('',#9781,#9782,#9783);
#9781 = CARTESIAN_POINT('',(447.6,0.,-0.1));
#9782 = DIRECTION('',(0.707106781187,-0.,0.707106781187));
#9783 = DIRECTION('',(-0.707106781187,0.,0.707106781187));
#9784 = ADVANCED_FACE('',(#9785),#9810,.F.);
#9785 = FACE_BOUND('',#9786,.F.);
#9786 = EDGE_LOOP('',(#9787,#9788,#9796,#9804));
#9787 = ORIENTED_EDGE('',*,*,#9766,.T.);
#9788 = ORIENTED_EDGE('',*,*,#9789,.T.);
#9789 = EDGE_CURVE('',#9759,#9790,#9792,.T.);
#9790 = VERTEX_POINT('',#9791);
#9791 = CARTESIAN_POINT('',(446.8,250.,1.3));
#9792 = LINE('',#9793,#9794);
#9793 = CARTESIAN_POINT('',(446.8,250.,0.7));
#9794 = VECTOR('',#9795,1.);
#9795 = DIRECTION('',(0.,0.,1.));
#9796 = ORIENTED_EDGE('',*,*,#9797,.F.);
#9797 = EDGE_CURVE('',#9798,#9790,#9800,.T.);
#9798 = VERTEX_POINT('',#9799);
#9799 = CARTESIAN_POINT('',(446.8,0.,1.3));
#9800 = LINE('',#9801,#9802);
#9801 = CARTESIAN_POINT('',(446.8,0.,1.3));
#9802 = VECTOR('',#9803,1.);
#9803 = DIRECTION('',(0.,1.,0.));
#9804 = ORIENTED_EDGE('',*,*,#9805,.F.);
#9805 = EDGE_CURVE('',#9767,#9798,#9806,.T.);
#9806 = LINE('',#9807,#9808);
#9807 = CARTESIAN_POINT('',(446.8,0.,0.7));
#9808 = VECTOR('',#9809,1.);
#9809 = DIRECTION('',(0.,0.,1.));
#9810 = PLANE('',#9811);
#9811 = AXIS2_PLACEMENT_3D('',#9812,#9813,#9814);
#9812 = CARTESIAN_POINT('',(446.8,0.,0.7));
#9813 = DIRECTION('',(1.,0.,0.));
#9814 = DIRECTION('',(0.,0.,1.));
#9815 = ADVANCED_FACE('',(#9816),#9841,.F.);
#9816 = FACE_BOUND('',#9817,.F.);
#9817 = EDGE_LOOP('',(#9818,#9819,#9827,#9835));
#9818 = ORIENTED_EDGE('',*,*,#9797,.T.);
#9819 = ORIENTED_EDGE('',*,*,#9820,.T.);
#9820 = EDGE_CURVE('',#9790,#9821,#9823,.T.);
#9821 = VERTEX_POINT('',#9822);
#9822 = CARTESIAN_POINT('',(449.8,250.,1.3));
#9823 = LINE('',#9824,#9825);
#9824 = CARTESIAN_POINT('',(446.8,250.,1.3));
#9825 = VECTOR('',#9826,1.);
#9826 = DIRECTION('',(1.,0.,0.));
#9827 = ORIENTED_EDGE('',*,*,#9828,.F.);
#9828 = EDGE_CURVE('',#9829,#9821,#9831,.T.);
#9829 = VERTEX_POINT('',#9830);
#9830 = CARTESIAN_POINT('',(449.8,0.,1.3));
#9831 = LINE('',#9832,#9833);
#9832 = CARTESIAN_POINT('',(449.8,0.,1.3));
#9833 = VECTOR('',#9834,1.);
#9834 = DIRECTION('',(0.,1.,0.));
#9835 = ORIENTED_EDGE('',*,*,#9836,.F.);
#9836 = EDGE_CURVE('',#9798,#9829,#9837,.T.);
#9837 = LINE('',#9838,#9839);
#9838 = CARTESIAN_POINT('',(446.8,0.,1.3));
#9839 = VECTOR('',#9840,1.);
#9840 = DIRECTION('',(1.,0.,0.));
#9841 = PLANE('',#9842);
#9842 = AXIS2_PLACEMENT_3D('',#9843,#9844,#9845);
#9843 = CARTESIAN_POINT('',(446.8,0.,1.3));
#9844 = DIRECTION('',(0.,0.,-1.));
#9845 = DIRECTION('',(1.,0.,0.));
#9846 = ADVANCED_FACE('',(#9847),#9872,.F.);
#9847 = FACE_BOUND('',#9848,.F.);
#9848 = EDGE_LOOP('',(#9849,#9850,#9858,#9866));
#9849 = ORIENTED_EDGE('',*,*,#9828,.T.);
#9850 = ORIENTED_EDGE('',*,*,#9851,.T.);
#9851 = EDGE_CURVE('',#9821,#9852,#9854,.T.);
#9852 = VERTEX_POINT('',#9853);
#9853 = CARTESIAN_POINT('',(449.8,250.,2.9));
#9854 = LINE('',#9855,#9856);
#9855 = CARTESIAN_POINT('',(449.8,250.,1.3));
#9856 = VECTOR('',#9857,1.);
#9857 = DIRECTION('',(0.,0.,1.));
#9858 = ORIENTED_EDGE('',*,*,#9859,.F.);
#9859 = EDGE_CURVE('',#9860,#9852,#9862,.T.);
#9860 = VERTEX_POINT('',#9861);
#9861 = CARTESIAN_POINT('',(449.8,0.,2.9));
#9862 = LINE('',#9863,#9864);
#9863 = CARTESIAN_POINT('',(449.8,0.,2.9));
#9864 = VECTOR('',#9865,1.);
#9865 = DIRECTION('',(0.,1.,0.));
#9866 = ORIENTED_EDGE('',*,*,#9867,.F.);
#9867 = EDGE_CURVE('',#9829,#9860,#9868,.T.);
#9868 = LINE('',#9869,#9870);
#9869 = CARTESIAN_POINT('',(449.8,0.,1.3));
#9870 = VECTOR('',#9871,1.);
#9871 = DIRECTION('',(0.,0.,1.));
#9872 = PLANE('',#9873);
#9873 = AXIS2_PLACEMENT_3D('',#9874,#9875,#9876);
#9874 = CARTESIAN_POINT('',(449.8,0.,1.3));
#9875 = DIRECTION('',(1.,0.,0.));
#9876 = DIRECTION('',(0.,0.,1.));
#9877 = ADVANCED_FACE('',(#9878),#9903,.F.);
#9878 = FACE_BOUND('',#9879,.F.);
#9879 = EDGE_LOOP('',(#9880,#9881,#9889,#9897));
#9880 = ORIENTED_EDGE('',*,*,#9859,.T.);
#9881 = ORIENTED_EDGE('',*,*,#9882,.T.);
#9882 = EDGE_CURVE('',#9852,#9883,#9885,.T.);
#9883 = VERTEX_POINT('',#9884);
#9884 = CARTESIAN_POINT('',(445.7,250.,2.9));
#9885 = LINE('',#9886,#9887);
#9886 = CARTESIAN_POINT('',(449.8,250.,2.9));
#9887 = VECTOR('',#9888,1.);
#9888 = DIRECTION('',(-1.,0.,0.));
#9889 = ORIENTED_EDGE('',*,*,#9890,.F.);
#9890 = EDGE_CURVE('',#9891,#9883,#9893,.T.);
#9891 = VERTEX_POINT('',#9892);
#9892 = CARTESIAN_POINT('',(445.7,0.,2.9));
#9893 = LINE('',#9894,#9895);
#9894 = CARTESIAN_POINT('',(445.7,0.,2.9));
#9895 = VECTOR('',#9896,1.);
#9896 = DIRECTION('',(0.,1.,0.));
#9897 = ORIENTED_EDGE('',*,*,#9898,.F.);
#9898 = EDGE_CURVE('',#9860,#9891,#9899,.T.);
#9899 = LINE('',#9900,#9901);
#9900 = CARTESIAN_POINT('',(449.8,0.,2.9));
#9901 = VECTOR('',#9902,1.);
#9902 = DIRECTION('',(-1.,0.,0.));
#9903 = PLANE('',#9904);
#9904 = AXIS2_PLACEMENT_3D('',#9905,#9906,#9907);
#9905 = CARTESIAN_POINT('',(449.8,0.,2.9));
#9906 = DIRECTION('',(0.,-0.,1.));
#9907 = DIRECTION('',(-1.,0.,0.));
#9908 = ADVANCED_FACE('',(#9909),#9934,.F.);
#9909 = FACE_BOUND('',#9910,.F.);
#9910 = EDGE_LOOP('',(#9911,#9912,#9920,#9928));
#9911 = ORIENTED_EDGE('',*,*,#9890,.T.);
#9912 = ORIENTED_EDGE('',*,*,#9913,.T.);
#9913 = EDGE_CURVE('',#9883,#9914,#9916,.T.);
#9914 = VERTEX_POINT('',#9915);
#9915 = CARTESIAN_POINT('',(445.4,250.,3.2));
#9916 = LINE('',#9917,#9918);
#9917 = CARTESIAN_POINT('',(445.7,250.,2.9));
#9918 = VECTOR('',#9919,1.);
#9919 = DIRECTION('',(-0.707106781186,0.,0.707106781187));
#9920 = ORIENTED_EDGE('',*,*,#9921,.F.);
#9921 = EDGE_CURVE('',#9922,#9914,#9924,.T.);
#9922 = VERTEX_POINT('',#9923);
#9923 = CARTESIAN_POINT('',(445.4,0.,3.2));
#9924 = LINE('',#9925,#9926);
#9925 = CARTESIAN_POINT('',(445.4,0.,3.2));
#9926 = VECTOR('',#9927,1.);
#9927 = DIRECTION('',(0.,1.,0.));
#9928 = ORIENTED_EDGE('',*,*,#9929,.F.);
#9929 = EDGE_CURVE('',#9891,#9922,#9930,.T.);
#9930 = LINE('',#9931,#9932);
#9931 = CARTESIAN_POINT('',(445.7,0.,2.9));
#9932 = VECTOR('',#9933,1.);
#9933 = DIRECTION('',(-0.707106781186,0.,0.707106781187));
#9934 = PLANE('',#9935);
#9935 = AXIS2_PLACEMENT_3D('',#9936,#9937,#9938);
#9936 = CARTESIAN_POINT('',(445.7,0.,2.9));
#9937 = DIRECTION('',(0.707106781187,-0.,0.707106781186));
#9938 = DIRECTION('',(-0.707106781186,0.,0.707106781187));
#9939 = ADVANCED_FACE('',(#9940),#9965,.F.);
#9940 = FACE_BOUND('',#9941,.F.);
#9941 = EDGE_LOOP('',(#9942,#9943,#9951,#9959));
#9942 = ORIENTED_EDGE('',*,*,#9921,.T.);
#9943 = ORIENTED_EDGE('',*,*,#9944,.T.);
#9944 = EDGE_CURVE('',#9914,#9945,#9947,.T.);
#9945 = VERTEX_POINT('',#9946);
#9946 = CARTESIAN_POINT('',(445.4,250.,4.1));
#9947 = LINE('',#9948,#9949);
#9948 = CARTESIAN_POINT('',(445.4,250.,3.2));
#9949 = VECTOR('',#9950,1.);
#9950 = DIRECTION('',(0.,0.,1.));
#9951 = ORIENTED_EDGE('',*,*,#9952,.F.);
#9952 = EDGE_CURVE('',#9953,#9945,#9955,.T.);
#9953 = VERTEX_POINT('',#9954);
#9954 = CARTESIAN_POINT('',(445.4,0.,4.1));
#9955 = LINE('',#9956,#9957);
#9956 = CARTESIAN_POINT('',(445.4,0.,4.1));
#9957 = VECTOR('',#9958,1.);
#9958 = DIRECTION('',(0.,1.,0.));
#9959 = ORIENTED_EDGE('',*,*,#9960,.F.);
#9960 = EDGE_CURVE('',#9922,#9953,#9961,.T.);
#9961 = LINE('',#9962,#9963);
#9962 = CARTESIAN_POINT('',(445.4,0.,3.2));
#9963 = VECTOR('',#9964,1.);
#9964 = DIRECTION('',(0.,0.,1.));
#9965 = PLANE('',#9966);
#9966 = AXIS2_PLACEMENT_3D('',#9967,#9968,#9969);
#9967 = CARTESIAN_POINT('',(445.4,0.,3.2));
#9968 = DIRECTION('',(1.,0.,0.));
#9969 = DIRECTION('',(0.,0.,1.));
#9970 = ADVANCED_FACE('',(#9971),#9996,.F.);
#9971 = FACE_BOUND('',#9972,.F.);
#9972 = EDGE_LOOP('',(#9973,#9974,#9982,#9990));
#9973 = ORIENTED_EDGE('',*,*,#9952,.T.);
#9974 = ORIENTED_EDGE('',*,*,#9975,.T.);
#9975 = EDGE_CURVE('',#9945,#9976,#9978,.T.);
#9976 = VERTEX_POINT('',#9977);
#9977 = CARTESIAN_POINT('',(445.7,250.,4.4));
#9978 = LINE('',#9979,#9980);
#9979 = CARTESIAN_POINT('',(445.4,250.,4.1));
#9980 = VECTOR('',#9981,1.);
#9981 = DIRECTION('',(0.707106781186,0.,0.707106781187));
#9982 = ORIENTED_EDGE('',*,*,#9983,.F.);
#9983 = EDGE_CURVE('',#9984,#9976,#9986,.T.);
#9984 = VERTEX_POINT('',#9985);
#9985 = CARTESIAN_POINT('',(445.7,0.,4.4));
#9986 = LINE('',#9987,#9988);
#9987 = CARTESIAN_POINT('',(445.7,0.,4.4));
#9988 = VECTOR('',#9989,1.);
#9989 = DIRECTION('',(0.,1.,0.));
#9990 = ORIENTED_EDGE('',*,*,#9991,.F.);
#9991 = EDGE_CURVE('',#9953,#9984,#9992,.T.);
#9992 = LINE('',#9993,#9994);
#9993 = CARTESIAN_POINT('',(445.4,0.,4.1));
#9994 = VECTOR('',#9995,1.);
#9995 = DIRECTION('',(0.707106781186,0.,0.707106781187));
#9996 = PLANE('',#9997);
#9997 = AXIS2_PLACEMENT_3D('',#9998,#9999,#10000);
#9998 = CARTESIAN_POINT('',(445.4,0.,4.1));
#9999 = DIRECTION('',(0.707106781187,0.,-0.707106781186));
#10000 = DIRECTION('',(0.707106781186,0.,0.707106781187));
#10001 = ADVANCED_FACE('',(#10002),#10027,.F.);
#10002 = FACE_BOUND('',#10003,.F.);
#10003 = EDGE_LOOP('',(#10004,#10005,#10013,#10021));
#10004 = ORIENTED_EDGE('',*,*,#9983,.T.);
#10005 = ORIENTED_EDGE('',*,*,#10006,.T.);
#10006 = EDGE_CURVE('',#9976,#10007,#10009,.T.);
#10007 = VERTEX_POINT('',#10008);
#10008 = CARTESIAN_POINT('',(446.8,250.,4.4));
#10009 = LINE('',#10010,#10011);
#10010 = CARTESIAN_POINT('',(445.7,250.,4.4));
#10011 = VECTOR('',#10012,1.);
#10012 = DIRECTION('',(1.,0.,0.));
#10013 = ORIENTED_EDGE('',*,*,#10014,.F.);
#10014 = EDGE_CURVE('',#10015,#10007,#10017,.T.);
#10015 = VERTEX_POINT('',#10016);
#10016 = CARTESIAN_POINT('',(446.8,0.,4.4));
#10017 = LINE('',#10018,#10019);
#10018 = CARTESIAN_POINT('',(446.8,0.,4.4));
#10019 = VECTOR('',#10020,1.);
#10020 = DIRECTION('',(0.,1.,0.));
#10021 = ORIENTED_EDGE('',*,*,#10022,.F.);
#10022 = EDGE_CURVE('',#9984,#10015,#10023,.T.);
#10023 = LINE('',#10024,#10025);
#10024 = CARTESIAN_POINT('',(445.7,0.,4.4));
#10025 = VECTOR('',#10026,1.);
#10026 = DIRECTION('',(1.,0.,0.));
#10027 = PLANE('',#10028);
#10028 = AXIS2_PLACEMENT_3D('',#10029,#10030,#10031);
#10029 = CARTESIAN_POINT('',(445.7,0.,4.4));
#10030 = DIRECTION('',(0.,0.,-1.));
#10031 = DIRECTION('',(1.,0.,0.));
#10032 = ADVANCED_FACE('',(#10033),#10058,.F.);
#10033 = FACE_BOUND('',#10034,.F.);
#10034 = EDGE_LOOP('',(#10035,#10036,#10044,#10052));
#10035 = ORIENTED_EDGE('',*,*,#10014,.T.);
#10036 = ORIENTED_EDGE('',*,*,#10037,.T.);
#10037 = EDGE_CURVE('',#10007,#10038,#10040,.T.);
#10038 = VERTEX_POINT('',#10039);
#10039 = CARTESIAN_POINT('',(446.8,250.,6.4));
#10040 = LINE('',#10041,#10042);
#10041 = CARTESIAN_POINT('',(446.8,250.,4.4));
#10042 = VECTOR('',#10043,1.);
#10043 = DIRECTION('',(0.,0.,1.));
#10044 = ORIENTED_EDGE('',*,*,#10045,.F.);
#10045 = EDGE_CURVE('',#10046,#10038,#10048,.T.);
#10046 = VERTEX_POINT('',#10047);
#10047 = CARTESIAN_POINT('',(446.8,0.,6.4));
#10048 = LINE('',#10049,#10050);
#10049 = CARTESIAN_POINT('',(446.8,0.,6.4));
#10050 = VECTOR('',#10051,1.);
#10051 = DIRECTION('',(0.,1.,0.));
#10052 = ORIENTED_EDGE('',*,*,#10053,.F.);
#10053 = EDGE_CURVE('',#10015,#10046,#10054,.T.);
#10054 = LINE('',#10055,#10056);
#10055 = CARTESIAN_POINT('',(446.8,0.,4.4));
#10056 = VECTOR('',#10057,1.);
#10057 = DIRECTION('',(0.,0.,1.));
#10058 = PLANE('',#10059);
#10059 = AXIS2_PLACEMENT_3D('',#10060,#10061,#10062);
#10060 = CARTESIAN_POINT('',(446.8,0.,4.4));
#10061 = DIRECTION('',(1.,0.,0.));
#10062 = DIRECTION('',(0.,0.,1.));
#10063 = ADVANCED_FACE('',(#10064),#10089,.F.);
#10064 = FACE_BOUND('',#10065,.F.);
#10065 = EDGE_LOOP('',(#10066,#10067,#10075,#10083));
#10066 = ORIENTED_EDGE('',*,*,#10045,.T.);
#10067 = ORIENTED_EDGE('',*,*,#10068,.T.);
#10068 = EDGE_CURVE('',#10038,#10069,#10071,.T.);
#10069 = VERTEX_POINT('',#10070);
#10070 = CARTESIAN_POINT('',(445.4,250.,6.4));
#10071 = LINE('',#10072,#10073);
#10072 = CARTESIAN_POINT('',(446.8,250.,6.4));
#10073 = VECTOR('',#10074,1.);
#10074 = DIRECTION('',(-1.,0.,0.));
#10075 = ORIENTED_EDGE('',*,*,#10076,.F.);
#10076 = EDGE_CURVE('',#10077,#10069,#10079,.T.);
#10077 = VERTEX_POINT('',#10078);
#10078 = CARTESIAN_POINT('',(445.4,0.,6.4));
#10079 = LINE('',#10080,#10081);
#10080 = CARTESIAN_POINT('',(445.4,0.,6.4));
#10081 = VECTOR('',#10082,1.);
#10082 = DIRECTION('',(0.,1.,0.));
#10083 = ORIENTED_EDGE('',*,*,#10084,.F.);
#10084 = EDGE_CURVE('',#10046,#10077,#10085,.T.);
#10085 = LINE('',#10086,#10087);
#10086 = CARTESIAN_POINT('',(446.8,0.,6.4));
#10087 = VECTOR('',#10088,1.);
#10088 = DIRECTION('',(-1.,0.,0.));
#10089 = PLANE('',#10090);
#10090 = AXIS2_PLACEMENT_3D('',#10091,#10092,#10093);
#10091 = CARTESIAN_POINT('',(446.8,0.,6.4));
#10092 = DIRECTION('',(0.,-0.,1.));
#10093 = DIRECTION('',(-1.,0.,0.));
#10094 = ADVANCED_FACE('',(#10095),#10120,.F.);
#10095 = FACE_BOUND('',#10096,.F.);
#10096 = EDGE_LOOP('',(#10097,#10098,#10106,#10114));
#10097 = ORIENTED_EDGE('',*,*,#10076,.T.);
#10098 = ORIENTED_EDGE('',*,*,#10099,.T.);
#10099 = EDGE_CURVE('',#10069,#10100,#10102,.T.);
#10100 = VERTEX_POINT('',#10101);
#10101 = CARTESIAN_POINT('',(445.4,250.,6.9));
#10102 = LINE('',#10103,#10104);
#10103 = CARTESIAN_POINT('',(445.4,250.,6.4));
#10104 = VECTOR('',#10105,1.);
#10105 = DIRECTION('',(0.,0.,1.));
#10106 = ORIENTED_EDGE('',*,*,#10107,.F.);
#10107 = EDGE_CURVE('',#10108,#10100,#10110,.T.);
#10108 = VERTEX_POINT('',#10109);
#10109 = CARTESIAN_POINT('',(445.4,0.,6.9));
#10110 = LINE('',#10111,#10112);
#10111 = CARTESIAN_POINT('',(445.4,0.,6.9));
#10112 = VECTOR('',#10113,1.);
#10113 = DIRECTION('',(0.,1.,0.));
#10114 = ORIENTED_EDGE('',*,*,#10115,.F.);
#10115 = EDGE_CURVE('',#10077,#10108,#10116,.T.);
#10116 = LINE('',#10117,#10118);
#10117 = CARTESIAN_POINT('',(445.4,0.,6.4));
#10118 = VECTOR('',#10119,1.);
#10119 = DIRECTION('',(0.,0.,1.));
#10120 = PLANE('',#10121);
#10121 = AXIS2_PLACEMENT_3D('',#10122,#10123,#10124);
#10122 = CARTESIAN_POINT('',(445.4,0.,6.4));
#10123 = DIRECTION('',(1.,0.,0.));
#10124 = DIRECTION('',(0.,0.,1.));
#10125 = ADVANCED_FACE('',(#10126),#10151,.F.);
#10126 = FACE_BOUND('',#10127,.F.);
#10127 = EDGE_LOOP('',(#10128,#10129,#10137,#10145));
#10128 = ORIENTED_EDGE('',*,*,#10107,.T.);
#10129 = ORIENTED_EDGE('',*,*,#10130,.T.);
#10130 = EDGE_CURVE('',#10100,#10131,#10133,.T.);
#10131 = VERTEX_POINT('',#10132);
#10132 = CARTESIAN_POINT('',(442.2,250.,6.9));
#10133 = LINE('',#10134,#10135);
#10134 = CARTESIAN_POINT('',(445.4,250.,6.9));
#10135 = VECTOR('',#10136,1.);
#10136 = DIRECTION('',(-1.,0.,0.));
#10137 = ORIENTED_EDGE('',*,*,#10138,.F.);
#10138 = EDGE_CURVE('',#10139,#10131,#10141,.T.);
#10139 = VERTEX_POINT('',#10140);
#10140 = CARTESIAN_POINT('',(442.2,0.,6.9));
#10141 = LINE('',#10142,#10143);
#10142 = CARTESIAN_POINT('',(442.2,0.,6.9));
#10143 = VECTOR('',#10144,1.);
#10144 = DIRECTION('',(0.,1.,0.));
#10145 = ORIENTED_EDGE('',*,*,#10146,.F.);
#10146 = EDGE_CURVE('',#10108,#10139,#10147,.T.);
#10147 = LINE('',#10148,#10149);
#10148 = CARTESIAN_POINT('',(445.4,0.,6.9));
#10149 = VECTOR('',#10150,1.);
#10150 = DIRECTION('',(-1.,0.,0.));
#10151 = PLANE('',#10152);
#10152 = AXIS2_PLACEMENT_3D('',#10153,#10154,#10155);
#10153 = CARTESIAN_POINT('',(445.4,0.,6.9));
#10154 = DIRECTION('',(0.,-0.,1.));
#10155 = DIRECTION('',(-1.,0.,0.));
#10156 = ADVANCED_FACE('',(#10157),#10182,.F.);
#10157 = FACE_BOUND('',#10158,.F.);
#10158 = EDGE_LOOP('',(#10159,#10160,#10168,#10176));
#10159 = ORIENTED_EDGE('',*,*,#10138,.T.);
#10160 = ORIENTED_EDGE('',*,*,#10161,.T.);
#10161 = EDGE_CURVE('',#10131,#10162,#10164,.T.);
#10162 = VERTEX_POINT('',#10163);
#10163 = CARTESIAN_POINT('',(442.2,250.,6.4));
#10164 = LINE('',#10165,#10166);
#10165 = CARTESIAN_POINT('',(442.2,250.,6.9));
#10166 = VECTOR('',#10167,1.);
#10167 = DIRECTION('',(0.,0.,-1.));
#10168 = ORIENTED_EDGE('',*,*,#10169,.F.);
#10169 = EDGE_CURVE('',#10170,#10162,#10172,.T.);
#10170 = VERTEX_POINT('',#10171);
#10171 = CARTESIAN_POINT('',(442.2,0.,6.4));
#10172 = LINE('',#10173,#10174);
#10173 = CARTESIAN_POINT('',(442.2,0.,6.4));
#10174 = VECTOR('',#10175,1.);
#10175 = DIRECTION('',(0.,1.,0.));
#10176 = ORIENTED_EDGE('',*,*,#10177,.F.);
#10177 = EDGE_CURVE('',#10139,#10170,#10178,.T.);
#10178 = LINE('',#10179,#10180);
#10179 = CARTESIAN_POINT('',(442.2,0.,6.9));
#10180 = VECTOR('',#10181,1.);
#10181 = DIRECTION('',(0.,0.,-1.));
#10182 = PLANE('',#10183);
#10183 = AXIS2_PLACEMENT_3D('',#10184,#10185,#10186);
#10184 = CARTESIAN_POINT('',(442.2,0.,6.9));
#10185 = DIRECTION('',(-1.,0.,0.));
#10186 = DIRECTION('',(0.,0.,-1.));
#10187 = ADVANCED_FACE('',(#10188),#10213,.F.);
#10188 = FACE_BOUND('',#10189,.F.);
#10189 = EDGE_LOOP('',(#10190,#10191,#10199,#10207));
#10190 = ORIENTED_EDGE('',*,*,#10169,.T.);
#10191 = ORIENTED_EDGE('',*,*,#10192,.T.);
#10192 = EDGE_CURVE('',#10162,#10193,#10195,.T.);
#10193 = VERTEX_POINT('',#10194);
#10194 = CARTESIAN_POINT('',(440.8,250.,6.4));
#10195 = LINE('',#10196,#10197);
#10196 = CARTESIAN_POINT('',(442.2,250.,6.4));
#10197 = VECTOR('',#10198,1.);
#10198 = DIRECTION('',(-1.,0.,0.));
#10199 = ORIENTED_EDGE('',*,*,#10200,.F.);
#10200 = EDGE_CURVE('',#10201,#10193,#10203,.T.);
#10201 = VERTEX_POINT('',#10202);
#10202 = CARTESIAN_POINT('',(440.8,0.,6.4));
#10203 = LINE('',#10204,#10205);
#10204 = CARTESIAN_POINT('',(440.8,0.,6.4));
#10205 = VECTOR('',#10206,1.);
#10206 = DIRECTION('',(0.,1.,0.));
#10207 = ORIENTED_EDGE('',*,*,#10208,.F.);
#10208 = EDGE_CURVE('',#10170,#10201,#10209,.T.);
#10209 = LINE('',#10210,#10211);
#10210 = CARTESIAN_POINT('',(442.2,0.,6.4));
#10211 = VECTOR('',#10212,1.);
#10212 = DIRECTION('',(-1.,0.,0.));
#10213 = PLANE('',#10214);
#10214 = AXIS2_PLACEMENT_3D('',#10215,#10216,#10217);
#10215 = CARTESIAN_POINT('',(442.2,0.,6.4));
#10216 = DIRECTION('',(0.,-0.,1.));
#10217 = DIRECTION('',(-1.,0.,0.));
#10218 = ADVANCED_FACE('',(#10219),#10244,.F.);
#10219 = FACE_BOUND('',#10220,.F.);
#10220 = EDGE_LOOP('',(#10221,#10222,#10230,#10238));
#10221 = ORIENTED_EDGE('',*,*,#10200,.T.);
#10222 = ORIENTED_EDGE('',*,*,#10223,.T.);
#10223 = EDGE_CURVE('',#10193,#10224,#10226,.T.);
#10224 = VERTEX_POINT('',#10225);
#10225 = CARTESIAN_POINT('',(440.8,250.,4.4));
#10226 = LINE('',#10227,#10228);
#10227 = CARTESIAN_POINT('',(440.8,250.,6.4));
#10228 = VECTOR('',#10229,1.);
#10229 = DIRECTION('',(0.,0.,-1.));
#10230 = ORIENTED_EDGE('',*,*,#10231,.F.);
#10231 = EDGE_CURVE('',#10232,#10224,#10234,.T.);
#10232 = VERTEX_POINT('',#10233);
#10233 = CARTESIAN_POINT('',(440.8,0.,4.4));
#10234 = LINE('',#10235,#10236);
#10235 = CARTESIAN_POINT('',(440.8,0.,4.4));
#10236 = VECTOR('',#10237,1.);
#10237 = DIRECTION('',(0.,1.,0.));
#10238 = ORIENTED_EDGE('',*,*,#10239,.F.);
#10239 = EDGE_CURVE('',#10201,#10232,#10240,.T.);
#10240 = LINE('',#10241,#10242);
#10241 = CARTESIAN_POINT('',(440.8,0.,6.4));
#10242 = VECTOR('',#10243,1.);
#10243 = DIRECTION('',(0.,0.,-1.));
#10244 = PLANE('',#10245);
#10245 = AXIS2_PLACEMENT_3D('',#10246,#10247,#10248);
#10246 = CARTESIAN_POINT('',(440.8,0.,6.4));
#10247 = DIRECTION('',(-1.,0.,0.));
#10248 = DIRECTION('',(0.,0.,-1.));
#10249 = ADVANCED_FACE('',(#10250),#10275,.F.);
#10250 = FACE_BOUND('',#10251,.F.);
#10251 = EDGE_LOOP('',(#10252,#10253,#10261,#10269));
#10252 = ORIENTED_EDGE('',*,*,#10231,.T.);
#10253 = ORIENTED_EDGE('',*,*,#10254,.T.);
#10254 = EDGE_CURVE('',#10224,#10255,#10257,.T.);
#10255 = VERTEX_POINT('',#10256);
#10256 = CARTESIAN_POINT('',(441.9,250.,4.4));
#10257 = LINE('',#10258,#10259);
#10258 = CARTESIAN_POINT('',(440.8,250.,4.4));
#10259 = VECTOR('',#10260,1.);
#10260 = DIRECTION('',(1.,0.,0.));
#10261 = ORIENTED_EDGE('',*,*,#10262,.F.);
#10262 = EDGE_CURVE('',#10263,#10255,#10265,.T.);
#10263 = VERTEX_POINT('',#10264);
#10264 = CARTESIAN_POINT('',(441.9,0.,4.4));
#10265 = LINE('',#10266,#10267);
#10266 = CARTESIAN_POINT('',(441.9,0.,4.4));
#10267 = VECTOR('',#10268,1.);
#10268 = DIRECTION('',(0.,1.,0.));
#10269 = ORIENTED_EDGE('',*,*,#10270,.F.);
#10270 = EDGE_CURVE('',#10232,#10263,#10271,.T.);
#10271 = LINE('',#10272,#10273);
#10272 = CARTESIAN_POINT('',(440.8,0.,4.4));
#10273 = VECTOR('',#10274,1.);
#10274 = DIRECTION('',(1.,0.,0.));
#10275 = PLANE('',#10276);
#10276 = AXIS2_PLACEMENT_3D('',#10277,#10278,#10279);
#10277 = CARTESIAN_POINT('',(440.8,0.,4.4));
#10278 = DIRECTION('',(0.,0.,-1.));
#10279 = DIRECTION('',(1.,0.,0.));
#10280 = ADVANCED_FACE('',(#10281),#10306,.F.);
#10281 = FACE_BOUND('',#10282,.F.);
#10282 = EDGE_LOOP('',(#10283,#10284,#10292,#10300));
#10283 = ORIENTED_EDGE('',*,*,#10262,.T.);
#10284 = ORIENTED_EDGE('',*,*,#10285,.T.);
#10285 = EDGE_CURVE('',#10255,#10286,#10288,.T.);
#10286 = VERTEX_POINT('',#10287);
#10287 = CARTESIAN_POINT('',(442.2,250.,4.1));
#10288 = LINE('',#10289,#10290);
#10289 = CARTESIAN_POINT('',(441.9,250.,4.4));
#10290 = VECTOR('',#10291,1.);
#10291 = DIRECTION('',(0.707106781186,0.,-0.707106781187));
#10292 = ORIENTED_EDGE('',*,*,#10293,.F.);
#10293 = EDGE_CURVE('',#10294,#10286,#10296,.T.);
#10294 = VERTEX_POINT('',#10295);
#10295 = CARTESIAN_POINT('',(442.2,0.,4.1));
#10296 = LINE('',#10297,#10298);
#10297 = CARTESIAN_POINT('',(442.2,0.,4.1));
#10298 = VECTOR('',#10299,1.);
#10299 = DIRECTION('',(0.,1.,0.));
#10300 = ORIENTED_EDGE('',*,*,#10301,.F.);
#10301 = EDGE_CURVE('',#10263,#10294,#10302,.T.);
#10302 = LINE('',#10303,#10304);
#10303 = CARTESIAN_POINT('',(441.9,0.,4.4));
#10304 = VECTOR('',#10305,1.);
#10305 = DIRECTION('',(0.707106781186,0.,-0.707106781187));
#10306 = PLANE('',#10307);
#10307 = AXIS2_PLACEMENT_3D('',#10308,#10309,#10310);
#10308 = CARTESIAN_POINT('',(441.9,0.,4.4));
#10309 = DIRECTION('',(-0.707106781187,0.,-0.707106781186));
#10310 = DIRECTION('',(0.707106781186,0.,-0.707106781187));
#10311 = ADVANCED_FACE('',(#10312),#10337,.F.);
#10312 = FACE_BOUND('',#10313,.F.);
#10313 = EDGE_LOOP('',(#10314,#10315,#10323,#10331));
#10314 = ORIENTED_EDGE('',*,*,#10293,.T.);
#10315 = ORIENTED_EDGE('',*,*,#10316,.T.);
#10316 = EDGE_CURVE('',#10286,#10317,#10319,.T.);
#10317 = VERTEX_POINT('',#10318);
#10318 = CARTESIAN_POINT('',(442.2,250.,3.2));
#10319 = LINE('',#10320,#10321);
#10320 = CARTESIAN_POINT('',(442.2,250.,4.1));
#10321 = VECTOR('',#10322,1.);
#10322 = DIRECTION('',(0.,0.,-1.));
#10323 = ORIENTED_EDGE('',*,*,#10324,.F.);
#10324 = EDGE_CURVE('',#10325,#10317,#10327,.T.);
#10325 = VERTEX_POINT('',#10326);
#10326 = CARTESIAN_POINT('',(442.2,0.,3.2));
#10327 = LINE('',#10328,#10329);
#10328 = CARTESIAN_POINT('',(442.2,0.,3.2));
#10329 = VECTOR('',#10330,1.);
#10330 = DIRECTION('',(0.,1.,0.));
#10331 = ORIENTED_EDGE('',*,*,#10332,.F.);
#10332 = EDGE_CURVE('',#10294,#10325,#10333,.T.);
#10333 = LINE('',#10334,#10335);
#10334 = CARTESIAN_POINT('',(442.2,0.,4.1));
#10335 = VECTOR('',#10336,1.);
#10336 = DIRECTION('',(0.,0.,-1.));
#10337 = PLANE('',#10338);
#10338 = AXIS2_PLACEMENT_3D('',#10339,#10340,#10341);
#10339 = CARTESIAN_POINT('',(442.2,0.,4.1));
#10340 = DIRECTION('',(-1.,0.,0.));
#10341 = DIRECTION('',(0.,0.,-1.));
#10342 = ADVANCED_FACE('',(#10343),#10368,.F.);
#10343 = FACE_BOUND('',#10344,.F.);
#10344 = EDGE_LOOP('',(#10345,#10346,#10354,#10362));
#10345 = ORIENTED_EDGE('',*,*,#10324,.T.);
#10346 = ORIENTED_EDGE('',*,*,#10347,.T.);
#10347 = EDGE_CURVE('',#10317,#10348,#10350,.T.);
#10348 = VERTEX_POINT('',#10349);
#10349 = CARTESIAN_POINT('',(441.9,250.,2.9));
#10350 = LINE('',#10351,#10352);
#10351 = CARTESIAN_POINT('',(442.2,250.,3.2));
#10352 = VECTOR('',#10353,1.);
#10353 = DIRECTION('',(-0.707106781186,0.,-0.707106781187));
#10354 = ORIENTED_EDGE('',*,*,#10355,.F.);
#10355 = EDGE_CURVE('',#10356,#10348,#10358,.T.);
#10356 = VERTEX_POINT('',#10357);
#10357 = CARTESIAN_POINT('',(441.9,0.,2.9));
#10358 = LINE('',#10359,#10360);
#10359 = CARTESIAN_POINT('',(441.9,0.,2.9));
#10360 = VECTOR('',#10361,1.);
#10361 = DIRECTION('',(0.,1.,0.));
#10362 = ORIENTED_EDGE('',*,*,#10363,.F.);
#10363 = EDGE_CURVE('',#10325,#10356,#10364,.T.);
#10364 = LINE('',#10365,#10366);
#10365 = CARTESIAN_POINT('',(442.2,0.,3.2));
#10366 = VECTOR('',#10367,1.);
#10367 = DIRECTION('',(-0.707106781186,0.,-0.707106781187));
#10368 = PLANE('',#10369);
#10369 = AXIS2_PLACEMENT_3D('',#10370,#10371,#10372);
#10370 = CARTESIAN_POINT('',(442.2,0.,3.2));
#10371 = DIRECTION('',(-0.707106781187,0.,0.707106781186));
#10372 = DIRECTION('',(-0.707106781186,0.,-0.707106781187));
#10373 = ADVANCED_FACE('',(#10374),#10399,.F.);
#10374 = FACE_BOUND('',#10375,.F.);
#10375 = EDGE_LOOP('',(#10376,#10377,#10385,#10393));
#10376 = ORIENTED_EDGE('',*,*,#10355,.T.);
#10377 = ORIENTED_EDGE('',*,*,#10378,.T.);
#10378 = EDGE_CURVE('',#10348,#10379,#10381,.T.);
#10379 = VERTEX_POINT('',#10380);
#10380 = CARTESIAN_POINT('',(439.4,250.,2.9));
#10381 = LINE('',#10382,#10383);
#10382 = CARTESIAN_POINT('',(441.9,250.,2.9));
#10383 = VECTOR('',#10384,1.);
#10384 = DIRECTION('',(-1.,0.,0.));
#10385 = ORIENTED_EDGE('',*,*,#10386,.F.);
#10386 = EDGE_CURVE('',#10387,#10379,#10389,.T.);
#10387 = VERTEX_POINT('',#10388);
#10388 = CARTESIAN_POINT('',(439.4,0.,2.9));
#10389 = LINE('',#10390,#10391);
#10390 = CARTESIAN_POINT('',(439.4,0.,2.9));
#10391 = VECTOR('',#10392,1.);
#10392 = DIRECTION('',(0.,1.,0.));
#10393 = ORIENTED_EDGE('',*,*,#10394,.F.);
#10394 = EDGE_CURVE('',#10356,#10387,#10395,.T.);
#10395 = LINE('',#10396,#10397);
#10396 = CARTESIAN_POINT('',(441.9,0.,2.9));
#10397 = VECTOR('',#10398,1.);
#10398 = DIRECTION('',(-1.,0.,0.));
#10399 = PLANE('',#10400);
#10400 = AXIS2_PLACEMENT_3D('',#10401,#10402,#10403);
#10401 = CARTESIAN_POINT('',(441.9,0.,2.9));
#10402 = DIRECTION('',(0.,-0.,1.));
#10403 = DIRECTION('',(-1.,0.,0.));
#10404 = ADVANCED_FACE('',(#10405),#10430,.F.);
#10405 = FACE_BOUND('',#10406,.F.);
#10406 = EDGE_LOOP('',(#10407,#10408,#10416,#10424));
#10407 = ORIENTED_EDGE('',*,*,#10386,.T.);
#10408 = ORIENTED_EDGE('',*,*,#10409,.T.);
#10409 = EDGE_CURVE('',#10379,#10410,#10412,.T.);
#10410 = VERTEX_POINT('',#10411);
#10411 = CARTESIAN_POINT('',(439.3,250.,3.));
#10412 = LINE('',#10413,#10414);
#10413 = CARTESIAN_POINT('',(439.4,250.,2.9));
#10414 = VECTOR('',#10415,1.);
#10415 = DIRECTION('',(-0.707106781187,0.,0.707106781186));
#10416 = ORIENTED_EDGE('',*,*,#10417,.F.);
#10417 = EDGE_CURVE('',#10418,#10410,#10420,.T.);
#10418 = VERTEX_POINT('',#10419);
#10419 = CARTESIAN_POINT('',(439.3,0.,3.));
#10420 = LINE('',#10421,#10422);
#10421 = CARTESIAN_POINT('',(439.3,0.,3.));
#10422 = VECTOR('',#10423,1.);
#10423 = DIRECTION('',(0.,1.,0.));
#10424 = ORIENTED_EDGE('',*,*,#10425,.F.);
#10425 = EDGE_CURVE('',#10387,#10418,#10426,.T.);
#10426 = LINE('',#10427,#10428);
#10427 = CARTESIAN_POINT('',(439.4,0.,2.9));
#10428 = VECTOR('',#10429,1.);
#10429 = DIRECTION('',(-0.707106781187,0.,0.707106781186));
#10430 = PLANE('',#10431);
#10431 = AXIS2_PLACEMENT_3D('',#10432,#10433,#10434);
#10432 = CARTESIAN_POINT('',(439.4,0.,2.9));
#10433 = DIRECTION('',(0.707106781186,-0.,0.707106781187));
#10434 = DIRECTION('',(-0.707106781187,0.,0.707106781186));
#10435 = ADVANCED_FACE('',(#10436),#10461,.F.);
#10436 = FACE_BOUND('',#10437,.F.);
#10437 = EDGE_LOOP('',(#10438,#10439,#10447,#10455));
#10438 = ORIENTED_EDGE('',*,*,#10417,.T.);
#10439 = ORIENTED_EDGE('',*,*,#10440,.T.);
#10440 = EDGE_CURVE('',#10410,#10441,#10443,.T.);
#10441 = VERTEX_POINT('',#10442);
#10442 = CARTESIAN_POINT('',(439.3,250.,7.4));
#10443 = LINE('',#10444,#10445);
#10444 = CARTESIAN_POINT('',(439.3,250.,3.));
#10445 = VECTOR('',#10446,1.);
#10446 = DIRECTION('',(0.,0.,1.));
#10447 = ORIENTED_EDGE('',*,*,#10448,.F.);
#10448 = EDGE_CURVE('',#10449,#10441,#10451,.T.);
#10449 = VERTEX_POINT('',#10450);
#10450 = CARTESIAN_POINT('',(439.3,0.,7.4));
#10451 = LINE('',#10452,#10453);
#10452 = CARTESIAN_POINT('',(439.3,0.,7.4));
#10453 = VECTOR('',#10454,1.);
#10454 = DIRECTION('',(0.,1.,0.));
#10455 = ORIENTED_EDGE('',*,*,#10456,.F.);
#10456 = EDGE_CURVE('',#10418,#10449,#10457,.T.);
#10457 = LINE('',#10458,#10459);
#10458 = CARTESIAN_POINT('',(439.3,0.,3.));
#10459 = VECTOR('',#10460,1.);
#10460 = DIRECTION('',(0.,0.,1.));
#10461 = PLANE('',#10462);
#10462 = AXIS2_PLACEMENT_3D('',#10463,#10464,#10465);
#10463 = CARTESIAN_POINT('',(439.3,0.,3.));
#10464 = DIRECTION('',(1.,0.,0.));
#10465 = DIRECTION('',(0.,0.,1.));
#10466 = ADVANCED_FACE('',(#10467),#10492,.F.);
#10467 = FACE_BOUND('',#10468,.F.);
#10468 = EDGE_LOOP('',(#10469,#10470,#10478,#10486));
#10469 = ORIENTED_EDGE('',*,*,#10448,.T.);
#10470 = ORIENTED_EDGE('',*,*,#10471,.T.);
#10471 = EDGE_CURVE('',#10441,#10472,#10474,.T.);
#10472 = VERTEX_POINT('',#10473);
#10473 = CARTESIAN_POINT('',(440.3,250.,8.4));
#10474 = LINE('',#10475,#10476);
#10475 = CARTESIAN_POINT('',(439.3,250.,7.4));
#10476 = VECTOR('',#10477,1.);
#10477 = DIRECTION('',(0.707106781187,0.,0.707106781187));
#10478 = ORIENTED_EDGE('',*,*,#10479,.F.);
#10479 = EDGE_CURVE('',#10480,#10472,#10482,.T.);
#10480 = VERTEX_POINT('',#10481);
#10481 = CARTESIAN_POINT('',(440.3,0.,8.4));
#10482 = LINE('',#10483,#10484);
#10483 = CARTESIAN_POINT('',(440.3,0.,8.4));
#10484 = VECTOR('',#10485,1.);
#10485 = DIRECTION('',(0.,1.,0.));
#10486 = ORIENTED_EDGE('',*,*,#10487,.F.);
#10487 = EDGE_CURVE('',#10449,#10480,#10488,.T.);
#10488 = LINE('',#10489,#10490);
#10489 = CARTESIAN_POINT('',(439.3,0.,7.4));
#10490 = VECTOR('',#10491,1.);
#10491 = DIRECTION('',(0.707106781187,0.,0.707106781187));
#10492 = PLANE('',#10493);
#10493 = AXIS2_PLACEMENT_3D('',#10494,#10495,#10496);
#10494 = CARTESIAN_POINT('',(439.3,0.,7.4));
#10495 = DIRECTION('',(0.707106781187,0.,-0.707106781187));
#10496 = DIRECTION('',(0.707106781187,0.,0.707106781187));
#10497 = ADVANCED_FACE('',(#10498),#10523,.F.);
#10498 = FACE_BOUND('',#10499,.F.);
#10499 = EDGE_LOOP('',(#10500,#10501,#10509,#10517));
#10500 = ORIENTED_EDGE('',*,*,#10479,.T.);
#10501 = ORIENTED_EDGE('',*,*,#10502,.T.);
#10502 = EDGE_CURVE('',#10472,#10503,#10505,.T.);
#10503 = VERTEX_POINT('',#10504);
#10504 = CARTESIAN_POINT('',(447.3,250.,8.4));
#10505 = LINE('',#10506,#10507);
#10506 = CARTESIAN_POINT('',(440.3,250.,8.4));
#10507 = VECTOR('',#10508,1.);
#10508 = DIRECTION('',(1.,0.,0.));
#10509 = ORIENTED_EDGE('',*,*,#10510,.F.);
#10510 = EDGE_CURVE('',#10511,#10503,#10513,.T.);
#10511 = VERTEX_POINT('',#10512);
#10512 = CARTESIAN_POINT('',(447.3,0.,8.4));
#10513 = LINE('',#10514,#10515);
#10514 = CARTESIAN_POINT('',(447.3,0.,8.4));
#10515 = VECTOR('',#10516,1.);
#10516 = DIRECTION('',(0.,1.,0.));
#10517 = ORIENTED_EDGE('',*,*,#10518,.F.);
#10518 = EDGE_CURVE('',#10480,#10511,#10519,.T.);
#10519 = LINE('',#10520,#10521);
#10520 = CARTESIAN_POINT('',(440.3,0.,8.4));
#10521 = VECTOR('',#10522,1.);
#10522 = DIRECTION('',(1.,0.,0.));
#10523 = PLANE('',#10524);
#10524 = AXIS2_PLACEMENT_3D('',#10525,#10526,#10527);
#10525 = CARTESIAN_POINT('',(440.3,0.,8.4));
#10526 = DIRECTION('',(0.,0.,-1.));
#10527 = DIRECTION('',(1.,0.,0.));
#10528 = ADVANCED_FACE('',(#10529),#10554,.F.);
#10529 = FACE_BOUND('',#10530,.F.);
#10530 = EDGE_LOOP('',(#10531,#10532,#10540,#10548));
#10531 = ORIENTED_EDGE('',*,*,#10510,.T.);
#10532 = ORIENTED_EDGE('',*,*,#10533,.T.);
#10533 = EDGE_CURVE('',#10503,#10534,#10536,.T.);
#10534 = VERTEX_POINT('',#10535);
#10535 = CARTESIAN_POINT('',(448.3,250.,7.4));
#10536 = LINE('',#10537,#10538);
#10537 = CARTESIAN_POINT('',(447.3,250.,8.4));
#10538 = VECTOR('',#10539,1.);
#10539 = DIRECTION('',(0.707106781187,0.,-0.707106781187));
#10540 = ORIENTED_EDGE('',*,*,#10541,.F.);
#10541 = EDGE_CURVE('',#10542,#10534,#10544,.T.);
#10542 = VERTEX_POINT('',#10543);
#10543 = CARTESIAN_POINT('',(448.3,0.,7.4));
#10544 = LINE('',#10545,#10546);
#10545 = CARTESIAN_POINT('',(448.3,0.,7.4));
#10546 = VECTOR('',#10547,1.);
#10547 = DIRECTION('',(0.,1.,0.));
#10548 = ORIENTED_EDGE('',*,*,#10549,.F.);
#10549 = EDGE_CURVE('',#10511,#10542,#10550,.T.);
#10550 = LINE('',#10551,#10552);
#10551 = CARTESIAN_POINT('',(447.3,0.,8.4));
#10552 = VECTOR('',#10553,1.);
#10553 = DIRECTION('',(0.707106781187,0.,-0.707106781187));
#10554 = PLANE('',#10555);
#10555 = AXIS2_PLACEMENT_3D('',#10556,#10557,#10558);
#10556 = CARTESIAN_POINT('',(447.3,0.,8.4));
#10557 = DIRECTION('',(-0.707106781187,0.,-0.707106781187));
#10558 = DIRECTION('',(0.707106781187,0.,-0.707106781187));
#10559 = ADVANCED_FACE('',(#10560),#10585,.F.);
#10560 = FACE_BOUND('',#10561,.F.);
#10561 = EDGE_LOOP('',(#10562,#10563,#10571,#10579));
#10562 = ORIENTED_EDGE('',*,*,#10541,.T.);
#10563 = ORIENTED_EDGE('',*,*,#10564,.T.);
#10564 = EDGE_CURVE('',#10534,#10565,#10567,.T.);
#10565 = VERTEX_POINT('',#10566);
#10566 = CARTESIAN_POINT('',(448.3,250.,5.9));
#10567 = LINE('',#10568,#10569);
#10568 = CARTESIAN_POINT('',(448.3,250.,7.4));
#10569 = VECTOR('',#10570,1.);
#10570 = DIRECTION('',(0.,0.,-1.));
#10571 = ORIENTED_EDGE('',*,*,#10572,.F.);
#10572 = EDGE_CURVE('',#10573,#10565,#10575,.T.);
#10573 = VERTEX_POINT('',#10574);
#10574 = CARTESIAN_POINT('',(448.3,0.,5.9));
#10575 = LINE('',#10576,#10577);
#10576 = CARTESIAN_POINT('',(448.3,0.,5.9));
#10577 = VECTOR('',#10578,1.);
#10578 = DIRECTION('',(0.,1.,0.));
#10579 = ORIENTED_EDGE('',*,*,#10580,.F.);
#10580 = EDGE_CURVE('',#10542,#10573,#10581,.T.);
#10581 = LINE('',#10582,#10583);
#10582 = CARTESIAN_POINT('',(448.3,0.,7.4));
#10583 = VECTOR('',#10584,1.);
#10584 = DIRECTION('',(0.,0.,-1.));
#10585 = PLANE('',#10586);
#10586 = AXIS2_PLACEMENT_3D('',#10587,#10588,#10589);
#10587 = CARTESIAN_POINT('',(448.3,0.,7.4));
#10588 = DIRECTION('',(-1.,0.,0.));
#10589 = DIRECTION('',(0.,0.,-1.));
#10590 = ADVANCED_FACE('',(#10591),#10616,.F.);
#10591 = FACE_BOUND('',#10592,.F.);
#10592 = EDGE_LOOP('',(#10593,#10594,#10602,#10610));
#10593 = ORIENTED_EDGE('',*,*,#10572,.T.);
#10594 = ORIENTED_EDGE('',*,*,#10595,.T.);
#10595 = EDGE_CURVE('',#10565,#10596,#10598,.T.);
#10596 = VERTEX_POINT('',#10597);
#10597 = CARTESIAN_POINT('',(449.3,250.,4.9));
#10598 = LINE('',#10599,#10600);
#10599 = CARTESIAN_POINT('',(448.3,250.,5.9));
#10600 = VECTOR('',#10601,1.);
#10601 = DIRECTION('',(0.707106781187,0.,-0.707106781187));
#10602 = ORIENTED_EDGE('',*,*,#10603,.F.);
#10603 = EDGE_CURVE('',#10604,#10596,#10606,.T.);
#10604 = VERTEX_POINT('',#10605);
#10605 = CARTESIAN_POINT('',(449.3,0.,4.9));
#10606 = LINE('',#10607,#10608);
#10607 = CARTESIAN_POINT('',(449.3,0.,4.9));
#10608 = VECTOR('',#10609,1.);
#10609 = DIRECTION('',(0.,1.,0.));
#10610 = ORIENTED_EDGE('',*,*,#10611,.F.);
#10611 = EDGE_CURVE('',#10573,#10604,#10612,.T.);
#10612 = LINE('',#10613,#10614);
#10613 = CARTESIAN_POINT('',(448.3,0.,5.9));
#10614 = VECTOR('',#10615,1.);
#10615 = DIRECTION('',(0.707106781187,0.,-0.707106781187));
#10616 = PLANE('',#10617);
#10617 = AXIS2_PLACEMENT_3D('',#10618,#10619,#10620);
#10618 = CARTESIAN_POINT('',(448.3,0.,5.9));
#10619 = DIRECTION('',(-0.707106781187,0.,-0.707106781187));
#10620 = DIRECTION('',(0.707106781187,0.,-0.707106781187));
#10621 = ADVANCED_FACE('',(#10622),#10647,.F.);
#10622 = FACE_BOUND('',#10623,.F.);
#10623 = EDGE_LOOP('',(#10624,#10625,#10633,#10641));
#10624 = ORIENTED_EDGE('',*,*,#10603,.T.);
#10625 = ORIENTED_EDGE('',*,*,#10626,.T.);
#10626 = EDGE_CURVE('',#10596,#10627,#10629,.T.);
#10627 = VERTEX_POINT('',#10628);
#10628 = CARTESIAN_POINT('',(450.557,250.,4.9));
#10629 = LINE('',#10630,#10631);
#10630 = CARTESIAN_POINT('',(449.3,250.,4.9));
#10631 = VECTOR('',#10632,1.);
#10632 = DIRECTION('',(1.,0.,0.));
#10633 = ORIENTED_EDGE('',*,*,#10634,.F.);
#10634 = EDGE_CURVE('',#10635,#10627,#10637,.T.);
#10635 = VERTEX_POINT('',#10636);
#10636 = CARTESIAN_POINT('',(450.557,0.,4.9));
#10637 = LINE('',#10638,#10639);
#10638 = CARTESIAN_POINT('',(450.557,0.,4.9));
#10639 = VECTOR('',#10640,1.);
#10640 = DIRECTION('',(0.,1.,0.));
#10641 = ORIENTED_EDGE('',*,*,#10642,.F.);
#10642 = EDGE_CURVE('',#10604,#10635,#10643,.T.);
#10643 = LINE('',#10644,#10645);
#10644 = CARTESIAN_POINT('',(449.3,0.,4.9));
#10645 = VECTOR('',#10646,1.);
#10646 = DIRECTION('',(1.,0.,0.));
#10647 = PLANE('',#10648);
#10648 = AXIS2_PLACEMENT_3D('',#10649,#10650,#10651);
#10649 = CARTESIAN_POINT('',(449.3,0.,4.9));
#10650 = DIRECTION('',(0.,0.,-1.));
#10651 = DIRECTION('',(1.,0.,0.));
#10652 = ADVANCED_FACE('',(#10653),#10678,.F.);
#10653 = FACE_BOUND('',#10654,.F.);
#10654 = EDGE_LOOP('',(#10655,#10656,#10664,#10672));
#10655 = ORIENTED_EDGE('',*,*,#10634,.T.);
#10656 = ORIENTED_EDGE('',*,*,#10657,.T.);
#10657 = EDGE_CURVE('',#10627,#10658,#10660,.T.);
#10658 = VERTEX_POINT('',#10659);
#10659 = CARTESIAN_POINT('',(451.335,250.,5.678));
#10660 = LINE('',#10661,#10662);
#10661 = CARTESIAN_POINT('',(450.557,250.,4.9));
#10662 = VECTOR('',#10663,1.);
#10663 = DIRECTION('',(0.707106781187,0.,0.707106781187));
#10664 = ORIENTED_EDGE('',*,*,#10665,.F.);
#10665 = EDGE_CURVE('',#10666,#10658,#10668,.T.);
#10666 = VERTEX_POINT('',#10667);
#10667 = CARTESIAN_POINT('',(451.335,0.,5.678));
#10668 = LINE('',#10669,#10670);
#10669 = CARTESIAN_POINT('',(451.335,0.,5.678));
#10670 = VECTOR('',#10671,1.);
#10671 = DIRECTION('',(0.,1.,0.));
#10672 = ORIENTED_EDGE('',*,*,#10673,.F.);
#10673 = EDGE_CURVE('',#10635,#10666,#10674,.T.);
#10674 = LINE('',#10675,#10676);
#10675 = CARTESIAN_POINT('',(450.557,0.,4.9));
#10676 = VECTOR('',#10677,1.);
#10677 = DIRECTION('',(0.707106781187,0.,0.707106781187));
#10678 = PLANE('',#10679);
#10679 = AXIS2_PLACEMENT_3D('',#10680,#10681,#10682);
#10680 = CARTESIAN_POINT('',(450.557,0.,4.9));
#10681 = DIRECTION('',(0.707106781187,0.,-0.707106781187));
#10682 = DIRECTION('',(0.707106781187,0.,0.707106781187));
#10683 = ADVANCED_FACE('',(#10684),#10709,.F.);
#10684 = FACE_BOUND('',#10685,.F.);
#10685 = EDGE_LOOP('',(#10686,#10687,#10695,#10703));
#10686 = ORIENTED_EDGE('',*,*,#10665,.T.);
#10687 = ORIENTED_EDGE('',*,*,#10688,.T.);
#10688 = EDGE_CURVE('',#10658,#10689,#10691,.T.);
#10689 = VERTEX_POINT('',#10690);
#10690 = CARTESIAN_POINT('',(451.759,250.,5.678));
#10691 = LINE('',#10692,#10693);
#10692 = CARTESIAN_POINT('',(451.335,250.,5.678));
#10693 = VECTOR('',#10694,1.);
#10694 = DIRECTION('',(1.,0.,0.));
#10695 = ORIENTED_EDGE('',*,*,#10696,.F.);
#10696 = EDGE_CURVE('',#10697,#10689,#10699,.T.);
#10697 = VERTEX_POINT('',#10698);
#10698 = CARTESIAN_POINT('',(451.759,0.,5.678));
#10699 = LINE('',#10700,#10701);
#10700 = CARTESIAN_POINT('',(451.759,0.,5.678));
#10701 = VECTOR('',#10702,1.);
#10702 = DIRECTION('',(0.,1.,0.));
#10703 = ORIENTED_EDGE('',*,*,#10704,.F.);
#10704 = EDGE_CURVE('',#10666,#10697,#10705,.T.);
#10705 = LINE('',#10706,#10707);
#10706 = CARTESIAN_POINT('',(451.335,0.,5.678));
#10707 = VECTOR('',#10708,1.);
#10708 = DIRECTION('',(1.,0.,0.));
#10709 = PLANE('',#10710);
#10710 = AXIS2_PLACEMENT_3D('',#10711,#10712,#10713);
#10711 = CARTESIAN_POINT('',(451.335,0.,5.678));
#10712 = DIRECTION('',(0.,0.,-1.));
#10713 = DIRECTION('',(1.,0.,0.));
#10714 = ADVANCED_FACE('',(#10715),#10740,.F.);
#10715 = FACE_BOUND('',#10716,.F.);
#10716 = EDGE_LOOP('',(#10717,#10718,#10726,#10734));
#10717 = ORIENTED_EDGE('',*,*,#10696,.T.);
#10718 = ORIENTED_EDGE('',*,*,#10719,.T.);
#10719 = EDGE_CURVE('',#10689,#10720,#10722,.T.);
#10720 = VERTEX_POINT('',#10721);
#10721 = CARTESIAN_POINT('',(452.55,250.,4.887));
#10722 = LINE('',#10723,#10724);
#10723 = CARTESIAN_POINT('',(451.759,250.,5.678));
#10724 = VECTOR('',#10725,1.);
#10725 = DIRECTION('',(0.707106781187,0.,-0.707106781187));
#10726 = ORIENTED_EDGE('',*,*,#10727,.F.);
#10727 = EDGE_CURVE('',#10728,#10720,#10730,.T.);
#10728 = VERTEX_POINT('',#10729);
#10729 = CARTESIAN_POINT('',(452.55,0.,4.887));
#10730 = LINE('',#10731,#10732);
#10731 = CARTESIAN_POINT('',(452.55,0.,4.887));
#10732 = VECTOR('',#10733,1.);
#10733 = DIRECTION('',(0.,1.,0.));
#10734 = ORIENTED_EDGE('',*,*,#10735,.F.);
#10735 = EDGE_CURVE('',#10697,#10728,#10736,.T.);
#10736 = LINE('',#10737,#10738);
#10737 = CARTESIAN_POINT('',(451.759,0.,5.678));
#10738 = VECTOR('',#10739,1.);
#10739 = DIRECTION('',(0.707106781187,0.,-0.707106781187));
#10740 = PLANE('',#10741);
#10741 = AXIS2_PLACEMENT_3D('',#10742,#10743,#10744);
#10742 = CARTESIAN_POINT('',(451.759,0.,5.678));
#10743 = DIRECTION('',(-0.707106781187,0.,-0.707106781187));
#10744 = DIRECTION('',(0.707106781187,0.,-0.707106781187));
#10745 = ADVANCED_FACE('',(#10746),#10771,.F.);
#10746 = FACE_BOUND('',#10747,.F.);
#10747 = EDGE_LOOP('',(#10748,#10749,#10757,#10765));
#10748 = ORIENTED_EDGE('',*,*,#10727,.T.);
#10749 = ORIENTED_EDGE('',*,*,#10750,.T.);
#10750 = EDGE_CURVE('',#10720,#10751,#10753,.T.);
#10751 = VERTEX_POINT('',#10752);
#10752 = CARTESIAN_POINT('',(452.606,250.,4.403));
#10753 = LINE('',#10754,#10755);
#10754 = CARTESIAN_POINT('',(452.55,250.,4.887));
#10755 = VECTOR('',#10756,1.);
#10756 = DIRECTION('',(0.114935711156,0.,-0.993372932136));
#10757 = ORIENTED_EDGE('',*,*,#10758,.F.);
#10758 = EDGE_CURVE('',#10759,#10751,#10761,.T.);
#10759 = VERTEX_POINT('',#10760);
#10760 = CARTESIAN_POINT('',(452.606,0.,4.403));
#10761 = LINE('',#10762,#10763);
#10762 = CARTESIAN_POINT('',(452.606,0.,4.403));
#10763 = VECTOR('',#10764,1.);
#10764 = DIRECTION('',(0.,1.,0.));
#10765 = ORIENTED_EDGE('',*,*,#10766,.F.);
#10766 = EDGE_CURVE('',#10728,#10759,#10767,.T.);
#10767 = LINE('',#10768,#10769);
#10768 = CARTESIAN_POINT('',(452.55,0.,4.887));
#10769 = VECTOR('',#10770,1.);
#10770 = DIRECTION('',(0.114935711156,0.,-0.993372932136));
#10771 = PLANE('',#10772);
#10772 = AXIS2_PLACEMENT_3D('',#10773,#10774,#10775);
#10773 = CARTESIAN_POINT('',(452.55,0.,4.887));
#10774 = DIRECTION('',(-0.993372932136,0.,-0.114935711156));
#10775 = DIRECTION('',(0.114935711156,0.,-0.993372932136));
#10776 = ADVANCED_FACE('',(#10777),#10802,.F.);
#10777 = FACE_BOUND('',#10778,.F.);
#10778 = EDGE_LOOP('',(#10779,#10780,#10788,#10796));
#10779 = ORIENTED_EDGE('',*,*,#10758,.T.);
#10780 = ORIENTED_EDGE('',*,*,#10781,.T.);
#10781 = EDGE_CURVE('',#10751,#10782,#10784,.T.);
#10782 = VERTEX_POINT('',#10783);
#10783 = CARTESIAN_POINT('',(451.83,250.,3.627));
#10784 = LINE('',#10785,#10786);
#10785 = CARTESIAN_POINT('',(452.606,250.,4.403));
#10786 = VECTOR('',#10787,1.);
#10787 = DIRECTION('',(-0.707106781187,0.,-0.707106781187));
#10788 = ORIENTED_EDGE('',*,*,#10789,.F.);
#10789 = EDGE_CURVE('',#10790,#10782,#10792,.T.);
#10790 = VERTEX_POINT('',#10791);
#10791 = CARTESIAN_POINT('',(451.83,0.,3.627));
#10792 = LINE('',#10793,#10794);
#10793 = CARTESIAN_POINT('',(451.83,0.,3.627));
#10794 = VECTOR('',#10795,1.);
#10795 = DIRECTION('',(0.,1.,0.));
#10796 = ORIENTED_EDGE('',*,*,#10797,.F.);
#10797 = EDGE_CURVE('',#10759,#10790,#10798,.T.);
#10798 = LINE('',#10799,#10800);
#10799 = CARTESIAN_POINT('',(452.606,0.,4.403));
#10800 = VECTOR('',#10801,1.);
#10801 = DIRECTION('',(-0.707106781187,0.,-0.707106781187));
#10802 = PLANE('',#10803);
#10803 = AXIS2_PLACEMENT_3D('',#10804,#10805,#10806);
#10804 = CARTESIAN_POINT('',(452.606,0.,4.403));
#10805 = DIRECTION('',(-0.707106781187,0.,0.707106781187));
#10806 = DIRECTION('',(-0.707106781187,0.,-0.707106781187));
#10807 = ADVANCED_FACE('',(#10808),#10833,.F.);
#10808 = FACE_BOUND('',#10809,.F.);
#10809 = EDGE_LOOP('',(#10810,#10811,#10819,#10827));
#10810 = ORIENTED_EDGE('',*,*,#10789,.T.);
#10811 = ORIENTED_EDGE('',*,*,#10812,.T.);
#10812 = EDGE_CURVE('',#10782,#10813,#10815,.T.);
#10813 = VERTEX_POINT('',#10814);
#10814 = CARTESIAN_POINT('',(453.527,250.,1.93));
#10815 = LINE('',#10816,#10817);
#10816 = CARTESIAN_POINT('',(451.83,250.,3.627));
#10817 = VECTOR('',#10818,1.);
#10818 = DIRECTION('',(0.707106781187,0.,-0.707106781187));
#10819 = ORIENTED_EDGE('',*,*,#10820,.F.);
#10820 = EDGE_CURVE('',#10821,#10813,#10823,.T.);
#10821 = VERTEX_POINT('',#10822);
#10822 = CARTESIAN_POINT('',(453.527,0.,1.93));
#10823 = LINE('',#10824,#10825);
#10824 = CARTESIAN_POINT('',(453.527,0.,1.93));
#10825 = VECTOR('',#10826,1.);
#10826 = DIRECTION('',(0.,1.,0.));
#10827 = ORIENTED_EDGE('',*,*,#10828,.F.);
#10828 = EDGE_CURVE('',#10790,#10821,#10829,.T.);
#10829 = LINE('',#10830,#10831);
#10830 = CARTESIAN_POINT('',(451.83,0.,3.627));
#10831 = VECTOR('',#10832,1.);
#10832 = DIRECTION('',(0.707106781187,0.,-0.707106781187));
#10833 = PLANE('',#10834);
#10834 = AXIS2_PLACEMENT_3D('',#10835,#10836,#10837);
#10835 = CARTESIAN_POINT('',(451.83,0.,3.627));
#10836 = DIRECTION('',(-0.707106781187,0.,-0.707106781187));
#10837 = DIRECTION('',(0.707106781187,0.,-0.707106781187));
#10838 = ADVANCED_FACE('',(#10839),#10864,.F.);
#10839 = FACE_BOUND('',#10840,.F.);
#10840 = EDGE_LOOP('',(#10841,#10842,#10850,#10858));
#10841 = ORIENTED_EDGE('',*,*,#10820,.T.);
#10842 = ORIENTED_EDGE('',*,*,#10843,.T.);
#10843 = EDGE_CURVE('',#10813,#10844,#10846,.T.);
#10844 = VERTEX_POINT('',#10845);
#10845 = CARTESIAN_POINT('',(454.303,250.,2.706));
#10846 = LINE('',#10847,#10848);
#10847 = CARTESIAN_POINT('',(453.527,250.,1.93));
#10848 = VECTOR('',#10849,1.);
#10849 = DIRECTION('',(0.707106781187,0.,0.707106781187));
#10850 = ORIENTED_EDGE('',*,*,#10851,.F.);
#10851 = EDGE_CURVE('',#10852,#10844,#10854,.T.);
#10852 = VERTEX_POINT('',#10853);
#10853 = CARTESIAN_POINT('',(454.303,0.,2.706));
#10854 = LINE('',#10855,#10856);
#10855 = CARTESIAN_POINT('',(454.303,0.,2.706));
#10856 = VECTOR('',#10857,1.);
#10857 = DIRECTION('',(0.,1.,0.));
#10858 = ORIENTED_EDGE('',*,*,#10859,.F.);
#10859 = EDGE_CURVE('',#10821,#10852,#10860,.T.);
#10860 = LINE('',#10861,#10862);
#10861 = CARTESIAN_POINT('',(453.527,0.,1.93));
#10862 = VECTOR('',#10863,1.);
#10863 = DIRECTION('',(0.707106781187,0.,0.707106781187));
#10864 = PLANE('',#10865);
#10865 = AXIS2_PLACEMENT_3D('',#10866,#10867,#10868);
#10866 = CARTESIAN_POINT('',(453.527,0.,1.93));
#10867 = DIRECTION('',(0.707106781187,0.,-0.707106781187));
#10868 = DIRECTION('',(0.707106781187,0.,0.707106781187));
#10869 = ADVANCED_FACE('',(#10870),#10895,.F.);
#10870 = FACE_BOUND('',#10871,.F.);
#10871 = EDGE_LOOP('',(#10872,#10873,#10881,#10889));
#10872 = ORIENTED_EDGE('',*,*,#10851,.T.);
#10873 = ORIENTED_EDGE('',*,*,#10874,.T.);
#10874 = EDGE_CURVE('',#10844,#10875,#10877,.T.);
#10875 = VERTEX_POINT('',#10876);
#10876 = CARTESIAN_POINT('',(454.787,250.,2.65));
#10877 = LINE('',#10878,#10879);
#10878 = CARTESIAN_POINT('',(454.303,250.,2.706));
#10879 = VECTOR('',#10880,1.);
#10880 = DIRECTION('',(0.993372932136,0.,-0.114935711156));
#10881 = ORIENTED_EDGE('',*,*,#10882,.F.);
#10882 = EDGE_CURVE('',#10883,#10875,#10885,.T.);
#10883 = VERTEX_POINT('',#10884);
#10884 = CARTESIAN_POINT('',(454.787,0.,2.65));
#10885 = LINE('',#10886,#10887);
#10886 = CARTESIAN_POINT('',(454.787,0.,2.65));
#10887 = VECTOR('',#10888,1.);
#10888 = DIRECTION('',(0.,1.,0.));
#10889 = ORIENTED_EDGE('',*,*,#10890,.F.);
#10890 = EDGE_CURVE('',#10852,#10883,#10891,.T.);
#10891 = LINE('',#10892,#10893);
#10892 = CARTESIAN_POINT('',(454.303,0.,2.706));
#10893 = VECTOR('',#10894,1.);
#10894 = DIRECTION('',(0.993372932136,0.,-0.114935711156));
#10895 = PLANE('',#10896);
#10896 = AXIS2_PLACEMENT_3D('',#10897,#10898,#10899);
#10897 = CARTESIAN_POINT('',(454.303,0.,2.706));
#10898 = DIRECTION('',(-0.114935711156,0.,-0.993372932136));
#10899 = DIRECTION('',(0.993372932136,0.,-0.114935711156));
#10900 = ADVANCED_FACE('',(#10901),#10926,.F.);
#10901 = FACE_BOUND('',#10902,.F.);
#10902 = EDGE_LOOP('',(#10903,#10904,#10912,#10920));
#10903 = ORIENTED_EDGE('',*,*,#10882,.T.);
#10904 = ORIENTED_EDGE('',*,*,#10905,.T.);
#10905 = EDGE_CURVE('',#10875,#10906,#10908,.T.);
#10906 = VERTEX_POINT('',#10907);
#10907 = CARTESIAN_POINT('',(455.578,250.,1.859));
#10908 = LINE('',#10909,#10910);
#10909 = CARTESIAN_POINT('',(454.787,250.,2.65));
#10910 = VECTOR('',#10911,1.);
#10911 = DIRECTION('',(0.707106781187,0.,-0.707106781187));
#10912 = ORIENTED_EDGE('',*,*,#10913,.F.);
#10913 = EDGE_CURVE('',#10914,#10906,#10916,.T.);
#10914 = VERTEX_POINT('',#10915);
#10915 = CARTESIAN_POINT('',(455.578,0.,1.859));
#10916 = LINE('',#10917,#10918);
#10917 = CARTESIAN_POINT('',(455.578,0.,1.859));
#10918 = VECTOR('',#10919,1.);
#10919 = DIRECTION('',(0.,1.,0.));
#10920 = ORIENTED_EDGE('',*,*,#10921,.F.);
#10921 = EDGE_CURVE('',#10883,#10914,#10922,.T.);
#10922 = LINE('',#10923,#10924);
#10923 = CARTESIAN_POINT('',(454.787,0.,2.65));
#10924 = VECTOR('',#10925,1.);
#10925 = DIRECTION('',(0.707106781187,0.,-0.707106781187));
#10926 = PLANE('',#10927);
#10927 = AXIS2_PLACEMENT_3D('',#10928,#10929,#10930);
#10928 = CARTESIAN_POINT('',(454.787,0.,2.65));
#10929 = DIRECTION('',(-0.707106781187,0.,-0.707106781187));
#10930 = DIRECTION('',(0.707106781187,0.,-0.707106781187));
#10931 = ADVANCED_FACE('',(#10932),#10957,.F.);
#10932 = FACE_BOUND('',#10933,.F.);
#10933 = EDGE_LOOP('',(#10934,#10935,#10943,#10951));
#10934 = ORIENTED_EDGE('',*,*,#10913,.T.);
#10935 = ORIENTED_EDGE('',*,*,#10936,.T.);
#10936 = EDGE_CURVE('',#10906,#10937,#10939,.T.);
#10937 = VERTEX_POINT('',#10938);
#10938 = CARTESIAN_POINT('',(456.002,250.,1.859));
#10939 = LINE('',#10940,#10941);
#10940 = CARTESIAN_POINT('',(455.578,250.,1.859));
#10941 = VECTOR('',#10942,1.);
#10942 = DIRECTION('',(1.,0.,0.));
#10943 = ORIENTED_EDGE('',*,*,#10944,.F.);
#10944 = EDGE_CURVE('',#10945,#10937,#10947,.T.);
#10945 = VERTEX_POINT('',#10946);
#10946 = CARTESIAN_POINT('',(456.002,0.,1.859));
#10947 = LINE('',#10948,#10949);
#10948 = CARTESIAN_POINT('',(456.002,0.,1.859));
#10949 = VECTOR('',#10950,1.);
#10950 = DIRECTION('',(0.,1.,0.));
#10951 = ORIENTED_EDGE('',*,*,#10952,.F.);
#10952 = EDGE_CURVE('',#10914,#10945,#10953,.T.);
#10953 = LINE('',#10954,#10955);
#10954 = CARTESIAN_POINT('',(455.578,0.,1.859));
#10955 = VECTOR('',#10956,1.);
#10956 = DIRECTION('',(1.,0.,0.));
#10957 = PLANE('',#10958);
#10958 = AXIS2_PLACEMENT_3D('',#10959,#10960,#10961);
#10959 = CARTESIAN_POINT('',(455.578,0.,1.859));
#10960 = DIRECTION('',(0.,0.,-1.));
#10961 = DIRECTION('',(1.,0.,0.));
#10962 = ADVANCED_FACE('',(#10963),#10988,.F.);
#10963 = FACE_BOUND('',#10964,.F.);
#10964 = EDGE_LOOP('',(#10965,#10966,#10974,#10982));
#10965 = ORIENTED_EDGE('',*,*,#10944,.T.);
#10966 = ORIENTED_EDGE('',*,*,#10967,.T.);
#10967 = EDGE_CURVE('',#10937,#10968,#10970,.T.);
#10968 = VERTEX_POINT('',#10969);
#10969 = CARTESIAN_POINT('',(457.841,250.,3.698));
#10970 = LINE('',#10971,#10972);
#10971 = CARTESIAN_POINT('',(456.002,250.,1.859));
#10972 = VECTOR('',#10973,1.);
#10973 = DIRECTION('',(0.707106781187,0.,0.707106781187));
#10974 = ORIENTED_EDGE('',*,*,#10975,.F.);
#10975 = EDGE_CURVE('',#10976,#10968,#10978,.T.);
#10976 = VERTEX_POINT('',#10977);
#10977 = CARTESIAN_POINT('',(457.841,0.,3.698));
#10978 = LINE('',#10979,#10980);
#10979 = CARTESIAN_POINT('',(457.841,0.,3.698));
#10980 = VECTOR('',#10981,1.);
#10981 = DIRECTION('',(0.,1.,0.));
#10982 = ORIENTED_EDGE('',*,*,#10983,.F.);
#10983 = EDGE_CURVE('',#10945,#10976,#10984,.T.);
#10984 = LINE('',#10985,#10986);
#10985 = CARTESIAN_POINT('',(456.002,0.,1.859));
#10986 = VECTOR('',#10987,1.);
#10987 = DIRECTION('',(0.707106781187,0.,0.707106781187));
#10988 = PLANE('',#10989);
#10989 = AXIS2_PLACEMENT_3D('',#10990,#10991,#10992);
#10990 = CARTESIAN_POINT('',(456.002,0.,1.859));
#10991 = DIRECTION('',(0.707106781187,0.,-0.707106781187));
#10992 = DIRECTION('',(0.707106781187,0.,0.707106781187));
#10993 = ADVANCED_FACE('',(#10994),#11019,.F.);
#10994 = FACE_BOUND('',#10995,.F.);
#10995 = EDGE_LOOP('',(#10996,#10997,#11005,#11013));
#10996 = ORIENTED_EDGE('',*,*,#10975,.T.);
#10997 = ORIENTED_EDGE('',*,*,#10998,.T.);
#10998 = EDGE_CURVE('',#10968,#10999,#11001,.T.);
#10999 = VERTEX_POINT('',#11000);
#11000 = CARTESIAN_POINT('',(457.841,250.,4.122));
#11001 = LINE('',#11002,#11003);
#11002 = CARTESIAN_POINT('',(457.841,250.,3.698));
#11003 = VECTOR('',#11004,1.);
#11004 = DIRECTION('',(0.,0.,1.));
#11005 = ORIENTED_EDGE('',*,*,#11006,.F.);
#11006 = EDGE_CURVE('',#11007,#10999,#11009,.T.);
#11007 = VERTEX_POINT('',#11008);
#11008 = CARTESIAN_POINT('',(457.841,0.,4.122));
#11009 = LINE('',#11010,#11011);
#11010 = CARTESIAN_POINT('',(457.841,0.,4.122));
#11011 = VECTOR('',#11012,1.);
#11012 = DIRECTION('',(0.,1.,0.));
#11013 = ORIENTED_EDGE('',*,*,#11014,.F.);
#11014 = EDGE_CURVE('',#10976,#11007,#11015,.T.);
#11015 = LINE('',#11016,#11017);
#11016 = CARTESIAN_POINT('',(457.841,0.,3.698));
#11017 = VECTOR('',#11018,1.);
#11018 = DIRECTION('',(0.,0.,1.));
#11019 = PLANE('',#11020);
#11020 = AXIS2_PLACEMENT_3D('',#11021,#11022,#11023);
#11021 = CARTESIAN_POINT('',(457.841,0.,3.698));
#11022 = DIRECTION('',(1.,0.,0.));
#11023 = DIRECTION('',(0.,0.,1.));
#11024 = ADVANCED_FACE('',(#11025),#11050,.F.);
#11025 = FACE_BOUND('',#11026,.F.);
#11026 = EDGE_LOOP('',(#11027,#11028,#11036,#11044));
#11027 = ORIENTED_EDGE('',*,*,#11006,.T.);
#11028 = ORIENTED_EDGE('',*,*,#11029,.T.);
#11029 = EDGE_CURVE('',#10999,#11030,#11032,.T.);
#11030 = VERTEX_POINT('',#11031);
#11031 = CARTESIAN_POINT('',(457.05,250.,4.913));
#11032 = LINE('',#11033,#11034);
#11033 = CARTESIAN_POINT('',(457.841,250.,4.122));
#11034 = VECTOR('',#11035,1.);
#11035 = DIRECTION('',(-0.707106781187,0.,0.707106781187));
#11036 = ORIENTED_EDGE('',*,*,#11037,.F.);
#11037 = EDGE_CURVE('',#11038,#11030,#11040,.T.);
#11038 = VERTEX_POINT('',#11039);
#11039 = CARTESIAN_POINT('',(457.05,0.,4.913));
#11040 = LINE('',#11041,#11042);
#11041 = CARTESIAN_POINT('',(457.05,0.,4.913));
#11042 = VECTOR('',#11043,1.);
#11043 = DIRECTION('',(0.,1.,0.));
#11044 = ORIENTED_EDGE('',*,*,#11045,.F.);
#11045 = EDGE_CURVE('',#11007,#11038,#11046,.T.);
#11046 = LINE('',#11047,#11048);
#11047 = CARTESIAN_POINT('',(457.841,0.,4.122));
#11048 = VECTOR('',#11049,1.);
#11049 = DIRECTION('',(-0.707106781187,0.,0.707106781187));
#11050 = PLANE('',#11051);
#11051 = AXIS2_PLACEMENT_3D('',#11052,#11053,#11054);
#11052 = CARTESIAN_POINT('',(457.841,0.,4.122));
#11053 = DIRECTION('',(0.707106781187,-0.,0.707106781187));
#11054 = DIRECTION('',(-0.707106781187,0.,0.707106781187));
#11055 = ADVANCED_FACE('',(#11056),#11081,.F.);
#11056 = FACE_BOUND('',#11057,.F.);
#11057 = EDGE_LOOP('',(#11058,#11059,#11067,#11075));
#11058 = ORIENTED_EDGE('',*,*,#11037,.T.);
#11059 = ORIENTED_EDGE('',*,*,#11060,.T.);
#11060 = EDGE_CURVE('',#11030,#11061,#11063,.T.);
#11061 = VERTEX_POINT('',#11062);
#11062 = CARTESIAN_POINT('',(456.994,250.,5.397));
#11063 = LINE('',#11064,#11065);
#11064 = CARTESIAN_POINT('',(457.05,250.,4.913));
#11065 = VECTOR('',#11066,1.);
#11066 = DIRECTION('',(-0.114935711156,0.,0.993372932136));
#11067 = ORIENTED_EDGE('',*,*,#11068,.F.);
#11068 = EDGE_CURVE('',#11069,#11061,#11071,.T.);
#11069 = VERTEX_POINT('',#11070);
#11070 = CARTESIAN_POINT('',(456.994,0.,5.397));
#11071 = LINE('',#11072,#11073);
#11072 = CARTESIAN_POINT('',(456.994,0.,5.397));
#11073 = VECTOR('',#11074,1.);
#11074 = DIRECTION('',(0.,1.,0.));
#11075 = ORIENTED_EDGE('',*,*,#11076,.F.);
#11076 = EDGE_CURVE('',#11038,#11069,#11077,.T.);
#11077 = LINE('',#11078,#11079);
#11078 = CARTESIAN_POINT('',(457.05,0.,4.913));
#11079 = VECTOR('',#11080,1.);
#11080 = DIRECTION('',(-0.114935711156,0.,0.993372932136));
#11081 = PLANE('',#11082);
#11082 = AXIS2_PLACEMENT_3D('',#11083,#11084,#11085);
#11083 = CARTESIAN_POINT('',(457.05,0.,4.913));
#11084 = DIRECTION('',(0.993372932136,-0.,0.114935711156));
#11085 = DIRECTION('',(-0.114935711156,0.,0.993372932136));
#11086 = ADVANCED_FACE('',(#11087),#11112,.F.);
#11087 = FACE_BOUND('',#11088,.F.);
#11088 = EDGE_LOOP('',(#11089,#11090,#11098,#11106));
#11089 = ORIENTED_EDGE('',*,*,#11068,.T.);
#11090 = ORIENTED_EDGE('',*,*,#11091,.T.);
#11091 = EDGE_CURVE('',#11061,#11092,#11094,.T.);
#11092 = VERTEX_POINT('',#11093);
#11093 = CARTESIAN_POINT('',(457.77,250.,6.173));
#11094 = LINE('',#11095,#11096);
#11095 = CARTESIAN_POINT('',(456.994,250.,5.397));
#11096 = VECTOR('',#11097,1.);
#11097 = DIRECTION('',(0.707106781187,0.,0.707106781187));
#11098 = ORIENTED_EDGE('',*,*,#11099,.F.);
#11099 = EDGE_CURVE('',#11100,#11092,#11102,.T.);
#11100 = VERTEX_POINT('',#11101);
#11101 = CARTESIAN_POINT('',(457.77,0.,6.173));
#11102 = LINE('',#11103,#11104);
#11103 = CARTESIAN_POINT('',(457.77,0.,6.173));
#11104 = VECTOR('',#11105,1.);
#11105 = DIRECTION('',(0.,1.,0.));
#11106 = ORIENTED_EDGE('',*,*,#11107,.F.);
#11107 = EDGE_CURVE('',#11069,#11100,#11108,.T.);
#11108 = LINE('',#11109,#11110);
#11109 = CARTESIAN_POINT('',(456.994,0.,5.397));
#11110 = VECTOR('',#11111,1.);
#11111 = DIRECTION('',(0.707106781187,0.,0.707106781187));
#11112 = PLANE('',#11113);
#11113 = AXIS2_PLACEMENT_3D('',#11114,#11115,#11116);
#11114 = CARTESIAN_POINT('',(456.994,0.,5.397));
#11115 = DIRECTION('',(0.707106781187,0.,-0.707106781187));
#11116 = DIRECTION('',(0.707106781187,0.,0.707106781187));
#11117 = ADVANCED_FACE('',(#11118),#11143,.F.);
#11118 = FACE_BOUND('',#11119,.F.);
#11119 = EDGE_LOOP('',(#11120,#11121,#11129,#11137));
#11120 = ORIENTED_EDGE('',*,*,#11099,.T.);
#11121 = ORIENTED_EDGE('',*,*,#11122,.T.);
#11122 = EDGE_CURVE('',#11092,#11123,#11125,.T.);
#11123 = VERTEX_POINT('',#11124);
#11124 = CARTESIAN_POINT('',(456.073,250.,7.87));
#11125 = LINE('',#11126,#11127);
#11126 = CARTESIAN_POINT('',(457.77,250.,6.173));
#11127 = VECTOR('',#11128,1.);
#11128 = DIRECTION('',(-0.707106781187,0.,0.707106781187));
#11129 = ORIENTED_EDGE('',*,*,#11130,.F.);
#11130 = EDGE_CURVE('',#11131,#11123,#11133,.T.);
#11131 = VERTEX_POINT('',#11132);
#11132 = CARTESIAN_POINT('',(456.073,0.,7.87));
#11133 = LINE('',#11134,#11135);
#11134 = CARTESIAN_POINT('',(456.073,0.,7.87));
#11135 = VECTOR('',#11136,1.);
#11136 = DIRECTION('',(0.,1.,0.));
#11137 = ORIENTED_EDGE('',*,*,#11138,.F.);
#11138 = EDGE_CURVE('',#11100,#11131,#11139,.T.);
#11139 = LINE('',#11140,#11141);
#11140 = CARTESIAN_POINT('',(457.77,0.,6.173));
#11141 = VECTOR('',#11142,1.);
#11142 = DIRECTION('',(-0.707106781187,0.,0.707106781187));
#11143 = PLANE('',#11144);
#11144 = AXIS2_PLACEMENT_3D('',#11145,#11146,#11147);
#11145 = CARTESIAN_POINT('',(457.77,0.,6.173));
#11146 = DIRECTION('',(0.707106781187,-0.,0.707106781187));
#11147 = DIRECTION('',(-0.707106781187,0.,0.707106781187));
#11148 = ADVANCED_FACE('',(#11149),#11174,.F.);
#11149 = FACE_BOUND('',#11150,.F.);
#11150 = EDGE_LOOP('',(#11151,#11152,#11160,#11168));
#11151 = ORIENTED_EDGE('',*,*,#11130,.T.);
#11152 = ORIENTED_EDGE('',*,*,#11153,.T.);
#11153 = EDGE_CURVE('',#11123,#11154,#11156,.T.);
#11154 = VERTEX_POINT('',#11155);
#11155 = CARTESIAN_POINT('',(455.297,250.,7.094));
#11156 = LINE('',#11157,#11158);
#11157 = CARTESIAN_POINT('',(456.073,250.,7.87));
#11158 = VECTOR('',#11159,1.);
#11159 = DIRECTION('',(-0.707106781187,0.,-0.707106781187));
#11160 = ORIENTED_EDGE('',*,*,#11161,.F.);
#11161 = EDGE_CURVE('',#11162,#11154,#11164,.T.);
#11162 = VERTEX_POINT('',#11163);
#11163 = CARTESIAN_POINT('',(455.297,0.,7.094));
#11164 = LINE('',#11165,#11166);
#11165 = CARTESIAN_POINT('',(455.297,0.,7.094));
#11166 = VECTOR('',#11167,1.);
#11167 = DIRECTION('',(0.,1.,0.));
#11168 = ORIENTED_EDGE('',*,*,#11169,.F.);
#11169 = EDGE_CURVE('',#11131,#11162,#11170,.T.);
#11170 = LINE('',#11171,#11172);
#11171 = CARTESIAN_POINT('',(456.073,0.,7.87));
#11172 = VECTOR('',#11173,1.);
#11173 = DIRECTION('',(-0.707106781187,0.,-0.707106781187));
#11174 = PLANE('',#11175);
#11175 = AXIS2_PLACEMENT_3D('',#11176,#11177,#11178);
#11176 = CARTESIAN_POINT('',(456.073,0.,7.87));
#11177 = DIRECTION('',(-0.707106781187,0.,0.707106781187));
#11178 = DIRECTION('',(-0.707106781187,0.,-0.707106781187));
#11179 = ADVANCED_FACE('',(#11180),#11205,.F.);
#11180 = FACE_BOUND('',#11181,.F.);
#11181 = EDGE_LOOP('',(#11182,#11183,#11191,#11199));
#11182 = ORIENTED_EDGE('',*,*,#11161,.T.);
#11183 = ORIENTED_EDGE('',*,*,#11184,.T.);
#11184 = EDGE_CURVE('',#11154,#11185,#11187,.T.);
#11185 = VERTEX_POINT('',#11186);
#11186 = CARTESIAN_POINT('',(454.813,250.,7.15));
#11187 = LINE('',#11188,#11189);
#11188 = CARTESIAN_POINT('',(455.297,250.,7.094));
#11189 = VECTOR('',#11190,1.);
#11190 = DIRECTION('',(-0.993372932136,0.,0.114935711156));
#11191 = ORIENTED_EDGE('',*,*,#11192,.F.);
#11192 = EDGE_CURVE('',#11193,#11185,#11195,.T.);
#11193 = VERTEX_POINT('',#11194);
#11194 = CARTESIAN_POINT('',(454.813,0.,7.15));
#11195 = LINE('',#11196,#11197);
#11196 = CARTESIAN_POINT('',(454.813,0.,7.15));
#11197 = VECTOR('',#11198,1.);
#11198 = DIRECTION('',(0.,1.,0.));
#11199 = ORIENTED_EDGE('',*,*,#11200,.F.);
#11200 = EDGE_CURVE('',#11162,#11193,#11201,.T.);
#11201 = LINE('',#11202,#11203);
#11202 = CARTESIAN_POINT('',(455.297,0.,7.094));
#11203 = VECTOR('',#11204,1.);
#11204 = DIRECTION('',(-0.993372932136,0.,0.114935711156));
#11205 = PLANE('',#11206);
#11206 = AXIS2_PLACEMENT_3D('',#11207,#11208,#11209);
#11207 = CARTESIAN_POINT('',(455.297,0.,7.094));
#11208 = DIRECTION('',(0.114935711156,-0.,0.993372932136));
#11209 = DIRECTION('',(-0.993372932136,0.,0.114935711156));
#11210 = ADVANCED_FACE('',(#11211),#11236,.F.);
#11211 = FACE_BOUND('',#11212,.F.);
#11212 = EDGE_LOOP('',(#11213,#11214,#11222,#11230));
#11213 = ORIENTED_EDGE('',*,*,#11192,.T.);
#11214 = ORIENTED_EDGE('',*,*,#11215,.T.);
#11215 = EDGE_CURVE('',#11185,#11216,#11218,.T.);
#11216 = VERTEX_POINT('',#11217);
#11217 = CARTESIAN_POINT('',(454.022,250.,7.941));
#11218 = LINE('',#11219,#11220);
#11219 = CARTESIAN_POINT('',(454.813,250.,7.15));
#11220 = VECTOR('',#11221,1.);
#11221 = DIRECTION('',(-0.707106781187,0.,0.707106781187));
#11222 = ORIENTED_EDGE('',*,*,#11223,.F.);
#11223 = EDGE_CURVE('',#11224,#11216,#11226,.T.);
#11224 = VERTEX_POINT('',#11225);
#11225 = CARTESIAN_POINT('',(454.022,0.,7.941));
#11226 = LINE('',#11227,#11228);
#11227 = CARTESIAN_POINT('',(454.022,0.,7.941));
#11228 = VECTOR('',#11229,1.);
#11229 = DIRECTION('',(0.,1.,0.));
#11230 = ORIENTED_EDGE('',*,*,#11231,.F.);
#11231 = EDGE_CURVE('',#11193,#11224,#11232,.T.);
#11232 = LINE('',#11233,#11234);
#11233 = CARTESIAN_POINT('',(454.813,0.,7.15));
#11234 = VECTOR('',#11235,1.);
#11235 = DIRECTION('',(-0.707106781187,0.,0.707106781187));
#11236 = PLANE('',#11237);
#11237 = AXIS2_PLACEMENT_3D('',#11238,#11239,#11240);
#11238 = CARTESIAN_POINT('',(454.813,0.,7.15));
#11239 = DIRECTION('',(0.707106781187,-0.,0.707106781187));
#11240 = DIRECTION('',(-0.707106781187,0.,0.707106781187));
#11241 = ADVANCED_FACE('',(#11242),#11267,.F.);
#11242 = FACE_BOUND('',#11243,.F.);
#11243 = EDGE_LOOP('',(#11244,#11245,#11253,#11261));
#11244 = ORIENTED_EDGE('',*,*,#11223,.T.);
#11245 = ORIENTED_EDGE('',*,*,#11246,.T.);
#11246 = EDGE_CURVE('',#11216,#11247,#11249,.T.);
#11247 = VERTEX_POINT('',#11248);
#11248 = CARTESIAN_POINT('',(454.022,250.,8.365));
#11249 = LINE('',#11250,#11251);
#11250 = CARTESIAN_POINT('',(454.022,250.,7.941));
#11251 = VECTOR('',#11252,1.);
#11252 = DIRECTION('',(0.,0.,1.));
#11253 = ORIENTED_EDGE('',*,*,#11254,.F.);
#11254 = EDGE_CURVE('',#11255,#11247,#11257,.T.);
#11255 = VERTEX_POINT('',#11256);
#11256 = CARTESIAN_POINT('',(454.022,0.,8.365));
#11257 = LINE('',#11258,#11259);
#11258 = CARTESIAN_POINT('',(454.022,0.,8.365));
#11259 = VECTOR('',#11260,1.);
#11260 = DIRECTION('',(0.,1.,0.));
#11261 = ORIENTED_EDGE('',*,*,#11262,.F.);
#11262 = EDGE_CURVE('',#11224,#11255,#11263,.T.);
#11263 = LINE('',#11264,#11265);
#11264 = CARTESIAN_POINT('',(454.022,0.,7.941));
#11265 = VECTOR('',#11266,1.);
#11266 = DIRECTION('',(0.,0.,1.));
#11267 = PLANE('',#11268);
#11268 = AXIS2_PLACEMENT_3D('',#11269,#11270,#11271);
#11269 = CARTESIAN_POINT('',(454.022,0.,7.941));
#11270 = DIRECTION('',(1.,0.,0.));
#11271 = DIRECTION('',(0.,0.,1.));
#11272 = ADVANCED_FACE('',(#11273),#11298,.F.);
#11273 = FACE_BOUND('',#11274,.F.);
#11274 = EDGE_LOOP('',(#11275,#11276,#11284,#11292));
#11275 = ORIENTED_EDGE('',*,*,#11254,.T.);
#11276 = ORIENTED_EDGE('',*,*,#11277,.T.);
#11277 = EDGE_CURVE('',#11247,#11278,#11280,.T.);
#11278 = VERTEX_POINT('',#11279);
#11279 = CARTESIAN_POINT('',(455.257,250.,9.6));
#11280 = LINE('',#11281,#11282);
#11281 = CARTESIAN_POINT('',(454.022,250.,8.365));
#11282 = VECTOR('',#11283,1.);
#11283 = DIRECTION('',(0.707106781187,0.,0.707106781187));
#11284 = ORIENTED_EDGE('',*,*,#11285,.F.);
#11285 = EDGE_CURVE('',#11286,#11278,#11288,.T.);
#11286 = VERTEX_POINT('',#11287);
#11287 = CARTESIAN_POINT('',(455.257,0.,9.6));
#11288 = LINE('',#11289,#11290);
#11289 = CARTESIAN_POINT('',(455.257,0.,9.6));
#11290 = VECTOR('',#11291,1.);
#11291 = DIRECTION('',(0.,1.,0.));
#11292 = ORIENTED_EDGE('',*,*,#11293,.F.);
#11293 = EDGE_CURVE('',#11255,#11286,#11294,.T.);
#11294 = LINE('',#11295,#11296);
#11295 = CARTESIAN_POINT('',(454.022,0.,8.365));
#11296 = VECTOR('',#11297,1.);
#11297 = DIRECTION('',(0.707106781187,0.,0.707106781187));
#11298 = PLANE('',#11299);
#11299 = AXIS2_PLACEMENT_3D('',#11300,#11301,#11302);
#11300 = CARTESIAN_POINT('',(454.022,0.,8.365));
#11301 = DIRECTION('',(0.707106781187,0.,-0.707106781187));
#11302 = DIRECTION('',(0.707106781187,0.,0.707106781187));
#11303 = ADVANCED_FACE('',(#11304),#11329,.F.);
#11304 = FACE_BOUND('',#11305,.F.);
#11305 = EDGE_LOOP('',(#11306,#11307,#11315,#11323));
#11306 = ORIENTED_EDGE('',*,*,#11285,.T.);
#11307 = ORIENTED_EDGE('',*,*,#11308,.T.);
#11308 = EDGE_CURVE('',#11278,#11309,#11311,.T.);
#11309 = VERTEX_POINT('',#11310);
#11310 = CARTESIAN_POINT('',(457.8,250.,9.6));
#11311 = LINE('',#11312,#11313);
#11312 = CARTESIAN_POINT('',(455.257,250.,9.6));
#11313 = VECTOR('',#11314,1.);
#11314 = DIRECTION('',(1.,0.,0.));
#11315 = ORIENTED_EDGE('',*,*,#11316,.F.);
#11316 = EDGE_CURVE('',#11317,#11309,#11319,.T.);
#11317 = VERTEX_POINT('',#11318);
#11318 = CARTESIAN_POINT('',(457.8,0.,9.6));
#11319 = LINE('',#11320,#11321);
#11320 = CARTESIAN_POINT('',(457.8,0.,9.6));
#11321 = VECTOR('',#11322,1.);
#11322 = DIRECTION('',(0.,1.,0.));
#11323 = ORIENTED_EDGE('',*,*,#11324,.F.);
#11324 = EDGE_CURVE('',#11286,#11317,#11325,.T.);
#11325 = LINE('',#11326,#11327);
#11326 = CARTESIAN_POINT('',(455.257,0.,9.6));
#11327 = VECTOR('',#11328,1.);
#11328 = DIRECTION('',(1.,0.,0.));
#11329 = PLANE('',#11330);
#11330 = AXIS2_PLACEMENT_3D('',#11331,#11332,#11333);
#11331 = CARTESIAN_POINT('',(455.257,0.,9.6));
#11332 = DIRECTION('',(0.,0.,-1.));
#11333 = DIRECTION('',(1.,0.,0.));
#11334 = ADVANCED_FACE('',(#11335),#11360,.F.);
#11335 = FACE_BOUND('',#11336,.F.);
#11336 = EDGE_LOOP('',(#11337,#11338,#11346,#11354));
#11337 = ORIENTED_EDGE('',*,*,#11316,.T.);
#11338 = ORIENTED_EDGE('',*,*,#11339,.T.);
#11339 = EDGE_CURVE('',#11309,#11340,#11342,.T.);
#11340 = VERTEX_POINT('',#11341);
#11341 = CARTESIAN_POINT('',(457.8,250.,11.4));
#11342 = LINE('',#11343,#11344);
#11343 = CARTESIAN_POINT('',(457.8,250.,9.6));
#11344 = VECTOR('',#11345,1.);
#11345 = DIRECTION('',(0.,0.,1.));
#11346 = ORIENTED_EDGE('',*,*,#11347,.F.);
#11347 = EDGE_CURVE('',#11348,#11340,#11350,.T.);
#11348 = VERTEX_POINT('',#11349);
#11349 = CARTESIAN_POINT('',(457.8,0.,11.4));
#11350 = LINE('',#11351,#11352);
#11351 = CARTESIAN_POINT('',(457.8,0.,11.4));
#11352 = VECTOR('',#11353,1.);
#11353 = DIRECTION('',(0.,1.,0.));
#11354 = ORIENTED_EDGE('',*,*,#11355,.F.);
#11355 = EDGE_CURVE('',#11317,#11348,#11356,.T.);
#11356 = LINE('',#11357,#11358);
#11357 = CARTESIAN_POINT('',(457.8,0.,9.6));
#11358 = VECTOR('',#11359,1.);
#11359 = DIRECTION('',(0.,0.,1.));
#11360 = PLANE('',#11361);
#11361 = AXIS2_PLACEMENT_3D('',#11362,#11363,#11364);
#11362 = CARTESIAN_POINT('',(457.8,0.,9.6));
#11363 = DIRECTION('',(1.,0.,0.));
#11364 = DIRECTION('',(0.,0.,1.));
#11365 = ADVANCED_FACE('',(#11366),#11391,.F.);
#11366 = FACE_BOUND('',#11367,.F.);
#11367 = EDGE_LOOP('',(#11368,#11369,#11377,#11385));
#11368 = ORIENTED_EDGE('',*,*,#11347,.T.);
#11369 = ORIENTED_EDGE('',*,*,#11370,.T.);
#11370 = EDGE_CURVE('',#11340,#11371,#11373,.T.);
#11371 = VERTEX_POINT('',#11372);
#11372 = CARTESIAN_POINT('',(456.6,250.,11.4));
#11373 = LINE('',#11374,#11375);
#11374 = CARTESIAN_POINT('',(457.8,250.,11.4));
#11375 = VECTOR('',#11376,1.);
#11376 = DIRECTION('',(-1.,0.,0.));
#11377 = ORIENTED_EDGE('',*,*,#11378,.F.);
#11378 = EDGE_CURVE('',#11379,#11371,#11381,.T.);
#11379 = VERTEX_POINT('',#11380);
#11380 = CARTESIAN_POINT('',(456.6,0.,11.4));
#11381 = LINE('',#11382,#11383);
#11382 = CARTESIAN_POINT('',(456.6,0.,11.4));
#11383 = VECTOR('',#11384,1.);
#11384 = DIRECTION('',(0.,1.,0.));
#11385 = ORIENTED_EDGE('',*,*,#11386,.F.);
#11386 = EDGE_CURVE('',#11348,#11379,#11387,.T.);
#11387 = LINE('',#11388,#11389);
#11388 = CARTESIAN_POINT('',(457.8,0.,11.4));
#11389 = VECTOR('',#11390,1.);
#11390 = DIRECTION('',(-1.,0.,0.));
#11391 = PLANE('',#11392);
#11392 = AXIS2_PLACEMENT_3D('',#11393,#11394,#11395);
#11393 = CARTESIAN_POINT('',(457.8,0.,11.4));
#11394 = DIRECTION('',(0.,-0.,1.));
#11395 = DIRECTION('',(-1.,0.,0.));
#11396 = ADVANCED_FACE('',(#11397),#11422,.F.);
#11397 = FACE_BOUND('',#11398,.F.);
#11398 = EDGE_LOOP('',(#11399,#11400,#11408,#11416));
#11399 = ORIENTED_EDGE('',*,*,#11378,.T.);
#11400 = ORIENTED_EDGE('',*,*,#11401,.T.);
#11401 = EDGE_CURVE('',#11371,#11402,#11404,.T.);
#11402 = VERTEX_POINT('',#11403);
#11403 = CARTESIAN_POINT('',(456.3,250.,11.7));
#11404 = LINE('',#11405,#11406);
#11405 = CARTESIAN_POINT('',(456.6,250.,11.4));
#11406 = VECTOR('',#11407,1.);
#11407 = DIRECTION('',(-0.707106781187,0.,0.707106781187));
#11408 = ORIENTED_EDGE('',*,*,#11409,.F.);
#11409 = EDGE_CURVE('',#11410,#11402,#11412,.T.);
#11410 = VERTEX_POINT('',#11411);
#11411 = CARTESIAN_POINT('',(456.3,0.,11.7));
#11412 = LINE('',#11413,#11414);
#11413 = CARTESIAN_POINT('',(456.3,0.,11.7));
#11414 = VECTOR('',#11415,1.);
#11415 = DIRECTION('',(0.,1.,0.));
#11416 = ORIENTED_EDGE('',*,*,#11417,.F.);
#11417 = EDGE_CURVE('',#11379,#11410,#11418,.T.);
#11418 = LINE('',#11419,#11420);
#11419 = CARTESIAN_POINT('',(456.6,0.,11.4));
#11420 = VECTOR('',#11421,1.);
#11421 = DIRECTION('',(-0.707106781187,0.,0.707106781187));
#11422 = PLANE('',#11423);
#11423 = AXIS2_PLACEMENT_3D('',#11424,#11425,#11426);
#11424 = CARTESIAN_POINT('',(456.6,0.,11.4));
#11425 = DIRECTION('',(0.707106781187,-0.,0.707106781187));
#11426 = DIRECTION('',(-0.707106781187,0.,0.707106781187));
#11427 = ADVANCED_FACE('',(#11428),#11453,.F.);
#11428 = FACE_BOUND('',#11429,.F.);
#11429 = EDGE_LOOP('',(#11430,#11431,#11439,#11447));
#11430 = ORIENTED_EDGE('',*,*,#11409,.T.);
#11431 = ORIENTED_EDGE('',*,*,#11432,.T.);
#11432 = EDGE_CURVE('',#11402,#11433,#11435,.T.);
#11433 = VERTEX_POINT('',#11434);
#11434 = CARTESIAN_POINT('',(456.3,250.,12.2));
#11435 = LINE('',#11436,#11437);
#11436 = CARTESIAN_POINT('',(456.3,250.,11.7));
#11437 = VECTOR('',#11438,1.);
#11438 = DIRECTION('',(0.,0.,1.));
#11439 = ORIENTED_EDGE('',*,*,#11440,.F.);
#11440 = EDGE_CURVE('',#11441,#11433,#11443,.T.);
#11441 = VERTEX_POINT('',#11442);
#11442 = CARTESIAN_POINT('',(456.3,0.,12.2));
#11443 = LINE('',#11444,#11445);
#11444 = CARTESIAN_POINT('',(456.3,0.,12.2));
#11445 = VECTOR('',#11446,1.);
#11446 = DIRECTION('',(0.,1.,0.));
#11447 = ORIENTED_EDGE('',*,*,#11448,.F.);
#11448 = EDGE_CURVE('',#11410,#11441,#11449,.T.);
#11449 = LINE('',#11450,#11451);
#11450 = CARTESIAN_POINT('',(456.3,0.,11.7));
#11451 = VECTOR('',#11452,1.);
#11452 = DIRECTION('',(0.,0.,1.));
#11453 = PLANE('',#11454);
#11454 = AXIS2_PLACEMENT_3D('',#11455,#11456,#11457);
#11455 = CARTESIAN_POINT('',(456.3,0.,11.7));
#11456 = DIRECTION('',(1.,0.,0.));
#11457 = DIRECTION('',(0.,0.,1.));
#11458 = ADVANCED_FACE('',(#11459),#11484,.F.);
#11459 = FACE_BOUND('',#11460,.F.);
#11460 = EDGE_LOOP('',(#11461,#11462,#11470,#11478));
#11461 = ORIENTED_EDGE('',*,*,#11440,.T.);
#11462 = ORIENTED_EDGE('',*,*,#11463,.T.);
#11463 = EDGE_CURVE('',#11433,#11464,#11466,.T.);
#11464 = VERTEX_POINT('',#11465);
#11465 = CARTESIAN_POINT('',(456.6,250.,12.5));
#11466 = LINE('',#11467,#11468);
#11467 = CARTESIAN_POINT('',(456.3,250.,12.2));
#11468 = VECTOR('',#11469,1.);
#11469 = DIRECTION('',(0.707106781187,0.,0.707106781187));
#11470 = ORIENTED_EDGE('',*,*,#11471,.F.);
#11471 = EDGE_CURVE('',#11472,#11464,#11474,.T.);
#11472 = VERTEX_POINT('',#11473);
#11473 = CARTESIAN_POINT('',(456.6,0.,12.5));
#11474 = LINE('',#11475,#11476);
#11475 = CARTESIAN_POINT('',(456.6,0.,12.5));
#11476 = VECTOR('',#11477,1.);
#11477 = DIRECTION('',(0.,1.,0.));
#11478 = ORIENTED_EDGE('',*,*,#11479,.F.);
#11479 = EDGE_CURVE('',#11441,#11472,#11480,.T.);
#11480 = LINE('',#11481,#11482);
#11481 = CARTESIAN_POINT('',(456.3,0.,12.2));
#11482 = VECTOR('',#11483,1.);
#11483 = DIRECTION('',(0.707106781187,0.,0.707106781187));
#11484 = PLANE('',#11485);
#11485 = AXIS2_PLACEMENT_3D('',#11486,#11487,#11488);
#11486 = CARTESIAN_POINT('',(456.3,0.,12.2));
#11487 = DIRECTION('',(0.707106781187,0.,-0.707106781187));
#11488 = DIRECTION('',(0.707106781187,0.,0.707106781187));
#11489 = ADVANCED_FACE('',(#11490),#11515,.F.);
#11490 = FACE_BOUND('',#11491,.F.);
#11491 = EDGE_LOOP('',(#11492,#11493,#11501,#11509));
#11492 = ORIENTED_EDGE('',*,*,#11471,.T.);
#11493 = ORIENTED_EDGE('',*,*,#11494,.T.);
#11494 = EDGE_CURVE('',#11464,#11495,#11497,.T.);
#11495 = VERTEX_POINT('',#11496);
#11496 = CARTESIAN_POINT('',(457.8,250.,12.5));
#11497 = LINE('',#11498,#11499);
#11498 = CARTESIAN_POINT('',(456.6,250.,12.5));
#11499 = VECTOR('',#11500,1.);
#11500 = DIRECTION('',(1.,0.,0.));
#11501 = ORIENTED_EDGE('',*,*,#11502,.F.);
#11502 = EDGE_CURVE('',#11503,#11495,#11505,.T.);
#11503 = VERTEX_POINT('',#11504);
#11504 = CARTESIAN_POINT('',(457.8,0.,12.5));
#11505 = LINE('',#11506,#11507);
#11506 = CARTESIAN_POINT('',(457.8,0.,12.5));
#11507 = VECTOR('',#11508,1.);
#11508 = DIRECTION('',(0.,1.,0.));
#11509 = ORIENTED_EDGE('',*,*,#11510,.F.);
#11510 = EDGE_CURVE('',#11472,#11503,#11511,.T.);
#11511 = LINE('',#11512,#11513);
#11512 = CARTESIAN_POINT('',(456.6,0.,12.5));
#11513 = VECTOR('',#11514,1.);
#11514 = DIRECTION('',(1.,0.,0.));
#11515 = PLANE('',#11516);
#11516 = AXIS2_PLACEMENT_3D('',#11517,#11518,#11519);
#11517 = CARTESIAN_POINT('',(456.6,0.,12.5));
#11518 = DIRECTION('',(0.,0.,-1.));
#11519 = DIRECTION('',(1.,0.,0.));
#11520 = ADVANCED_FACE('',(#11521),#11546,.F.);
#11521 = FACE_BOUND('',#11522,.F.);
#11522 = EDGE_LOOP('',(#11523,#11524,#11532,#11540));
#11523 = ORIENTED_EDGE('',*,*,#11502,.T.);
#11524 = ORIENTED_EDGE('',*,*,#11525,.T.);
#11525 = EDGE_CURVE('',#11495,#11526,#11528,.T.);
#11526 = VERTEX_POINT('',#11527);
#11527 = CARTESIAN_POINT('',(457.8,250.,14.3));
#11528 = LINE('',#11529,#11530);
#11529 = CARTESIAN_POINT('',(457.8,250.,12.5));
#11530 = VECTOR('',#11531,1.);
#11531 = DIRECTION('',(0.,0.,1.));
#11532 = ORIENTED_EDGE('',*,*,#11533,.F.);
#11533 = EDGE_CURVE('',#11534,#11526,#11536,.T.);
#11534 = VERTEX_POINT('',#11535);
#11535 = CARTESIAN_POINT('',(457.8,0.,14.3));
#11536 = LINE('',#11537,#11538);
#11537 = CARTESIAN_POINT('',(457.8,0.,14.3));
#11538 = VECTOR('',#11539,1.);
#11539 = DIRECTION('',(0.,1.,0.));
#11540 = ORIENTED_EDGE('',*,*,#11541,.F.);
#11541 = EDGE_CURVE('',#11503,#11534,#11542,.T.);
#11542 = LINE('',#11543,#11544);
#11543 = CARTESIAN_POINT('',(457.8,0.,12.5));
#11544 = VECTOR('',#11545,1.);
#11545 = DIRECTION('',(0.,0.,1.));
#11546 = PLANE('',#11547);
#11547 = AXIS2_PLACEMENT_3D('',#11548,#11549,#11550);
#11548 = CARTESIAN_POINT('',(457.8,0.,12.5));
#11549 = DIRECTION('',(1.,0.,0.));
#11550 = DIRECTION('',(0.,0.,1.));
#11551 = ADVANCED_FACE('',(#11552),#11577,.F.);
#11552 = FACE_BOUND('',#11553,.F.);
#11553 = EDGE_LOOP('',(#11554,#11555,#11563,#11571));
#11554 = ORIENTED_EDGE('',*,*,#11533,.T.);
#11555 = ORIENTED_EDGE('',*,*,#11556,.T.);
#11556 = EDGE_CURVE('',#11526,#11557,#11559,.T.);
#11557 = VERTEX_POINT('',#11558);
#11558 = CARTESIAN_POINT('',(456.6,250.,14.3));
#11559 = LINE('',#11560,#11561);
#11560 = CARTESIAN_POINT('',(457.8,250.,14.3));
#11561 = VECTOR('',#11562,1.);
#11562 = DIRECTION('',(-1.,0.,0.));
#11563 = ORIENTED_EDGE('',*,*,#11564,.F.);
#11564 = EDGE_CURVE('',#11565,#11557,#11567,.T.);
#11565 = VERTEX_POINT('',#11566);
#11566 = CARTESIAN_POINT('',(456.6,0.,14.3));
#11567 = LINE('',#11568,#11569);
#11568 = CARTESIAN_POINT('',(456.6,0.,14.3));
#11569 = VECTOR('',#11570,1.);
#11570 = DIRECTION('',(0.,1.,0.));
#11571 = ORIENTED_EDGE('',*,*,#11572,.F.);
#11572 = EDGE_CURVE('',#11534,#11565,#11573,.T.);
#11573 = LINE('',#11574,#11575);
#11574 = CARTESIAN_POINT('',(457.8,0.,14.3));
#11575 = VECTOR('',#11576,1.);
#11576 = DIRECTION('',(-1.,0.,0.));
#11577 = PLANE('',#11578);
#11578 = AXIS2_PLACEMENT_3D('',#11579,#11580,#11581);
#11579 = CARTESIAN_POINT('',(457.8,0.,14.3));
#11580 = DIRECTION('',(0.,-0.,1.));
#11581 = DIRECTION('',(-1.,0.,0.));
#11582 = ADVANCED_FACE('',(#11583),#11608,.F.);
#11583 = FACE_BOUND('',#11584,.F.);
#11584 = EDGE_LOOP('',(#11585,#11586,#11594,#11602));
#11585 = ORIENTED_EDGE('',*,*,#11564,.T.);
#11586 = ORIENTED_EDGE('',*,*,#11587,.T.);
#11587 = EDGE_CURVE('',#11557,#11588,#11590,.T.);
#11588 = VERTEX_POINT('',#11589);
#11589 = CARTESIAN_POINT('',(456.3,250.,14.6));
#11590 = LINE('',#11591,#11592);
#11591 = CARTESIAN_POINT('',(456.6,250.,14.3));
#11592 = VECTOR('',#11593,1.);
#11593 = DIRECTION('',(-0.707106781187,0.,0.707106781187));
#11594 = ORIENTED_EDGE('',*,*,#11595,.F.);
#11595 = EDGE_CURVE('',#11596,#11588,#11598,.T.);
#11596 = VERTEX_POINT('',#11597);
#11597 = CARTESIAN_POINT('',(456.3,0.,14.6));
#11598 = LINE('',#11599,#11600);
#11599 = CARTESIAN_POINT('',(456.3,0.,14.6));
#11600 = VECTOR('',#11601,1.);
#11601 = DIRECTION('',(0.,1.,0.));
#11602 = ORIENTED_EDGE('',*,*,#11603,.F.);
#11603 = EDGE_CURVE('',#11565,#11596,#11604,.T.);
#11604 = LINE('',#11605,#11606);
#11605 = CARTESIAN_POINT('',(456.6,0.,14.3));
#11606 = VECTOR('',#11607,1.);
#11607 = DIRECTION('',(-0.707106781187,0.,0.707106781187));
#11608 = PLANE('',#11609);
#11609 = AXIS2_PLACEMENT_3D('',#11610,#11611,#11612);
#11610 = CARTESIAN_POINT('',(456.6,0.,14.3));
#11611 = DIRECTION('',(0.707106781187,-0.,0.707106781187));
#11612 = DIRECTION('',(-0.707106781187,0.,0.707106781187));
#11613 = ADVANCED_FACE('',(#11614),#11639,.F.);
#11614 = FACE_BOUND('',#11615,.F.);
#11615 = EDGE_LOOP('',(#11616,#11617,#11625,#11633));
#11616 = ORIENTED_EDGE('',*,*,#11595,.T.);
#11617 = ORIENTED_EDGE('',*,*,#11618,.T.);
#11618 = EDGE_CURVE('',#11588,#11619,#11621,.T.);
#11619 = VERTEX_POINT('',#11620);
#11620 = CARTESIAN_POINT('',(456.3,250.,15.1));
#11621 = LINE('',#11622,#11623);
#11622 = CARTESIAN_POINT('',(456.3,250.,14.6));
#11623 = VECTOR('',#11624,1.);
#11624 = DIRECTION('',(0.,0.,1.));
#11625 = ORIENTED_EDGE('',*,*,#11626,.F.);
#11626 = EDGE_CURVE('',#11627,#11619,#11629,.T.);
#11627 = VERTEX_POINT('',#11628);
#11628 = CARTESIAN_POINT('',(456.3,0.,15.1));
#11629 = LINE('',#11630,#11631);
#11630 = CARTESIAN_POINT('',(456.3,0.,15.1));
#11631 = VECTOR('',#11632,1.);
#11632 = DIRECTION('',(0.,1.,0.));
#11633 = ORIENTED_EDGE('',*,*,#11634,.F.);
#11634 = EDGE_CURVE('',#11596,#11627,#11635,.T.);
#11635 = LINE('',#11636,#11637);
#11636 = CARTESIAN_POINT('',(456.3,0.,14.6));
#11637 = VECTOR('',#11638,1.);
#11638 = DIRECTION('',(0.,0.,1.));
#11639 = PLANE('',#11640);
#11640 = AXIS2_PLACEMENT_3D('',#11641,#11642,#11643);
#11641 = CARTESIAN_POINT('',(456.3,0.,14.6));
#11642 = DIRECTION('',(1.,0.,0.));
#11643 = DIRECTION('',(0.,0.,1.));
#11644 = ADVANCED_FACE('',(#11645),#11670,.F.);
#11645 = FACE_BOUND('',#11646,.F.);
#11646 = EDGE_LOOP('',(#11647,#11648,#11656,#11664));
#11647 = ORIENTED_EDGE('',*,*,#11626,.T.);
#11648 = ORIENTED_EDGE('',*,*,#11649,.T.);
#11649 = EDGE_CURVE('',#11619,#11650,#11652,.T.);
#11650 = VERTEX_POINT('',#11651);
#11651 = CARTESIAN_POINT('',(456.6,250.,15.4));
#11652 = LINE('',#11653,#11654);
#11653 = CARTESIAN_POINT('',(456.3,250.,15.1));
#11654 = VECTOR('',#11655,1.);
#11655 = DIRECTION('',(0.707106781187,0.,0.707106781187));
#11656 = ORIENTED_EDGE('',*,*,#11657,.F.);
#11657 = EDGE_CURVE('',#11658,#11650,#11660,.T.);
#11658 = VERTEX_POINT('',#11659);
#11659 = CARTESIAN_POINT('',(456.6,0.,15.4));
#11660 = LINE('',#11661,#11662);
#11661 = CARTESIAN_POINT('',(456.6,0.,15.4));
#11662 = VECTOR('',#11663,1.);
#11663 = DIRECTION('',(0.,1.,0.));
#11664 = ORIENTED_EDGE('',*,*,#11665,.F.);
#11665 = EDGE_CURVE('',#11627,#11658,#11666,.T.);
#11666 = LINE('',#11667,#11668);
#11667 = CARTESIAN_POINT('',(456.3,0.,15.1));
#11668 = VECTOR('',#11669,1.);
#11669 = DIRECTION('',(0.707106781187,0.,0.707106781187));
#11670 = PLANE('',#11671);
#11671 = AXIS2_PLACEMENT_3D('',#11672,#11673,#11674);
#11672 = CARTESIAN_POINT('',(456.3,0.,15.1));
#11673 = DIRECTION('',(0.707106781187,0.,-0.707106781187));
#11674 = DIRECTION('',(0.707106781187,0.,0.707106781187));
#11675 = ADVANCED_FACE('',(#11676),#11701,.F.);
#11676 = FACE_BOUND('',#11677,.F.);
#11677 = EDGE_LOOP('',(#11678,#11679,#11687,#11695));
#11678 = ORIENTED_EDGE('',*,*,#11657,.T.);
#11679 = ORIENTED_EDGE('',*,*,#11680,.T.);
#11680 = EDGE_CURVE('',#11650,#11681,#11683,.T.);
#11681 = VERTEX_POINT('',#11682);
#11682 = CARTESIAN_POINT('',(457.8,250.,15.4));
#11683 = LINE('',#11684,#11685);
#11684 = CARTESIAN_POINT('',(456.6,250.,15.4));
#11685 = VECTOR('',#11686,1.);
#11686 = DIRECTION('',(1.,0.,0.));
#11687 = ORIENTED_EDGE('',*,*,#11688,.F.);
#11688 = EDGE_CURVE('',#11689,#11681,#11691,.T.);
#11689 = VERTEX_POINT('',#11690);
#11690 = CARTESIAN_POINT('',(457.8,0.,15.4));
#11691 = LINE('',#11692,#11693);
#11692 = CARTESIAN_POINT('',(457.8,0.,15.4));
#11693 = VECTOR('',#11694,1.);
#11694 = DIRECTION('',(0.,1.,0.));
#11695 = ORIENTED_EDGE('',*,*,#11696,.F.);
#11696 = EDGE_CURVE('',#11658,#11689,#11697,.T.);
#11697 = LINE('',#11698,#11699);
#11698 = CARTESIAN_POINT('',(456.6,0.,15.4));
#11699 = VECTOR('',#11700,1.);
#11700 = DIRECTION('',(1.,0.,0.));
#11701 = PLANE('',#11702);
#11702 = AXIS2_PLACEMENT_3D('',#11703,#11704,#11705);
#11703 = CARTESIAN_POINT('',(456.6,0.,15.4));
#11704 = DIRECTION('',(0.,0.,-1.));
#11705 = DIRECTION('',(1.,0.,0.));
#11706 = ADVANCED_FACE('',(#11707),#11732,.F.);
#11707 = FACE_BOUND('',#11708,.F.);
#11708 = EDGE_LOOP('',(#11709,#11710,#11718,#11726));
#11709 = ORIENTED_EDGE('',*,*,#11688,.T.);
#11710 = ORIENTED_EDGE('',*,*,#11711,.T.);
#11711 = EDGE_CURVE('',#11681,#11712,#11714,.T.);
#11712 = VERTEX_POINT('',#11713);
#11713 = CARTESIAN_POINT('',(457.8,250.,17.2));
#11714 = LINE('',#11715,#11716);
#11715 = CARTESIAN_POINT('',(457.8,250.,15.4));
#11716 = VECTOR('',#11717,1.);
#11717 = DIRECTION('',(0.,0.,1.));
#11718 = ORIENTED_EDGE('',*,*,#11719,.F.);
#11719 = EDGE_CURVE('',#11720,#11712,#11722,.T.);
#11720 = VERTEX_POINT('',#11721);
#11721 = CARTESIAN_POINT('',(457.8,0.,17.2));
#11722 = LINE('',#11723,#11724);
#11723 = CARTESIAN_POINT('',(457.8,0.,17.2));
#11724 = VECTOR('',#11725,1.);
#11725 = DIRECTION('',(0.,1.,0.));
#11726 = ORIENTED_EDGE('',*,*,#11727,.F.);
#11727 = EDGE_CURVE('',#11689,#11720,#11728,.T.);
#11728 = LINE('',#11729,#11730);
#11729 = CARTESIAN_POINT('',(457.8,0.,15.4));
#11730 = VECTOR('',#11731,1.);
#11731 = DIRECTION('',(0.,0.,1.));
#11732 = PLANE('',#11733);
#11733 = AXIS2_PLACEMENT_3D('',#11734,#11735,#11736);
#11734 = CARTESIAN_POINT('',(457.8,0.,15.4));
#11735 = DIRECTION('',(1.,0.,0.));
#11736 = DIRECTION('',(0.,0.,1.));
#11737 = ADVANCED_FACE('',(#11738),#11763,.F.);
#11738 = FACE_BOUND('',#11739,.F.);
#11739 = EDGE_LOOP('',(#11740,#11741,#11749,#11757));
#11740 = ORIENTED_EDGE('',*,*,#11719,.T.);
#11741 = ORIENTED_EDGE('',*,*,#11742,.T.);
#11742 = EDGE_CURVE('',#11712,#11743,#11745,.T.);
#11743 = VERTEX_POINT('',#11744);
#11744 = CARTESIAN_POINT('',(456.6,250.,17.2));
#11745 = LINE('',#11746,#11747);
#11746 = CARTESIAN_POINT('',(457.8,250.,17.2));
#11747 = VECTOR('',#11748,1.);
#11748 = DIRECTION('',(-1.,0.,0.));
#11749 = ORIENTED_EDGE('',*,*,#11750,.F.);
#11750 = EDGE_CURVE('',#11751,#11743,#11753,.T.);
#11751 = VERTEX_POINT('',#11752);
#11752 = CARTESIAN_POINT('',(456.6,0.,17.2));
#11753 = LINE('',#11754,#11755);
#11754 = CARTESIAN_POINT('',(456.6,0.,17.2));
#11755 = VECTOR('',#11756,1.);
#11756 = DIRECTION('',(0.,1.,0.));
#11757 = ORIENTED_EDGE('',*,*,#11758,.F.);
#11758 = EDGE_CURVE('',#11720,#11751,#11759,.T.);
#11759 = LINE('',#11760,#11761);
#11760 = CARTESIAN_POINT('',(457.8,0.,17.2));
#11761 = VECTOR('',#11762,1.);
#11762 = DIRECTION('',(-1.,0.,0.));
#11763 = PLANE('',#11764);
#11764 = AXIS2_PLACEMENT_3D('',#11765,#11766,#11767);
#11765 = CARTESIAN_POINT('',(457.8,0.,17.2));
#11766 = DIRECTION('',(0.,-0.,1.));
#11767 = DIRECTION('',(-1.,0.,0.));
#11768 = ADVANCED_FACE('',(#11769),#11794,.F.);
#11769 = FACE_BOUND('',#11770,.F.);
#11770 = EDGE_LOOP('',(#11771,#11772,#11780,#11788));
#11771 = ORIENTED_EDGE('',*,*,#11750,.T.);
#11772 = ORIENTED_EDGE('',*,*,#11773,.T.);
#11773 = EDGE_CURVE('',#11743,#11774,#11776,.T.);
#11774 = VERTEX_POINT('',#11775);
#11775 = CARTESIAN_POINT('',(456.3,250.,17.5));
#11776 = LINE('',#11777,#11778);
#11777 = CARTESIAN_POINT('',(456.6,250.,17.2));
#11778 = VECTOR('',#11779,1.);
#11779 = DIRECTION('',(-0.707106781187,0.,0.707106781187));
#11780 = ORIENTED_EDGE('',*,*,#11781,.F.);
#11781 = EDGE_CURVE('',#11782,#11774,#11784,.T.);
#11782 = VERTEX_POINT('',#11783);
#11783 = CARTESIAN_POINT('',(456.3,0.,17.5));
#11784 = LINE('',#11785,#11786);
#11785 = CARTESIAN_POINT('',(456.3,0.,17.5));
#11786 = VECTOR('',#11787,1.);
#11787 = DIRECTION('',(0.,1.,0.));
#11788 = ORIENTED_EDGE('',*,*,#11789,.F.);
#11789 = EDGE_CURVE('',#11751,#11782,#11790,.T.);
#11790 = LINE('',#11791,#11792);
#11791 = CARTESIAN_POINT('',(456.6,0.,17.2));
#11792 = VECTOR('',#11793,1.);
#11793 = DIRECTION('',(-0.707106781187,0.,0.707106781187));
#11794 = PLANE('',#11795);
#11795 = AXIS2_PLACEMENT_3D('',#11796,#11797,#11798);
#11796 = CARTESIAN_POINT('',(456.6,0.,17.2));
#11797 = DIRECTION('',(0.707106781187,-0.,0.707106781187));
#11798 = DIRECTION('',(-0.707106781187,0.,0.707106781187));
#11799 = ADVANCED_FACE('',(#11800),#11825,.F.);
#11800 = FACE_BOUND('',#11801,.F.);
#11801 = EDGE_LOOP('',(#11802,#11803,#11811,#11819));
#11802 = ORIENTED_EDGE('',*,*,#11781,.T.);
#11803 = ORIENTED_EDGE('',*,*,#11804,.T.);
#11804 = EDGE_CURVE('',#11774,#11805,#11807,.T.);
#11805 = VERTEX_POINT('',#11806);
#11806 = CARTESIAN_POINT('',(456.3,250.,19.379));
#11807 = LINE('',#11808,#11809);
#11808 = CARTESIAN_POINT('',(456.3,250.,17.5));
#11809 = VECTOR('',#11810,1.);
#11810 = DIRECTION('',(0.,0.,1.));
#11811 = ORIENTED_EDGE('',*,*,#11812,.F.);
#11812 = EDGE_CURVE('',#11813,#11805,#11815,.T.);
#11813 = VERTEX_POINT('',#11814);
#11814 = CARTESIAN_POINT('',(456.3,0.,19.379));
#11815 = LINE('',#11816,#11817);
#11816 = CARTESIAN_POINT('',(456.3,0.,19.379));
#11817 = VECTOR('',#11818,1.);
#11818 = DIRECTION('',(0.,1.,0.));
#11819 = ORIENTED_EDGE('',*,*,#11820,.F.);
#11820 = EDGE_CURVE('',#11782,#11813,#11821,.T.);
#11821 = LINE('',#11822,#11823);
#11822 = CARTESIAN_POINT('',(456.3,0.,17.5));
#11823 = VECTOR('',#11824,1.);
#11824 = DIRECTION('',(0.,0.,1.));
#11825 = PLANE('',#11826);
#11826 = AXIS2_PLACEMENT_3D('',#11827,#11828,#11829);
#11827 = CARTESIAN_POINT('',(456.3,0.,17.5));
#11828 = DIRECTION('',(1.,0.,0.));
#11829 = DIRECTION('',(0.,0.,1.));
#11830 = ADVANCED_FACE('',(#11831),#11856,.F.);
#11831 = FACE_BOUND('',#11832,.F.);
#11832 = EDGE_LOOP('',(#11833,#11834,#11842,#11850));
#11833 = ORIENTED_EDGE('',*,*,#11812,.T.);
#11834 = ORIENTED_EDGE('',*,*,#11835,.T.);
#11835 = EDGE_CURVE('',#11805,#11836,#11838,.T.);
#11836 = VERTEX_POINT('',#11837);
#11837 = CARTESIAN_POINT('',(456.,250.,19.679));
#11838 = LINE('',#11839,#11840);
#11839 = CARTESIAN_POINT('',(456.3,250.,19.379));
#11840 = VECTOR('',#11841,1.);
#11841 = DIRECTION('',(-0.707106781187,0.,0.707106781187));
#11842 = ORIENTED_EDGE('',*,*,#11843,.F.);
#11843 = EDGE_CURVE('',#11844,#11836,#11846,.T.);
#11844 = VERTEX_POINT('',#11845);
#11845 = CARTESIAN_POINT('',(456.,0.,19.679));
#11846 = LINE('',#11847,#11848);
#11847 = CARTESIAN_POINT('',(456.,0.,19.679));
#11848 = VECTOR('',#11849,1.);
#11849 = DIRECTION('',(0.,1.,0.));
#11850 = ORIENTED_EDGE('',*,*,#11851,.F.);
#11851 = EDGE_CURVE('',#11813,#11844,#11852,.T.);
#11852 = LINE('',#11853,#11854);
#11853 = CARTESIAN_POINT('',(456.3,0.,19.379));
#11854 = VECTOR('',#11855,1.);
#11855 = DIRECTION('',(-0.707106781187,0.,0.707106781187));
#11856 = PLANE('',#11857);
#11857 = AXIS2_PLACEMENT_3D('',#11858,#11859,#11860);
#11858 = CARTESIAN_POINT('',(456.3,0.,19.379));
#11859 = DIRECTION('',(0.707106781187,-0.,0.707106781187));
#11860 = DIRECTION('',(-0.707106781187,0.,0.707106781187));
#11861 = ADVANCED_FACE('',(#11862),#11887,.F.);
#11862 = FACE_BOUND('',#11863,.F.);
#11863 = EDGE_LOOP('',(#11864,#11865,#11873,#11881));
#11864 = ORIENTED_EDGE('',*,*,#11843,.T.);
#11865 = ORIENTED_EDGE('',*,*,#11866,.T.);
#11866 = EDGE_CURVE('',#11836,#11867,#11869,.T.);
#11867 = VERTEX_POINT('',#11868);
#11868 = CARTESIAN_POINT('',(451.3,250.,19.679));
#11869 = LINE('',#11870,#11871);
#11870 = CARTESIAN_POINT('',(456.,250.,19.679));
#11871 = VECTOR('',#11872,1.);
#11872 = DIRECTION('',(-1.,0.,0.));
#11873 = ORIENTED_EDGE('',*,*,#11874,.F.);
#11874 = EDGE_CURVE('',#11875,#11867,#11877,.T.);
#11875 = VERTEX_POINT('',#11876);
#11876 = CARTESIAN_POINT('',(451.3,0.,19.679));
#11877 = LINE('',#11878,#11879);
#11878 = CARTESIAN_POINT('',(451.3,0.,19.679));
#11879 = VECTOR('',#11880,1.);
#11880 = DIRECTION('',(0.,1.,0.));
#11881 = ORIENTED_EDGE('',*,*,#11882,.F.);
#11882 = EDGE_CURVE('',#11844,#11875,#11883,.T.);
#11883 = LINE('',#11884,#11885);
#11884 = CARTESIAN_POINT('',(456.,0.,19.679));
#11885 = VECTOR('',#11886,1.);
#11886 = DIRECTION('',(-1.,0.,0.));
#11887 = PLANE('',#11888);
#11888 = AXIS2_PLACEMENT_3D('',#11889,#11890,#11891);
#11889 = CARTESIAN_POINT('',(456.,0.,19.679));
#11890 = DIRECTION('',(0.,-0.,1.));
#11891 = DIRECTION('',(-1.,0.,0.));
#11892 = ADVANCED_FACE('',(#11893),#11918,.F.);
#11893 = FACE_BOUND('',#11894,.F.);
#11894 = EDGE_LOOP('',(#11895,#11896,#11904,#11912));
#11895 = ORIENTED_EDGE('',*,*,#11874,.T.);
#11896 = ORIENTED_EDGE('',*,*,#11897,.T.);
#11897 = EDGE_CURVE('',#11867,#11898,#11900,.T.);
#11898 = VERTEX_POINT('',#11899);
#11899 = CARTESIAN_POINT('',(450.8,250.,20.179));
#11900 = LINE('',#11901,#11902);
#11901 = CARTESIAN_POINT('',(451.3,250.,19.679));
#11902 = VECTOR('',#11903,1.);
#11903 = DIRECTION('',(-0.707106781187,0.,0.707106781187));
#11904 = ORIENTED_EDGE('',*,*,#11905,.F.);
#11905 = EDGE_CURVE('',#11906,#11898,#11908,.T.);
#11906 = VERTEX_POINT('',#11907);
#11907 = CARTESIAN_POINT('',(450.8,0.,20.179));
#11908 = LINE('',#11909,#11910);
#11909 = CARTESIAN_POINT('',(450.8,0.,20.179));
#11910 = VECTOR('',#11911,1.);
#11911 = DIRECTION('',(0.,1.,0.));
#11912 = ORIENTED_EDGE('',*,*,#11913,.F.);
#11913 = EDGE_CURVE('',#11875,#11906,#11914,.T.);
#11914 = LINE('',#11915,#11916);
#11915 = CARTESIAN_POINT('',(451.3,0.,19.679));
#11916 = VECTOR('',#11917,1.);
#11917 = DIRECTION('',(-0.707106781187,0.,0.707106781187));
#11918 = PLANE('',#11919);
#11919 = AXIS2_PLACEMENT_3D('',#11920,#11921,#11922);
#11920 = CARTESIAN_POINT('',(451.3,0.,19.679));
#11921 = DIRECTION('',(0.707106781187,-0.,0.707106781187));
#11922 = DIRECTION('',(-0.707106781187,0.,0.707106781187));
#11923 = ADVANCED_FACE('',(#11924),#11949,.F.);
#11924 = FACE_BOUND('',#11925,.F.);
#11925 = EDGE_LOOP('',(#11926,#11927,#11935,#11943));
#11926 = ORIENTED_EDGE('',*,*,#11905,.T.);
#11927 = ORIENTED_EDGE('',*,*,#11928,.T.);
#11928 = EDGE_CURVE('',#11898,#11929,#11931,.T.);
#11929 = VERTEX_POINT('',#11930);
#11930 = CARTESIAN_POINT('',(450.8,250.,23.9));
#11931 = LINE('',#11932,#11933);
#11932 = CARTESIAN_POINT('',(450.8,250.,20.179));
#11933 = VECTOR('',#11934,1.);
#11934 = DIRECTION('',(0.,0.,1.));
#11935 = ORIENTED_EDGE('',*,*,#11936,.F.);
#11936 = EDGE_CURVE('',#11937,#11929,#11939,.T.);
#11937 = VERTEX_POINT('',#11938);
#11938 = CARTESIAN_POINT('',(450.8,0.,23.9));
#11939 = LINE('',#11940,#11941);
#11940 = CARTESIAN_POINT('',(450.8,0.,23.9));
#11941 = VECTOR('',#11942,1.);
#11942 = DIRECTION('',(0.,1.,0.));
#11943 = ORIENTED_EDGE('',*,*,#11944,.F.);
#11944 = EDGE_CURVE('',#11906,#11937,#11945,.T.);
#11945 = LINE('',#11946,#11947);
#11946 = CARTESIAN_POINT('',(450.8,0.,20.179));
#11947 = VECTOR('',#11948,1.);
#11948 = DIRECTION('',(0.,0.,1.));
#11949 = PLANE('',#11950);
#11950 = AXIS2_PLACEMENT_3D('',#11951,#11952,#11953);
#11951 = CARTESIAN_POINT('',(450.8,0.,20.179));
#11952 = DIRECTION('',(1.,0.,0.));
#11953 = DIRECTION('',(0.,0.,1.));
#11954 = ADVANCED_FACE('',(#11955),#11980,.F.);
#11955 = FACE_BOUND('',#11956,.F.);
#11956 = EDGE_LOOP('',(#11957,#11958,#11966,#11974));
#11957 = ORIENTED_EDGE('',*,*,#11936,.T.);
#11958 = ORIENTED_EDGE('',*,*,#11959,.T.);
#11959 = EDGE_CURVE('',#11929,#11960,#11962,.T.);
#11960 = VERTEX_POINT('',#11961);
#11961 = CARTESIAN_POINT('',(455.8,250.,23.9));
#11962 = LINE('',#11963,#11964);
#11963 = CARTESIAN_POINT('',(450.8,250.,23.9));
#11964 = VECTOR('',#11965,1.);
#11965 = DIRECTION('',(1.,0.,0.));
#11966 = ORIENTED_EDGE('',*,*,#11967,.F.);
#11967 = EDGE_CURVE('',#11968,#11960,#11970,.T.);
#11968 = VERTEX_POINT('',#11969);
#11969 = CARTESIAN_POINT('',(455.8,0.,23.9));
#11970 = LINE('',#11971,#11972);
#11971 = CARTESIAN_POINT('',(455.8,0.,23.9));
#11972 = VECTOR('',#11973,1.);
#11973 = DIRECTION('',(0.,1.,0.));
#11974 = ORIENTED_EDGE('',*,*,#11975,.F.);
#11975 = EDGE_CURVE('',#11937,#11968,#11976,.T.);
#11976 = LINE('',#11977,#11978);
#11977 = CARTESIAN_POINT('',(450.8,0.,23.9));
#11978 = VECTOR('',#11979,1.);
#11979 = DIRECTION('',(1.,0.,0.));
#11980 = PLANE('',#11981);
#11981 = AXIS2_PLACEMENT_3D('',#11982,#11983,#11984);
#11982 = CARTESIAN_POINT('',(450.8,0.,23.9));
#11983 = DIRECTION('',(0.,0.,-1.));
#11984 = DIRECTION('',(1.,0.,0.));
#11985 = ADVANCED_FACE('',(#11986),#12011,.F.);
#11986 = FACE_BOUND('',#11987,.F.);
#11987 = EDGE_LOOP('',(#11988,#11989,#11997,#12005));
#11988 = ORIENTED_EDGE('',*,*,#11967,.T.);
#11989 = ORIENTED_EDGE('',*,*,#11990,.T.);
#11990 = EDGE_CURVE('',#11960,#11991,#11993,.T.);
#11991 = VERTEX_POINT('',#11992);
#11992 = CARTESIAN_POINT('',(455.8,250.,26.7));
#11993 = LINE('',#11994,#11995);
#11994 = CARTESIAN_POINT('',(455.8,250.,23.9));
#11995 = VECTOR('',#11996,1.);
#11996 = DIRECTION('',(0.,0.,1.));
#11997 = ORIENTED_EDGE('',*,*,#11998,.F.);
#11998 = EDGE_CURVE('',#11999,#11991,#12001,.T.);
#11999 = VERTEX_POINT('',#12000);
#12000 = CARTESIAN_POINT('',(455.8,0.,26.7));
#12001 = LINE('',#12002,#12003);
#12002 = CARTESIAN_POINT('',(455.8,0.,26.7));
#12003 = VECTOR('',#12004,1.);
#12004 = DIRECTION('',(0.,1.,0.));
#12005 = ORIENTED_EDGE('',*,*,#12006,.F.);
#12006 = EDGE_CURVE('',#11968,#11999,#12007,.T.);
#12007 = LINE('',#12008,#12009);
#12008 = CARTESIAN_POINT('',(455.8,0.,23.9));
#12009 = VECTOR('',#12010,1.);
#12010 = DIRECTION('',(0.,0.,1.));
#12011 = PLANE('',#12012);
#12012 = AXIS2_PLACEMENT_3D('',#12013,#12014,#12015);
#12013 = CARTESIAN_POINT('',(455.8,0.,23.9));
#12014 = DIRECTION('',(1.,0.,0.));
#12015 = DIRECTION('',(0.,0.,1.));
#12016 = ADVANCED_FACE('',(#12017),#12042,.F.);
#12017 = FACE_BOUND('',#12018,.F.);
#12018 = EDGE_LOOP('',(#12019,#12020,#12028,#12036));
#12019 = ORIENTED_EDGE('',*,*,#11998,.T.);
#12020 = ORIENTED_EDGE('',*,*,#12021,.T.);
#12021 = EDGE_CURVE('',#11991,#12022,#12024,.T.);
#12022 = VERTEX_POINT('',#12023);
#12023 = CARTESIAN_POINT('',(450.8,250.,26.7));
#12024 = LINE('',#12025,#12026);
#12025 = CARTESIAN_POINT('',(455.8,250.,26.7));
#12026 = VECTOR('',#12027,1.);
#12027 = DIRECTION('',(-1.,0.,0.));
#12028 = ORIENTED_EDGE('',*,*,#12029,.F.);
#12029 = EDGE_CURVE('',#12030,#12022,#12032,.T.);
#12030 = VERTEX_POINT('',#12031);
#12031 = CARTESIAN_POINT('',(450.8,0.,26.7));
#12032 = LINE('',#12033,#12034);
#12033 = CARTESIAN_POINT('',(450.8,0.,26.7));
#12034 = VECTOR('',#12035,1.);
#12035 = DIRECTION('',(0.,1.,0.));
#12036 = ORIENTED_EDGE('',*,*,#12037,.F.);
#12037 = EDGE_CURVE('',#11999,#12030,#12038,.T.);
#12038 = LINE('',#12039,#12040);
#12039 = CARTESIAN_POINT('',(455.8,0.,26.7));
#12040 = VECTOR('',#12041,1.);
#12041 = DIRECTION('',(-1.,0.,0.));
#12042 = PLANE('',#12043);
#12043 = AXIS2_PLACEMENT_3D('',#12044,#12045,#12046);
#12044 = CARTESIAN_POINT('',(455.8,0.,26.7));
#12045 = DIRECTION('',(0.,-0.,1.));
#12046 = DIRECTION('',(-1.,0.,0.));
#12047 = ADVANCED_FACE('',(#12048),#12073,.F.);
#12048 = FACE_BOUND('',#12049,.F.);
#12049 = EDGE_LOOP('',(#12050,#12051,#12059,#12067));
#12050 = ORIENTED_EDGE('',*,*,#12029,.T.);
#12051 = ORIENTED_EDGE('',*,*,#12052,.T.);
#12052 = EDGE_CURVE('',#12022,#12053,#12055,.T.);
#12053 = VERTEX_POINT('',#12054);
#12054 = CARTESIAN_POINT('',(450.8,250.,31.9));
#12055 = LINE('',#12056,#12057);
#12056 = CARTESIAN_POINT('',(450.8,250.,26.7));
#12057 = VECTOR('',#12058,1.);
#12058 = DIRECTION('',(0.,0.,1.));
#12059 = ORIENTED_EDGE('',*,*,#12060,.F.);
#12060 = EDGE_CURVE('',#12061,#12053,#12063,.T.);
#12061 = VERTEX_POINT('',#12062);
#12062 = CARTESIAN_POINT('',(450.8,0.,31.9));
#12063 = LINE('',#12064,#12065);
#12064 = CARTESIAN_POINT('',(450.8,0.,31.9));
#12065 = VECTOR('',#12066,1.);
#12066 = DIRECTION('',(0.,1.,0.));
#12067 = ORIENTED_EDGE('',*,*,#12068,.F.);
#12068 = EDGE_CURVE('',#12030,#12061,#12069,.T.);
#12069 = LINE('',#12070,#12071);
#12070 = CARTESIAN_POINT('',(450.8,0.,26.7));
#12071 = VECTOR('',#12072,1.);
#12072 = DIRECTION('',(0.,0.,1.));
#12073 = PLANE('',#12074);
#12074 = AXIS2_PLACEMENT_3D('',#12075,#12076,#12077);
#12075 = CARTESIAN_POINT('',(450.8,0.,26.7));
#12076 = DIRECTION('',(1.,0.,0.));
#12077 = DIRECTION('',(0.,0.,1.));
#12078 = ADVANCED_FACE('',(#12079),#12104,.F.);
#12079 = FACE_BOUND('',#12080,.F.);
#12080 = EDGE_LOOP('',(#12081,#12082,#12090,#12098));
#12081 = ORIENTED_EDGE('',*,*,#12060,.T.);
#12082 = ORIENTED_EDGE('',*,*,#12083,.T.);
#12083 = EDGE_CURVE('',#12053,#12084,#12086,.T.);
#12084 = VERTEX_POINT('',#12085);
#12085 = CARTESIAN_POINT('',(455.8,250.,31.9));
#12086 = LINE('',#12087,#12088);
#12087 = CARTESIAN_POINT('',(450.8,250.,31.9));
#12088 = VECTOR('',#12089,1.);
#12089 = DIRECTION('',(1.,0.,0.));
#12090 = ORIENTED_EDGE('',*,*,#12091,.F.);
#12091 = EDGE_CURVE('',#12092,#12084,#12094,.T.);
#12092 = VERTEX_POINT('',#12093);
#12093 = CARTESIAN_POINT('',(455.8,0.,31.9));
#12094 = LINE('',#12095,#12096);
#12095 = CARTESIAN_POINT('',(455.8,0.,31.9));
#12096 = VECTOR('',#12097,1.);
#12097 = DIRECTION('',(0.,1.,0.));
#12098 = ORIENTED_EDGE('',*,*,#12099,.F.);
#12099 = EDGE_CURVE('',#12061,#12092,#12100,.T.);
#12100 = LINE('',#12101,#12102);
#12101 = CARTESIAN_POINT('',(450.8,0.,31.9));
#12102 = VECTOR('',#12103,1.);
#12103 = DIRECTION('',(1.,0.,0.));
#12104 = PLANE('',#12105);
#12105 = AXIS2_PLACEMENT_3D('',#12106,#12107,#12108);
#12106 = CARTESIAN_POINT('',(450.8,0.,31.9));
#12107 = DIRECTION('',(0.,0.,-1.));
#12108 = DIRECTION('',(1.,0.,0.));
#12109 = ADVANCED_FACE('',(#12110),#12135,.F.);
#12110 = FACE_BOUND('',#12111,.F.);
#12111 = EDGE_LOOP('',(#12112,#12113,#12121,#12129));
#12112 = ORIENTED_EDGE('',*,*,#12091,.T.);
#12113 = ORIENTED_EDGE('',*,*,#12114,.T.);
#12114 = EDGE_CURVE('',#12084,#12115,#12117,.T.);
#12115 = VERTEX_POINT('',#12116);
#12116 = CARTESIAN_POINT('',(455.8,250.,34.7));
#12117 = LINE('',#12118,#12119);
#12118 = CARTESIAN_POINT('',(455.8,250.,31.9));
#12119 = VECTOR('',#12120,1.);
#12120 = DIRECTION('',(0.,0.,1.));
#12121 = ORIENTED_EDGE('',*,*,#12122,.F.);
#12122 = EDGE_CURVE('',#12123,#12115,#12125,.T.);
#12123 = VERTEX_POINT('',#12124);
#12124 = CARTESIAN_POINT('',(455.8,0.,34.7));
#12125 = LINE('',#12126,#12127);
#12126 = CARTESIAN_POINT('',(455.8,0.,34.7));
#12127 = VECTOR('',#12128,1.);
#12128 = DIRECTION('',(0.,1.,0.));
#12129 = ORIENTED_EDGE('',*,*,#12130,.F.);
#12130 = EDGE_CURVE('',#12092,#12123,#12131,.T.);
#12131 = LINE('',#12132,#12133);
#12132 = CARTESIAN_POINT('',(455.8,0.,31.9));
#12133 = VECTOR('',#12134,1.);
#12134 = DIRECTION('',(0.,0.,1.));
#12135 = PLANE('',#12136);
#12136 = AXIS2_PLACEMENT_3D('',#12137,#12138,#12139);
#12137 = CARTESIAN_POINT('',(455.8,0.,31.9));
#12138 = DIRECTION('',(1.,0.,0.));
#12139 = DIRECTION('',(0.,0.,1.));
#12140 = ADVANCED_FACE('',(#12141),#12166,.F.);
#12141 = FACE_BOUND('',#12142,.F.);
#12142 = EDGE_LOOP('',(#12143,#12144,#12152,#12160));
#12143 = ORIENTED_EDGE('',*,*,#12122,.T.);
#12144 = ORIENTED_EDGE('',*,*,#12145,.T.);
#12145 = EDGE_CURVE('',#12115,#12146,#12148,.T.);
#12146 = VERTEX_POINT('',#12147);
#12147 = CARTESIAN_POINT('',(450.8,250.,34.7));
#12148 = LINE('',#12149,#12150);
#12149 = CARTESIAN_POINT('',(455.8,250.,34.7));
#12150 = VECTOR('',#12151,1.);
#12151 = DIRECTION('',(-1.,0.,0.));
#12152 = ORIENTED_EDGE('',*,*,#12153,.F.);
#12153 = EDGE_CURVE('',#12154,#12146,#12156,.T.);
#12154 = VERTEX_POINT('',#12155);
#12155 = CARTESIAN_POINT('',(450.8,0.,34.7));
#12156 = LINE('',#12157,#12158);
#12157 = CARTESIAN_POINT('',(450.8,0.,34.7));
#12158 = VECTOR('',#12159,1.);
#12159 = DIRECTION('',(0.,1.,0.));
#12160 = ORIENTED_EDGE('',*,*,#12161,.F.);
#12161 = EDGE_CURVE('',#12123,#12154,#12162,.T.);
#12162 = LINE('',#12163,#12164);
#12163 = CARTESIAN_POINT('',(455.8,0.,34.7));
#12164 = VECTOR('',#12165,1.);
#12165 = DIRECTION('',(-1.,0.,0.));
#12166 = PLANE('',#12167);
#12167 = AXIS2_PLACEMENT_3D('',#12168,#12169,#12170);
#12168 = CARTESIAN_POINT('',(455.8,0.,34.7));
#12169 = DIRECTION('',(0.,-0.,1.));
#12170 = DIRECTION('',(-1.,0.,0.));
#12171 = ADVANCED_FACE('',(#12172),#12197,.F.);
#12172 = FACE_BOUND('',#12173,.F.);
#12173 = EDGE_LOOP('',(#12174,#12175,#12183,#12191));
#12174 = ORIENTED_EDGE('',*,*,#12153,.T.);
#12175 = ORIENTED_EDGE('',*,*,#12176,.T.);
#12176 = EDGE_CURVE('',#12146,#12177,#12179,.T.);
#12177 = VERTEX_POINT('',#12178);
#12178 = CARTESIAN_POINT('',(450.8,250.,38.9));
#12179 = LINE('',#12180,#12181);
#12180 = CARTESIAN_POINT('',(450.8,250.,34.7));
#12181 = VECTOR('',#12182,1.);
#12182 = DIRECTION('',(0.,0.,1.));
#12183 = ORIENTED_EDGE('',*,*,#12184,.F.);
#12184 = EDGE_CURVE('',#12185,#12177,#12187,.T.);
#12185 = VERTEX_POINT('',#12186);
#12186 = CARTESIAN_POINT('',(450.8,0.,38.9));
#12187 = LINE('',#12188,#12189);
#12188 = CARTESIAN_POINT('',(450.8,0.,38.9));
#12189 = VECTOR('',#12190,1.);
#12190 = DIRECTION('',(0.,1.,0.));
#12191 = ORIENTED_EDGE('',*,*,#12192,.F.);
#12192 = EDGE_CURVE('',#12154,#12185,#12193,.T.);
#12193 = LINE('',#12194,#12195);
#12194 = CARTESIAN_POINT('',(450.8,0.,34.7));
#12195 = VECTOR('',#12196,1.);
#12196 = DIRECTION('',(0.,0.,1.));
#12197 = PLANE('',#12198);
#12198 = AXIS2_PLACEMENT_3D('',#12199,#12200,#12201);
#12199 = CARTESIAN_POINT('',(450.8,0.,34.7));
#12200 = DIRECTION('',(1.,0.,0.));
#12201 = DIRECTION('',(0.,0.,1.));
#12202 = ADVANCED_FACE('',(#12203),#12228,.F.);
#12203 = FACE_BOUND('',#12204,.F.);
#12204 = EDGE_LOOP('',(#12205,#12206,#12214,#12222));
#12205 = ORIENTED_EDGE('',*,*,#12184,.T.);
#12206 = ORIENTED_EDGE('',*,*,#12207,.T.);
#12207 = EDGE_CURVE('',#12177,#12208,#12210,.T.);
#12208 = VERTEX_POINT('',#12209);
#12209 = CARTESIAN_POINT('',(455.8,250.,38.9));
#12210 = LINE('',#12211,#12212);
#12211 = CARTESIAN_POINT('',(450.8,250.,38.9));
#12212 = VECTOR('',#12213,1.);
#12213 = DIRECTION('',(1.,0.,0.));
#12214 = ORIENTED_EDGE('',*,*,#12215,.F.);
#12215 = EDGE_CURVE('',#12216,#12208,#12218,.T.);
#12216 = VERTEX_POINT('',#12217);
#12217 = CARTESIAN_POINT('',(455.8,0.,38.9));
#12218 = LINE('',#12219,#12220);
#12219 = CARTESIAN_POINT('',(455.8,0.,38.9));
#12220 = VECTOR('',#12221,1.);
#12221 = DIRECTION('',(0.,1.,0.));
#12222 = ORIENTED_EDGE('',*,*,#12223,.F.);
#12223 = EDGE_CURVE('',#12185,#12216,#12224,.T.);
#12224 = LINE('',#12225,#12226);
#12225 = CARTESIAN_POINT('',(450.8,0.,38.9));
#12226 = VECTOR('',#12227,1.);
#12227 = DIRECTION('',(1.,0.,0.));
#12228 = PLANE('',#12229);
#12229 = AXIS2_PLACEMENT_3D('',#12230,#12231,#12232);
#12230 = CARTESIAN_POINT('',(450.8,0.,38.9));
#12231 = DIRECTION('',(0.,0.,-1.));
#12232 = DIRECTION('',(1.,0.,0.));
#12233 = ADVANCED_FACE('',(#12234),#12259,.F.);
#12234 = FACE_BOUND('',#12235,.F.);
#12235 = EDGE_LOOP('',(#12236,#12237,#12245,#12253));
#12236 = ORIENTED_EDGE('',*,*,#12215,.T.);
#12237 = ORIENTED_EDGE('',*,*,#12238,.T.);
#12238 = EDGE_CURVE('',#12208,#12239,#12241,.T.);
#12239 = VERTEX_POINT('',#12240);
#12240 = CARTESIAN_POINT('',(455.8,250.,41.7));
#12241 = LINE('',#12242,#12243);
#12242 = CARTESIAN_POINT('',(455.8,250.,38.9));
#12243 = VECTOR('',#12244,1.);
#12244 = DIRECTION('',(0.,0.,1.));
#12245 = ORIENTED_EDGE('',*,*,#12246,.F.);
#12246 = EDGE_CURVE('',#12247,#12239,#12249,.T.);
#12247 = VERTEX_POINT('',#12248);
#12248 = CARTESIAN_POINT('',(455.8,0.,41.7));
#12249 = LINE('',#12250,#12251);
#12250 = CARTESIAN_POINT('',(455.8,0.,41.7));
#12251 = VECTOR('',#12252,1.);
#12252 = DIRECTION('',(0.,1.,0.));
#12253 = ORIENTED_EDGE('',*,*,#12254,.F.);
#12254 = EDGE_CURVE('',#12216,#12247,#12255,.T.);
#12255 = LINE('',#12256,#12257);
#12256 = CARTESIAN_POINT('',(455.8,0.,38.9));
#12257 = VECTOR('',#12258,1.);
#12258 = DIRECTION('',(0.,0.,1.));
#12259 = PLANE('',#12260);
#12260 = AXIS2_PLACEMENT_3D('',#12261,#12262,#12263);
#12261 = CARTESIAN_POINT('',(455.8,0.,38.9));
#12262 = DIRECTION('',(1.,0.,0.));
#12263 = DIRECTION('',(0.,0.,1.));
#12264 = ADVANCED_FACE('',(#12265),#12290,.F.);
#12265 = FACE_BOUND('',#12266,.F.);
#12266 = EDGE_LOOP('',(#12267,#12268,#12276,#12284));
#12267 = ORIENTED_EDGE('',*,*,#12246,.T.);
#12268 = ORIENTED_EDGE('',*,*,#12269,.T.);
#12269 = EDGE_CURVE('',#12239,#12270,#12272,.T.);
#12270 = VERTEX_POINT('',#12271);
#12271 = CARTESIAN_POINT('',(450.8,250.,41.7));
#12272 = LINE('',#12273,#12274);
#12273 = CARTESIAN_POINT('',(455.8,250.,41.7));
#12274 = VECTOR('',#12275,1.);
#12275 = DIRECTION('',(-1.,0.,0.));
#12276 = ORIENTED_EDGE('',*,*,#12277,.F.);
#12277 = EDGE_CURVE('',#12278,#12270,#12280,.T.);
#12278 = VERTEX_POINT('',#12279);
#12279 = CARTESIAN_POINT('',(450.8,0.,41.7));
#12280 = LINE('',#12281,#12282);
#12281 = CARTESIAN_POINT('',(450.8,0.,41.7));
#12282 = VECTOR('',#12283,1.);
#12283 = DIRECTION('',(0.,1.,0.));
#12284 = ORIENTED_EDGE('',*,*,#12285,.F.);
#12285 = EDGE_CURVE('',#12247,#12278,#12286,.T.);
#12286 = LINE('',#12287,#12288);
#12287 = CARTESIAN_POINT('',(455.8,0.,41.7));
#12288 = VECTOR('',#12289,1.);
#12289 = DIRECTION('',(-1.,0.,0.));
#12290 = PLANE('',#12291);
#12291 = AXIS2_PLACEMENT_3D('',#12292,#12293,#12294);
#12292 = CARTESIAN_POINT('',(455.8,0.,41.7));
#12293 = DIRECTION('',(0.,-0.,1.));
#12294 = DIRECTION('',(-1.,0.,0.));
#12295 = ADVANCED_FACE('',(#12296),#12321,.F.);
#12296 = FACE_BOUND('',#12297,.F.);
#12297 = EDGE_LOOP('',(#12298,#12299,#12307,#12315));
#12298 = ORIENTED_EDGE('',*,*,#12277,.T.);
#12299 = ORIENTED_EDGE('',*,*,#12300,.T.);
#12300 = EDGE_CURVE('',#12270,#12301,#12303,.T.);
#12301 = VERTEX_POINT('',#12302);
#12302 = CARTESIAN_POINT('',(450.8,250.,43.25));
#12303 = LINE('',#12304,#12305);
#12304 = CARTESIAN_POINT('',(450.8,250.,41.7));
#12305 = VECTOR('',#12306,1.);
#12306 = DIRECTION('',(0.,0.,1.));
#12307 = ORIENTED_EDGE('',*,*,#12308,.F.);
#12308 = EDGE_CURVE('',#12309,#12301,#12311,.T.);
#12309 = VERTEX_POINT('',#12310);
#12310 = CARTESIAN_POINT('',(450.8,0.,43.25));
#12311 = LINE('',#12312,#12313);
#12312 = CARTESIAN_POINT('',(450.8,0.,43.25));
#12313 = VECTOR('',#12314,1.);
#12314 = DIRECTION('',(0.,1.,0.));
#12315 = ORIENTED_EDGE('',*,*,#12316,.F.);
#12316 = EDGE_CURVE('',#12278,#12309,#12317,.T.);
#12317 = LINE('',#12318,#12319);
#12318 = CARTESIAN_POINT('',(450.8,0.,41.7));
#12319 = VECTOR('',#12320,1.);
#12320 = DIRECTION('',(0.,0.,1.));
#12321 = PLANE('',#12322);
#12322 = AXIS2_PLACEMENT_3D('',#12323,#12324,#12325);
#12323 = CARTESIAN_POINT('',(450.8,0.,41.7));
#12324 = DIRECTION('',(1.,0.,0.));
#12325 = DIRECTION('',(0.,0.,1.));
#12326 = ADVANCED_FACE('',(#12327),#12352,.F.);
#12327 = FACE_BOUND('',#12328,.F.);
#12328 = EDGE_LOOP('',(#12329,#12330,#12338,#12346));
#12329 = ORIENTED_EDGE('',*,*,#12308,.T.);
#12330 = ORIENTED_EDGE('',*,*,#12331,.T.);
#12331 = EDGE_CURVE('',#12301,#12332,#12334,.T.);
#12332 = VERTEX_POINT('',#12333);
#12333 = CARTESIAN_POINT('',(453.8,250.,43.25));
#12334 = LINE('',#12335,#12336);
#12335 = CARTESIAN_POINT('',(450.8,250.,43.25));
#12336 = VECTOR('',#12337,1.);
#12337 = DIRECTION('',(1.,0.,0.));
#12338 = ORIENTED_EDGE('',*,*,#12339,.F.);
#12339 = EDGE_CURVE('',#12340,#12332,#12342,.T.);
#12340 = VERTEX_POINT('',#12341);
#12341 = CARTESIAN_POINT('',(453.8,0.,43.25));
#12342 = LINE('',#12343,#12344);
#12343 = CARTESIAN_POINT('',(453.8,0.,43.25));
#12344 = VECTOR('',#12345,1.);
#12345 = DIRECTION('',(0.,1.,0.));
#12346 = ORIENTED_EDGE('',*,*,#12347,.F.);
#12347 = EDGE_CURVE('',#12309,#12340,#12348,.T.);
#12348 = LINE('',#12349,#12350);
#12349 = CARTESIAN_POINT('',(450.8,0.,43.25));
#12350 = VECTOR('',#12351,1.);
#12351 = DIRECTION('',(1.,0.,0.));
#12352 = PLANE('',#12353);
#12353 = AXIS2_PLACEMENT_3D('',#12354,#12355,#12356);
#12354 = CARTESIAN_POINT('',(450.8,0.,43.25));
#12355 = DIRECTION('',(0.,0.,-1.));
#12356 = DIRECTION('',(1.,0.,0.));
#12357 = ADVANCED_FACE('',(#12358),#12383,.F.);
#12358 = FACE_BOUND('',#12359,.F.);
#12359 = EDGE_LOOP('',(#12360,#12361,#12369,#12377));
#12360 = ORIENTED_EDGE('',*,*,#12339,.T.);
#12361 = ORIENTED_EDGE('',*,*,#12362,.T.);
#12362 = EDGE_CURVE('',#12332,#12363,#12365,.T.);
#12363 = VERTEX_POINT('',#12364);
#12364 = CARTESIAN_POINT('',(453.8,250.,44.85));
#12365 = LINE('',#12366,#12367);
#12366 = CARTESIAN_POINT('',(453.8,250.,43.25));
#12367 = VECTOR('',#12368,1.);
#12368 = DIRECTION('',(0.,0.,1.));
#12369 = ORIENTED_EDGE('',*,*,#12370,.F.);
#12370 = EDGE_CURVE('',#12371,#12363,#12373,.T.);
#12371 = VERTEX_POINT('',#12372);
#12372 = CARTESIAN_POINT('',(453.8,0.,44.85));
#12373 = LINE('',#12374,#12375);
#12374 = CARTESIAN_POINT('',(453.8,0.,44.85));
#12375 = VECTOR('',#12376,1.);
#12376 = DIRECTION('',(0.,1.,0.));
#12377 = ORIENTED_EDGE('',*,*,#12378,.F.);
#12378 = EDGE_CURVE('',#12340,#12371,#12379,.T.);
#12379 = LINE('',#12380,#12381);
#12380 = CARTESIAN_POINT('',(453.8,0.,43.25));
#12381 = VECTOR('',#12382,1.);
#12382 = DIRECTION('',(0.,0.,1.));
#12383 = PLANE('',#12384);
#12384 = AXIS2_PLACEMENT_3D('',#12385,#12386,#12387);
#12385 = CARTESIAN_POINT('',(453.8,0.,43.25));
#12386 = DIRECTION('',(1.,0.,0.));
#12387 = DIRECTION('',(0.,0.,1.));
#12388 = ADVANCED_FACE('',(#12389),#12414,.F.);
#12389 = FACE_BOUND('',#12390,.F.);
#12390 = EDGE_LOOP('',(#12391,#12392,#12400,#12408));
#12391 = ORIENTED_EDGE('',*,*,#12370,.T.);
#12392 = ORIENTED_EDGE('',*,*,#12393,.T.);
#12393 = EDGE_CURVE('',#12363,#12394,#12396,.T.);
#12394 = VERTEX_POINT('',#12395);
#12395 = CARTESIAN_POINT('',(452.1,250.,44.85));
#12396 = LINE('',#12397,#12398);
#12397 = CARTESIAN_POINT('',(453.8,250.,44.85));
#12398 = VECTOR('',#12399,1.);
#12399 = DIRECTION('',(-1.,0.,0.));
#12400 = ORIENTED_EDGE('',*,*,#12401,.F.);
#12401 = EDGE_CURVE('',#12402,#12394,#12404,.T.);
#12402 = VERTEX_POINT('',#12403);
#12403 = CARTESIAN_POINT('',(452.1,0.,44.85));
#12404 = LINE('',#12405,#12406);
#12405 = CARTESIAN_POINT('',(452.1,0.,44.85));
#12406 = VECTOR('',#12407,1.);
#12407 = DIRECTION('',(0.,1.,0.));
#12408 = ORIENTED_EDGE('',*,*,#12409,.F.);
#12409 = EDGE_CURVE('',#12371,#12402,#12410,.T.);
#12410 = LINE('',#12411,#12412);
#12411 = CARTESIAN_POINT('',(453.8,0.,44.85));
#12412 = VECTOR('',#12413,1.);
#12413 = DIRECTION('',(-1.,0.,0.));
#12414 = PLANE('',#12415);
#12415 = AXIS2_PLACEMENT_3D('',#12416,#12417,#12418);
#12416 = CARTESIAN_POINT('',(453.8,0.,44.85));
#12417 = DIRECTION('',(0.,-0.,1.));
#12418 = DIRECTION('',(-1.,0.,0.));
#12419 = ADVANCED_FACE('',(#12420),#12445,.F.);
#12420 = FACE_BOUND('',#12421,.F.);
#12421 = EDGE_LOOP('',(#12422,#12423,#12431,#12439));
#12422 = ORIENTED_EDGE('',*,*,#12401,.T.);
#12423 = ORIENTED_EDGE('',*,*,#12424,.T.);
#12424 = EDGE_CURVE('',#12394,#12425,#12427,.T.);
#12425 = VERTEX_POINT('',#12426);
#12426 = CARTESIAN_POINT('',(451.8,250.,45.15));
#12427 = LINE('',#12428,#12429);
#12428 = CARTESIAN_POINT('',(452.1,250.,44.85));
#12429 = VECTOR('',#12430,1.);
#12430 = DIRECTION('',(-0.707106781187,0.,0.707106781187));
#12431 = ORIENTED_EDGE('',*,*,#12432,.F.);
#12432 = EDGE_CURVE('',#12433,#12425,#12435,.T.);
#12433 = VERTEX_POINT('',#12434);
#12434 = CARTESIAN_POINT('',(451.8,0.,45.15));
#12435 = LINE('',#12436,#12437);
#12436 = CARTESIAN_POINT('',(451.8,0.,45.15));
#12437 = VECTOR('',#12438,1.);
#12438 = DIRECTION('',(0.,1.,0.));
#12439 = ORIENTED_EDGE('',*,*,#12440,.F.);
#12440 = EDGE_CURVE('',#12402,#12433,#12441,.T.);
#12441 = LINE('',#12442,#12443);
#12442 = CARTESIAN_POINT('',(452.1,0.,44.85));
#12443 = VECTOR('',#12444,1.);
#12444 = DIRECTION('',(-0.707106781187,0.,0.707106781187));
#12445 = PLANE('',#12446);
#12446 = AXIS2_PLACEMENT_3D('',#12447,#12448,#12449);
#12447 = CARTESIAN_POINT('',(452.1,0.,44.85));
#12448 = DIRECTION('',(0.707106781187,-0.,0.707106781187));
#12449 = DIRECTION('',(-0.707106781187,0.,0.707106781187));
#12450 = ADVANCED_FACE('',(#12451),#12476,.F.);
#12451 = FACE_BOUND('',#12452,.F.);
#12452 = EDGE_LOOP('',(#12453,#12454,#12462,#12470));
#12453 = ORIENTED_EDGE('',*,*,#12432,.T.);
#12454 = ORIENTED_EDGE('',*,*,#12455,.T.);
#12455 = EDGE_CURVE('',#12425,#12456,#12458,.T.);
#12456 = VERTEX_POINT('',#12457);
#12457 = CARTESIAN_POINT('',(451.8,250.,67.921));
#12458 = LINE('',#12459,#12460);
#12459 = CARTESIAN_POINT('',(451.8,250.,45.15));
#12460 = VECTOR('',#12461,1.);
#12461 = DIRECTION('',(0.,0.,1.));
#12462 = ORIENTED_EDGE('',*,*,#12463,.F.);
#12463 = EDGE_CURVE('',#12464,#12456,#12466,.T.);
#12464 = VERTEX_POINT('',#12465);
#12465 = CARTESIAN_POINT('',(451.8,0.,67.921));
#12466 = LINE('',#12467,#12468);
#12467 = CARTESIAN_POINT('',(451.8,0.,67.921));
#12468 = VECTOR('',#12469,1.);
#12469 = DIRECTION('',(0.,1.,0.));
#12470 = ORIENTED_EDGE('',*,*,#12471,.F.);
#12471 = EDGE_CURVE('',#12433,#12464,#12472,.T.);
#12472 = LINE('',#12473,#12474);
#12473 = CARTESIAN_POINT('',(451.8,0.,45.15));
#12474 = VECTOR('',#12475,1.);
#12475 = DIRECTION('',(0.,0.,1.));
#12476 = PLANE('',#12477);
#12477 = AXIS2_PLACEMENT_3D('',#12478,#12479,#12480);
#12478 = CARTESIAN_POINT('',(451.8,0.,45.15));
#12479 = DIRECTION('',(1.,0.,0.));
#12480 = DIRECTION('',(0.,0.,1.));
#12481 = ADVANCED_FACE('',(#12482),#12507,.F.);
#12482 = FACE_BOUND('',#12483,.F.);
#12483 = EDGE_LOOP('',(#12484,#12485,#12493,#12501));
#12484 = ORIENTED_EDGE('',*,*,#12463,.T.);
#12485 = ORIENTED_EDGE('',*,*,#12486,.T.);
#12486 = EDGE_CURVE('',#12456,#12487,#12489,.T.);
#12487 = VERTEX_POINT('',#12488);
#12488 = CARTESIAN_POINT('',(452.3,250.,68.421));
#12489 = LINE('',#12490,#12491);
#12490 = CARTESIAN_POINT('',(451.8,250.,67.921));
#12491 = VECTOR('',#12492,1.);
#12492 = DIRECTION('',(0.707106781187,0.,0.707106781187));
#12493 = ORIENTED_EDGE('',*,*,#12494,.F.);
#12494 = EDGE_CURVE('',#12495,#12487,#12497,.T.);
#12495 = VERTEX_POINT('',#12496);
#12496 = CARTESIAN_POINT('',(452.3,0.,68.421));
#12497 = LINE('',#12498,#12499);
#12498 = CARTESIAN_POINT('',(452.3,0.,68.421));
#12499 = VECTOR('',#12500,1.);
#12500 = DIRECTION('',(0.,1.,0.));
#12501 = ORIENTED_EDGE('',*,*,#12502,.F.);
#12502 = EDGE_CURVE('',#12464,#12495,#12503,.T.);
#12503 = LINE('',#12504,#12505);
#12504 = CARTESIAN_POINT('',(451.8,0.,67.921));
#12505 = VECTOR('',#12506,1.);
#12506 = DIRECTION('',(0.707106781187,0.,0.707106781187));
#12507 = PLANE('',#12508);
#12508 = AXIS2_PLACEMENT_3D('',#12509,#12510,#12511);
#12509 = CARTESIAN_POINT('',(451.8,0.,67.921));
#12510 = DIRECTION('',(0.707106781187,0.,-0.707106781187));
#12511 = DIRECTION('',(0.707106781187,0.,0.707106781187));
#12512 = ADVANCED_FACE('',(#12513),#12538,.F.);
#12513 = FACE_BOUND('',#12514,.F.);
#12514 = EDGE_LOOP('',(#12515,#12516,#12524,#12532));
#12515 = ORIENTED_EDGE('',*,*,#12494,.T.);
#12516 = ORIENTED_EDGE('',*,*,#12517,.T.);
#12517 = EDGE_CURVE('',#12487,#12518,#12520,.T.);
#12518 = VERTEX_POINT('',#12519);
#12519 = CARTESIAN_POINT('',(456.,250.,68.421));
#12520 = LINE('',#12521,#12522);
#12521 = CARTESIAN_POINT('',(452.3,250.,68.421));
#12522 = VECTOR('',#12523,1.);
#12523 = DIRECTION('',(1.,0.,0.));
#12524 = ORIENTED_EDGE('',*,*,#12525,.F.);
#12525 = EDGE_CURVE('',#12526,#12518,#12528,.T.);
#12526 = VERTEX_POINT('',#12527);
#12527 = CARTESIAN_POINT('',(456.,0.,68.421));
#12528 = LINE('',#12529,#12530);
#12529 = CARTESIAN_POINT('',(456.,0.,68.421));
#12530 = VECTOR('',#12531,1.);
#12531 = DIRECTION('',(0.,1.,0.));
#12532 = ORIENTED_EDGE('',*,*,#12533,.F.);
#12533 = EDGE_CURVE('',#12495,#12526,#12534,.T.);
#12534 = LINE('',#12535,#12536);
#12535 = CARTESIAN_POINT('',(452.3,0.,68.421));
#12536 = VECTOR('',#12537,1.);
#12537 = DIRECTION('',(1.,0.,0.));
#12538 = PLANE('',#12539);
#12539 = AXIS2_PLACEMENT_3D('',#12540,#12541,#12542);
#12540 = CARTESIAN_POINT('',(452.3,0.,68.421));
#12541 = DIRECTION('',(0.,0.,-1.));
#12542 = DIRECTION('',(1.,0.,0.));
#12543 = ADVANCED_FACE('',(#12544),#12569,.F.);
#12544 = FACE_BOUND('',#12545,.F.);
#12545 = EDGE_LOOP('',(#12546,#12547,#12555,#12563));
#12546 = ORIENTED_EDGE('',*,*,#12525,.T.);
#12547 = ORIENTED_EDGE('',*,*,#12548,.T.);
#12548 = EDGE_CURVE('',#12518,#12549,#12551,.T.);
#12549 = VERTEX_POINT('',#12550);
#12550 = CARTESIAN_POINT('',(456.3,250.,68.721));
#12551 = LINE('',#12552,#12553);
#12552 = CARTESIAN_POINT('',(456.,250.,68.421));
#12553 = VECTOR('',#12554,1.);
#12554 = DIRECTION('',(0.707106781187,0.,0.707106781187));
#12555 = ORIENTED_EDGE('',*,*,#12556,.F.);
#12556 = EDGE_CURVE('',#12557,#12549,#12559,.T.);
#12557 = VERTEX_POINT('',#12558);
#12558 = CARTESIAN_POINT('',(456.3,0.,68.721));
#12559 = LINE('',#12560,#12561);
#12560 = CARTESIAN_POINT('',(456.3,0.,68.721));
#12561 = VECTOR('',#12562,1.);
#12562 = DIRECTION('',(0.,1.,0.));
#12563 = ORIENTED_EDGE('',*,*,#12564,.F.);
#12564 = EDGE_CURVE('',#12526,#12557,#12565,.T.);
#12565 = LINE('',#12566,#12567);
#12566 = CARTESIAN_POINT('',(456.,0.,68.421));
#12567 = VECTOR('',#12568,1.);
#12568 = DIRECTION('',(0.707106781187,0.,0.707106781187));
#12569 = PLANE('',#12570);
#12570 = AXIS2_PLACEMENT_3D('',#12571,#12572,#12573);
#12571 = CARTESIAN_POINT('',(456.,0.,68.421));
#12572 = DIRECTION('',(0.707106781187,0.,-0.707106781187));
#12573 = DIRECTION('',(0.707106781187,0.,0.707106781187));
#12574 = ADVANCED_FACE('',(#12575),#12600,.F.);
#12575 = FACE_BOUND('',#12576,.F.);
#12576 = EDGE_LOOP('',(#12577,#12578,#12586,#12594));
#12577 = ORIENTED_EDGE('',*,*,#12556,.T.);
#12578 = ORIENTED_EDGE('',*,*,#12579,.T.);
#12579 = EDGE_CURVE('',#12549,#12580,#12582,.T.);
#12580 = VERTEX_POINT('',#12581);
#12581 = CARTESIAN_POINT('',(456.3,250.,70.6));
#12582 = LINE('',#12583,#12584);
#12583 = CARTESIAN_POINT('',(456.3,250.,68.721));
#12584 = VECTOR('',#12585,1.);
#12585 = DIRECTION('',(0.,0.,1.));
#12586 = ORIENTED_EDGE('',*,*,#12587,.F.);
#12587 = EDGE_CURVE('',#12588,#12580,#12590,.T.);
#12588 = VERTEX_POINT('',#12589);
#12589 = CARTESIAN_POINT('',(456.3,0.,70.6));
#12590 = LINE('',#12591,#12592);
#12591 = CARTESIAN_POINT('',(456.3,0.,70.6));
#12592 = VECTOR('',#12593,1.);
#12593 = DIRECTION('',(0.,1.,0.));
#12594 = ORIENTED_EDGE('',*,*,#12595,.F.);
#12595 = EDGE_CURVE('',#12557,#12588,#12596,.T.);
#12596 = LINE('',#12597,#12598);
#12597 = CARTESIAN_POINT('',(456.3,0.,68.721));
#12598 = VECTOR('',#12599,1.);
#12599 = DIRECTION('',(0.,0.,1.));
#12600 = PLANE('',#12601);
#12601 = AXIS2_PLACEMENT_3D('',#12602,#12603,#12604);
#12602 = CARTESIAN_POINT('',(456.3,0.,68.721));
#12603 = DIRECTION('',(1.,0.,0.));
#12604 = DIRECTION('',(0.,0.,1.));
#12605 = ADVANCED_FACE('',(#12606),#12631,.F.);
#12606 = FACE_BOUND('',#12607,.F.);
#12607 = EDGE_LOOP('',(#12608,#12609,#12617,#12625));
#12608 = ORIENTED_EDGE('',*,*,#12587,.T.);
#12609 = ORIENTED_EDGE('',*,*,#12610,.T.);
#12610 = EDGE_CURVE('',#12580,#12611,#12613,.T.);
#12611 = VERTEX_POINT('',#12612);
#12612 = CARTESIAN_POINT('',(456.6,250.,70.9));
#12613 = LINE('',#12614,#12615);
#12614 = CARTESIAN_POINT('',(456.3,250.,70.6));
#12615 = VECTOR('',#12616,1.);
#12616 = DIRECTION('',(0.707106781187,0.,0.707106781187));
#12617 = ORIENTED_EDGE('',*,*,#12618,.F.);
#12618 = EDGE_CURVE('',#12619,#12611,#12621,.T.);
#12619 = VERTEX_POINT('',#12620);
#12620 = CARTESIAN_POINT('',(456.6,0.,70.9));
#12621 = LINE('',#12622,#12623);
#12622 = CARTESIAN_POINT('',(456.6,0.,70.9));
#12623 = VECTOR('',#12624,1.);
#12624 = DIRECTION('',(0.,1.,0.));
#12625 = ORIENTED_EDGE('',*,*,#12626,.F.);
#12626 = EDGE_CURVE('',#12588,#12619,#12627,.T.);
#12627 = LINE('',#12628,#12629);
#12628 = CARTESIAN_POINT('',(456.3,0.,70.6));
#12629 = VECTOR('',#12630,1.);
#12630 = DIRECTION('',(0.707106781187,0.,0.707106781187));
#12631 = PLANE('',#12632);
#12632 = AXIS2_PLACEMENT_3D('',#12633,#12634,#12635);
#12633 = CARTESIAN_POINT('',(456.3,0.,70.6));
#12634 = DIRECTION('',(0.707106781187,0.,-0.707106781187));
#12635 = DIRECTION('',(0.707106781187,0.,0.707106781187));
#12636 = ADVANCED_FACE('',(#12637),#12662,.F.);
#12637 = FACE_BOUND('',#12638,.F.);
#12638 = EDGE_LOOP('',(#12639,#12640,#12648,#12656));
#12639 = ORIENTED_EDGE('',*,*,#12618,.T.);
#12640 = ORIENTED_EDGE('',*,*,#12641,.T.);
#12641 = EDGE_CURVE('',#12611,#12642,#12644,.T.);
#12642 = VERTEX_POINT('',#12643);
#12643 = CARTESIAN_POINT('',(457.8,250.,70.9));
#12644 = LINE('',#12645,#12646);
#12645 = CARTESIAN_POINT('',(456.6,250.,70.9));
#12646 = VECTOR('',#12647,1.);
#12647 = DIRECTION('',(1.,0.,0.));
#12648 = ORIENTED_EDGE('',*,*,#12649,.F.);
#12649 = EDGE_CURVE('',#12650,#12642,#12652,.T.);
#12650 = VERTEX_POINT('',#12651);
#12651 = CARTESIAN_POINT('',(457.8,0.,70.9));
#12652 = LINE('',#12653,#12654);
#12653 = CARTESIAN_POINT('',(457.8,0.,70.9));
#12654 = VECTOR('',#12655,1.);
#12655 = DIRECTION('',(0.,1.,0.));
#12656 = ORIENTED_EDGE('',*,*,#12657,.F.);
#12657 = EDGE_CURVE('',#12619,#12650,#12658,.T.);
#12658 = LINE('',#12659,#12660);
#12659 = CARTESIAN_POINT('',(456.6,0.,70.9));
#12660 = VECTOR('',#12661,1.);
#12661 = DIRECTION('',(1.,0.,0.));
#12662 = PLANE('',#12663);
#12663 = AXIS2_PLACEMENT_3D('',#12664,#12665,#12666);
#12664 = CARTESIAN_POINT('',(456.6,0.,70.9));
#12665 = DIRECTION('',(0.,0.,-1.));
#12666 = DIRECTION('',(1.,0.,0.));
#12667 = ADVANCED_FACE('',(#12668),#12693,.F.);
#12668 = FACE_BOUND('',#12669,.F.);
#12669 = EDGE_LOOP('',(#12670,#12671,#12679,#12687));
#12670 = ORIENTED_EDGE('',*,*,#12649,.T.);
#12671 = ORIENTED_EDGE('',*,*,#12672,.T.);
#12672 = EDGE_CURVE('',#12642,#12673,#12675,.T.);
#12673 = VERTEX_POINT('',#12674);
#12674 = CARTESIAN_POINT('',(457.8,250.,72.7));
#12675 = LINE('',#12676,#12677);
#12676 = CARTESIAN_POINT('',(457.8,250.,70.9));
#12677 = VECTOR('',#12678,1.);
#12678 = DIRECTION('',(0.,0.,1.));
#12679 = ORIENTED_EDGE('',*,*,#12680,.F.);
#12680 = EDGE_CURVE('',#12681,#12673,#12683,.T.);
#12681 = VERTEX_POINT('',#12682);
#12682 = CARTESIAN_POINT('',(457.8,0.,72.7));
#12683 = LINE('',#12684,#12685);
#12684 = CARTESIAN_POINT('',(457.8,0.,72.7));
#12685 = VECTOR('',#12686,1.);
#12686 = DIRECTION('',(0.,1.,0.));
#12687 = ORIENTED_EDGE('',*,*,#12688,.F.);
#12688 = EDGE_CURVE('',#12650,#12681,#12689,.T.);
#12689 = LINE('',#12690,#12691);
#12690 = CARTESIAN_POINT('',(457.8,0.,70.9));
#12691 = VECTOR('',#12692,1.);
#12692 = DIRECTION('',(0.,0.,1.));
#12693 = PLANE('',#12694);
#12694 = AXIS2_PLACEMENT_3D('',#12695,#12696,#12697);
#12695 = CARTESIAN_POINT('',(457.8,0.,70.9));
#12696 = DIRECTION('',(1.,0.,0.));
#12697 = DIRECTION('',(0.,0.,1.));
#12698 = ADVANCED_FACE('',(#12699),#12724,.F.);
#12699 = FACE_BOUND('',#12700,.F.);
#12700 = EDGE_LOOP('',(#12701,#12702,#12710,#12718));
#12701 = ORIENTED_EDGE('',*,*,#12680,.T.);
#12702 = ORIENTED_EDGE('',*,*,#12703,.T.);
#12703 = EDGE_CURVE('',#12673,#12704,#12706,.T.);
#12704 = VERTEX_POINT('',#12705);
#12705 = CARTESIAN_POINT('',(456.6,250.,72.7));
#12706 = LINE('',#12707,#12708);
#12707 = CARTESIAN_POINT('',(457.8,250.,72.7));
#12708 = VECTOR('',#12709,1.);
#12709 = DIRECTION('',(-1.,0.,0.));
#12710 = ORIENTED_EDGE('',*,*,#12711,.F.);
#12711 = EDGE_CURVE('',#12712,#12704,#12714,.T.);
#12712 = VERTEX_POINT('',#12713);
#12713 = CARTESIAN_POINT('',(456.6,0.,72.7));
#12714 = LINE('',#12715,#12716);
#12715 = CARTESIAN_POINT('',(456.6,0.,72.7));
#12716 = VECTOR('',#12717,1.);
#12717 = DIRECTION('',(0.,1.,0.));
#12718 = ORIENTED_EDGE('',*,*,#12719,.F.);
#12719 = EDGE_CURVE('',#12681,#12712,#12720,.T.);
#12720 = LINE('',#12721,#12722);
#12721 = CARTESIAN_POINT('',(457.8,0.,72.7));
#12722 = VECTOR('',#12723,1.);
#12723 = DIRECTION('',(-1.,0.,0.));
#12724 = PLANE('',#12725);
#12725 = AXIS2_PLACEMENT_3D('',#12726,#12727,#12728);
#12726 = CARTESIAN_POINT('',(457.8,0.,72.7));
#12727 = DIRECTION('',(0.,-0.,1.));
#12728 = DIRECTION('',(-1.,0.,0.));
#12729 = ADVANCED_FACE('',(#12730),#12755,.F.);
#12730 = FACE_BOUND('',#12731,.F.);
#12731 = EDGE_LOOP('',(#12732,#12733,#12741,#12749));
#12732 = ORIENTED_EDGE('',*,*,#12711,.T.);
#12733 = ORIENTED_EDGE('',*,*,#12734,.T.);
#12734 = EDGE_CURVE('',#12704,#12735,#12737,.T.);
#12735 = VERTEX_POINT('',#12736);
#12736 = CARTESIAN_POINT('',(456.3,250.,73.));
#12737 = LINE('',#12738,#12739);
#12738 = CARTESIAN_POINT('',(456.6,250.,72.7));
#12739 = VECTOR('',#12740,1.);
#12740 = DIRECTION('',(-0.707106781187,0.,0.707106781187));
#12741 = ORIENTED_EDGE('',*,*,#12742,.F.);
#12742 = EDGE_CURVE('',#12743,#12735,#12745,.T.);
#12743 = VERTEX_POINT('',#12744);
#12744 = CARTESIAN_POINT('',(456.3,0.,73.));
#12745 = LINE('',#12746,#12747);
#12746 = CARTESIAN_POINT('',(456.3,0.,73.));
#12747 = VECTOR('',#12748,1.);
#12748 = DIRECTION('',(0.,1.,0.));
#12749 = ORIENTED_EDGE('',*,*,#12750,.F.);
#12750 = EDGE_CURVE('',#12712,#12743,#12751,.T.);
#12751 = LINE('',#12752,#12753);
#12752 = CARTESIAN_POINT('',(456.6,0.,72.7));
#12753 = VECTOR('',#12754,1.);
#12754 = DIRECTION('',(-0.707106781187,0.,0.707106781187));
#12755 = PLANE('',#12756);
#12756 = AXIS2_PLACEMENT_3D('',#12757,#12758,#12759);
#12757 = CARTESIAN_POINT('',(456.6,0.,72.7));
#12758 = DIRECTION('',(0.707106781187,-0.,0.707106781187));
#12759 = DIRECTION('',(-0.707106781187,0.,0.707106781187));
#12760 = ADVANCED_FACE('',(#12761),#12786,.F.);
#12761 = FACE_BOUND('',#12762,.F.);
#12762 = EDGE_LOOP('',(#12763,#12764,#12772,#12780));
#12763 = ORIENTED_EDGE('',*,*,#12742,.T.);
#12764 = ORIENTED_EDGE('',*,*,#12765,.T.);
#12765 = EDGE_CURVE('',#12735,#12766,#12768,.T.);
#12766 = VERTEX_POINT('',#12767);
#12767 = CARTESIAN_POINT('',(456.3,250.,73.5));
#12768 = LINE('',#12769,#12770);
#12769 = CARTESIAN_POINT('',(456.3,250.,73.));
#12770 = VECTOR('',#12771,1.);
#12771 = DIRECTION('',(0.,0.,1.));
#12772 = ORIENTED_EDGE('',*,*,#12773,.F.);
#12773 = EDGE_CURVE('',#12774,#12766,#12776,.T.);
#12774 = VERTEX_POINT('',#12775);
#12775 = CARTESIAN_POINT('',(456.3,0.,73.5));
#12776 = LINE('',#12777,#12778);
#12777 = CARTESIAN_POINT('',(456.3,0.,73.5));
#12778 = VECTOR('',#12779,1.);
#12779 = DIRECTION('',(0.,1.,0.));
#12780 = ORIENTED_EDGE('',*,*,#12781,.F.);
#12781 = EDGE_CURVE('',#12743,#12774,#12782,.T.);
#12782 = LINE('',#12783,#12784);
#12783 = CARTESIAN_POINT('',(456.3,0.,73.));
#12784 = VECTOR('',#12785,1.);
#12785 = DIRECTION('',(0.,0.,1.));
#12786 = PLANE('',#12787);
#12787 = AXIS2_PLACEMENT_3D('',#12788,#12789,#12790);
#12788 = CARTESIAN_POINT('',(456.3,0.,73.));
#12789 = DIRECTION('',(1.,0.,0.));
#12790 = DIRECTION('',(0.,0.,1.));
#12791 = ADVANCED_FACE('',(#12792),#12817,.F.);
#12792 = FACE_BOUND('',#12793,.F.);
#12793 = EDGE_LOOP('',(#12794,#12795,#12803,#12811));
#12794 = ORIENTED_EDGE('',*,*,#12773,.T.);
#12795 = ORIENTED_EDGE('',*,*,#12796,.T.);
#12796 = EDGE_CURVE('',#12766,#12797,#12799,.T.);
#12797 = VERTEX_POINT('',#12798);
#12798 = CARTESIAN_POINT('',(456.6,250.,73.8));
#12799 = LINE('',#12800,#12801);
#12800 = CARTESIAN_POINT('',(456.3,250.,73.5));
#12801 = VECTOR('',#12802,1.);
#12802 = DIRECTION('',(0.707106781187,0.,0.707106781187));
#12803 = ORIENTED_EDGE('',*,*,#12804,.F.);
#12804 = EDGE_CURVE('',#12805,#12797,#12807,.T.);
#12805 = VERTEX_POINT('',#12806);
#12806 = CARTESIAN_POINT('',(456.6,0.,73.8));
#12807 = LINE('',#12808,#12809);
#12808 = CARTESIAN_POINT('',(456.6,0.,73.8));
#12809 = VECTOR('',#12810,1.);
#12810 = DIRECTION('',(0.,1.,0.));
#12811 = ORIENTED_EDGE('',*,*,#12812,.F.);
#12812 = EDGE_CURVE('',#12774,#12805,#12813,.T.);
#12813 = LINE('',#12814,#12815);
#12814 = CARTESIAN_POINT('',(456.3,0.,73.5));
#12815 = VECTOR('',#12816,1.);
#12816 = DIRECTION('',(0.707106781187,0.,0.707106781187));
#12817 = PLANE('',#12818);
#12818 = AXIS2_PLACEMENT_3D('',#12819,#12820,#12821);
#12819 = CARTESIAN_POINT('',(456.3,0.,73.5));
#12820 = DIRECTION('',(0.707106781187,0.,-0.707106781187));
#12821 = DIRECTION('',(0.707106781187,0.,0.707106781187));
#12822 = ADVANCED_FACE('',(#12823),#12848,.F.);
#12823 = FACE_BOUND('',#12824,.F.);
#12824 = EDGE_LOOP('',(#12825,#12826,#12834,#12842));
#12825 = ORIENTED_EDGE('',*,*,#12804,.T.);
#12826 = ORIENTED_EDGE('',*,*,#12827,.T.);
#12827 = EDGE_CURVE('',#12797,#12828,#12830,.T.);
#12828 = VERTEX_POINT('',#12829);
#12829 = CARTESIAN_POINT('',(457.8,250.,73.8));
#12830 = LINE('',#12831,#12832);
#12831 = CARTESIAN_POINT('',(456.6,250.,73.8));
#12832 = VECTOR('',#12833,1.);
#12833 = DIRECTION('',(1.,0.,0.));
#12834 = ORIENTED_EDGE('',*,*,#12835,.F.);
#12835 = EDGE_CURVE('',#12836,#12828,#12838,.T.);
#12836 = VERTEX_POINT('',#12837);
#12837 = CARTESIAN_POINT('',(457.8,0.,73.8));
#12838 = LINE('',#12839,#12840);
#12839 = CARTESIAN_POINT('',(457.8,0.,73.8));
#12840 = VECTOR('',#12841,1.);
#12841 = DIRECTION('',(0.,1.,0.));
#12842 = ORIENTED_EDGE('',*,*,#12843,.F.);
#12843 = EDGE_CURVE('',#12805,#12836,#12844,.T.);
#12844 = LINE('',#12845,#12846);
#12845 = CARTESIAN_POINT('',(456.6,0.,73.8));
#12846 = VECTOR('',#12847,1.);
#12847 = DIRECTION('',(1.,0.,0.));
#12848 = PLANE('',#12849);
#12849 = AXIS2_PLACEMENT_3D('',#12850,#12851,#12852);
#12850 = CARTESIAN_POINT('',(456.6,0.,73.8));
#12851 = DIRECTION('',(0.,0.,-1.));
#12852 = DIRECTION('',(1.,0.,0.));
#12853 = ADVANCED_FACE('',(#12854),#12879,.F.);
#12854 = FACE_BOUND('',#12855,.F.);
#12855 = EDGE_LOOP('',(#12856,#12857,#12865,#12873));
#12856 = ORIENTED_EDGE('',*,*,#12835,.T.);
#12857 = ORIENTED_EDGE('',*,*,#12858,.T.);
#12858 = EDGE_CURVE('',#12828,#12859,#12861,.T.);
#12859 = VERTEX_POINT('',#12860);
#12860 = CARTESIAN_POINT('',(457.8,250.,75.6));
#12861 = LINE('',#12862,#12863);
#12862 = CARTESIAN_POINT('',(457.8,250.,73.8));
#12863 = VECTOR('',#12864,1.);
#12864 = DIRECTION('',(0.,0.,1.));
#12865 = ORIENTED_EDGE('',*,*,#12866,.F.);
#12866 = EDGE_CURVE('',#12867,#12859,#12869,.T.);
#12867 = VERTEX_POINT('',#12868);
#12868 = CARTESIAN_POINT('',(457.8,0.,75.6));
#12869 = LINE('',#12870,#12871);
#12870 = CARTESIAN_POINT('',(457.8,0.,75.6));
#12871 = VECTOR('',#12872,1.);
#12872 = DIRECTION('',(0.,1.,0.));
#12873 = ORIENTED_EDGE('',*,*,#12874,.F.);
#12874 = EDGE_CURVE('',#12836,#12867,#12875,.T.);
#12875 = LINE('',#12876,#12877);
#12876 = CARTESIAN_POINT('',(457.8,0.,73.8));
#12877 = VECTOR('',#12878,1.);
#12878 = DIRECTION('',(0.,0.,1.));
#12879 = PLANE('',#12880);
#12880 = AXIS2_PLACEMENT_3D('',#12881,#12882,#12883);
#12881 = CARTESIAN_POINT('',(457.8,0.,73.8));
#12882 = DIRECTION('',(1.,0.,0.));
#12883 = DIRECTION('',(0.,0.,1.));
#12884 = ADVANCED_FACE('',(#12885),#12910,.F.);
#12885 = FACE_BOUND('',#12886,.F.);
#12886 = EDGE_LOOP('',(#12887,#12888,#12896,#12904));
#12887 = ORIENTED_EDGE('',*,*,#12866,.T.);
#12888 = ORIENTED_EDGE('',*,*,#12889,.T.);
#12889 = EDGE_CURVE('',#12859,#12890,#12892,.T.);
#12890 = VERTEX_POINT('',#12891);
#12891 = CARTESIAN_POINT('',(456.6,250.,75.6));
#12892 = LINE('',#12893,#12894);
#12893 = CARTESIAN_POINT('',(457.8,250.,75.6));
#12894 = VECTOR('',#12895,1.);
#12895 = DIRECTION('',(-1.,0.,0.));
#12896 = ORIENTED_EDGE('',*,*,#12897,.F.);
#12897 = EDGE_CURVE('',#12898,#12890,#12900,.T.);
#12898 = VERTEX_POINT('',#12899);
#12899 = CARTESIAN_POINT('',(456.6,0.,75.6));
#12900 = LINE('',#12901,#12902);
#12901 = CARTESIAN_POINT('',(456.6,0.,75.6));
#12902 = VECTOR('',#12903,1.);
#12903 = DIRECTION('',(0.,1.,0.));
#12904 = ORIENTED_EDGE('',*,*,#12905,.F.);
#12905 = EDGE_CURVE('',#12867,#12898,#12906,.T.);
#12906 = LINE('',#12907,#12908);
#12907 = CARTESIAN_POINT('',(457.8,0.,75.6));
#12908 = VECTOR('',#12909,1.);
#12909 = DIRECTION('',(-1.,0.,0.));
#12910 = PLANE('',#12911);
#12911 = AXIS2_PLACEMENT_3D('',#12912,#12913,#12914);
#12912 = CARTESIAN_POINT('',(457.8,0.,75.6));
#12913 = DIRECTION('',(0.,-0.,1.));
#12914 = DIRECTION('',(-1.,0.,0.));
#12915 = ADVANCED_FACE('',(#12916),#12941,.F.);
#12916 = FACE_BOUND('',#12917,.F.);
#12917 = EDGE_LOOP('',(#12918,#12919,#12927,#12935));
#12918 = ORIENTED_EDGE('',*,*,#12897,.T.);
#12919 = ORIENTED_EDGE('',*,*,#12920,.T.);
#12920 = EDGE_CURVE('',#12890,#12921,#12923,.T.);
#12921 = VERTEX_POINT('',#12922);
#12922 = CARTESIAN_POINT('',(456.3,250.,75.9));
#12923 = LINE('',#12924,#12925);
#12924 = CARTESIAN_POINT('',(456.6,250.,75.6));
#12925 = VECTOR('',#12926,1.);
#12926 = DIRECTION('',(-0.707106781187,0.,0.707106781187));
#12927 = ORIENTED_EDGE('',*,*,#12928,.F.);
#12928 = EDGE_CURVE('',#12929,#12921,#12931,.T.);
#12929 = VERTEX_POINT('',#12930);
#12930 = CARTESIAN_POINT('',(456.3,0.,75.9));
#12931 = LINE('',#12932,#12933);
#12932 = CARTESIAN_POINT('',(456.3,0.,75.9));
#12933 = VECTOR('',#12934,1.);
#12934 = DIRECTION('',(0.,1.,0.));
#12935 = ORIENTED_EDGE('',*,*,#12936,.F.);
#12936 = EDGE_CURVE('',#12898,#12929,#12937,.T.);
#12937 = LINE('',#12938,#12939);
#12938 = CARTESIAN_POINT('',(456.6,0.,75.6));
#12939 = VECTOR('',#12940,1.);
#12940 = DIRECTION('',(-0.707106781187,0.,0.707106781187));
#12941 = PLANE('',#12942);
#12942 = AXIS2_PLACEMENT_3D('',#12943,#12944,#12945);
#12943 = CARTESIAN_POINT('',(456.6,0.,75.6));
#12944 = DIRECTION('',(0.707106781187,-0.,0.707106781187));
#12945 = DIRECTION('',(-0.707106781187,0.,0.707106781187));
#12946 = ADVANCED_FACE('',(#12947),#12972,.F.);
#12947 = FACE_BOUND('',#12948,.F.);
#12948 = EDGE_LOOP('',(#12949,#12950,#12958,#12966));
#12949 = ORIENTED_EDGE('',*,*,#12928,.T.);
#12950 = ORIENTED_EDGE('',*,*,#12951,.T.);
#12951 = EDGE_CURVE('',#12921,#12952,#12954,.T.);
#12952 = VERTEX_POINT('',#12953);
#12953 = CARTESIAN_POINT('',(456.3,250.,76.4));
#12954 = LINE('',#12955,#12956);
#12955 = CARTESIAN_POINT('',(456.3,250.,75.9));
#12956 = VECTOR('',#12957,1.);
#12957 = DIRECTION('',(0.,0.,1.));
#12958 = ORIENTED_EDGE('',*,*,#12959,.F.);
#12959 = EDGE_CURVE('',#12960,#12952,#12962,.T.);
#12960 = VERTEX_POINT('',#12961);
#12961 = CARTESIAN_POINT('',(456.3,0.,76.4));
#12962 = LINE('',#12963,#12964);
#12963 = CARTESIAN_POINT('',(456.3,0.,76.4));
#12964 = VECTOR('',#12965,1.);
#12965 = DIRECTION('',(0.,1.,0.));
#12966 = ORIENTED_EDGE('',*,*,#12967,.F.);
#12967 = EDGE_CURVE('',#12929,#12960,#12968,.T.);
#12968 = LINE('',#12969,#12970);
#12969 = CARTESIAN_POINT('',(456.3,0.,75.9));
#12970 = VECTOR('',#12971,1.);
#12971 = DIRECTION('',(0.,0.,1.));
#12972 = PLANE('',#12973);
#12973 = AXIS2_PLACEMENT_3D('',#12974,#12975,#12976);
#12974 = CARTESIAN_POINT('',(456.3,0.,75.9));
#12975 = DIRECTION('',(1.,0.,0.));
#12976 = DIRECTION('',(0.,0.,1.));
#12977 = ADVANCED_FACE('',(#12978),#13003,.F.);
#12978 = FACE_BOUND('',#12979,.F.);
#12979 = EDGE_LOOP('',(#12980,#12981,#12989,#12997));
#12980 = ORIENTED_EDGE('',*,*,#12959,.T.);
#12981 = ORIENTED_EDGE('',*,*,#12982,.T.);
#12982 = EDGE_CURVE('',#12952,#12983,#12985,.T.);
#12983 = VERTEX_POINT('',#12984);
#12984 = CARTESIAN_POINT('',(456.6,250.,76.7));
#12985 = LINE('',#12986,#12987);
#12986 = CARTESIAN_POINT('',(456.3,250.,76.4));
#12987 = VECTOR('',#12988,1.);
#12988 = DIRECTION('',(0.707106781187,0.,0.707106781187));
#12989 = ORIENTED_EDGE('',*,*,#12990,.F.);
#12990 = EDGE_CURVE('',#12991,#12983,#12993,.T.);
#12991 = VERTEX_POINT('',#12992);
#12992 = CARTESIAN_POINT('',(456.6,0.,76.7));
#12993 = LINE('',#12994,#12995);
#12994 = CARTESIAN_POINT('',(456.6,0.,76.7));
#12995 = VECTOR('',#12996,1.);
#12996 = DIRECTION('',(0.,1.,0.));
#12997 = ORIENTED_EDGE('',*,*,#12998,.F.);
#12998 = EDGE_CURVE('',#12960,#12991,#12999,.T.);
#12999 = LINE('',#13000,#13001);
#13000 = CARTESIAN_POINT('',(456.3,0.,76.4));
#13001 = VECTOR('',#13002,1.);
#13002 = DIRECTION('',(0.707106781187,0.,0.707106781187));
#13003 = PLANE('',#13004);
#13004 = AXIS2_PLACEMENT_3D('',#13005,#13006,#13007);
#13005 = CARTESIAN_POINT('',(456.3,0.,76.4));
#13006 = DIRECTION('',(0.707106781187,0.,-0.707106781187));
#13007 = DIRECTION('',(0.707106781187,0.,0.707106781187));
#13008 = ADVANCED_FACE('',(#13009),#13034,.F.);
#13009 = FACE_BOUND('',#13010,.F.);
#13010 = EDGE_LOOP('',(#13011,#13012,#13020,#13028));
#13011 = ORIENTED_EDGE('',*,*,#12990,.T.);
#13012 = ORIENTED_EDGE('',*,*,#13013,.T.);
#13013 = EDGE_CURVE('',#12983,#13014,#13016,.T.);
#13014 = VERTEX_POINT('',#13015);
#13015 = CARTESIAN_POINT('',(457.8,250.,76.7));
#13016 = LINE('',#13017,#13018);
#13017 = CARTESIAN_POINT('',(456.6,250.,76.7));
#13018 = VECTOR('',#13019,1.);
#13019 = DIRECTION('',(1.,0.,0.));
#13020 = ORIENTED_EDGE('',*,*,#13021,.F.);
#13021 = EDGE_CURVE('',#13022,#13014,#13024,.T.);
#13022 = VERTEX_POINT('',#13023);
#13023 = CARTESIAN_POINT('',(457.8,0.,76.7));
#13024 = LINE('',#13025,#13026);
#13025 = CARTESIAN_POINT('',(457.8,0.,76.7));
#13026 = VECTOR('',#13027,1.);
#13027 = DIRECTION('',(0.,1.,0.));
#13028 = ORIENTED_EDGE('',*,*,#13029,.F.);
#13029 = EDGE_CURVE('',#12991,#13022,#13030,.T.);
#13030 = LINE('',#13031,#13032);
#13031 = CARTESIAN_POINT('',(456.6,0.,76.7));
#13032 = VECTOR('',#13033,1.);
#13033 = DIRECTION('',(1.,0.,0.));
#13034 = PLANE('',#13035);
#13035 = AXIS2_PLACEMENT_3D('',#13036,#13037,#13038);
#13036 = CARTESIAN_POINT('',(456.6,0.,76.7));
#13037 = DIRECTION('',(0.,0.,-1.));
#13038 = DIRECTION('',(1.,0.,0.));
#13039 = ADVANCED_FACE('',(#13040),#13065,.F.);
#13040 = FACE_BOUND('',#13041,.F.);
#13041 = EDGE_LOOP('',(#13042,#13043,#13051,#13059));
#13042 = ORIENTED_EDGE('',*,*,#13021,.T.);
#13043 = ORIENTED_EDGE('',*,*,#13044,.T.);
#13044 = EDGE_CURVE('',#13014,#13045,#13047,.T.);
#13045 = VERTEX_POINT('',#13046);
#13046 = CARTESIAN_POINT('',(457.8,250.,78.5));
#13047 = LINE('',#13048,#13049);
#13048 = CARTESIAN_POINT('',(457.8,250.,76.7));
#13049 = VECTOR('',#13050,1.);
#13050 = DIRECTION('',(0.,0.,1.));
#13051 = ORIENTED_EDGE('',*,*,#13052,.F.);
#13052 = EDGE_CURVE('',#13053,#13045,#13055,.T.);
#13053 = VERTEX_POINT('',#13054);
#13054 = CARTESIAN_POINT('',(457.8,0.,78.5));
#13055 = LINE('',#13056,#13057);
#13056 = CARTESIAN_POINT('',(457.8,0.,78.5));
#13057 = VECTOR('',#13058,1.);
#13058 = DIRECTION('',(0.,1.,0.));
#13059 = ORIENTED_EDGE('',*,*,#13060,.F.);
#13060 = EDGE_CURVE('',#13022,#13053,#13061,.T.);
#13061 = LINE('',#13062,#13063);
#13062 = CARTESIAN_POINT('',(457.8,0.,76.7));
#13063 = VECTOR('',#13064,1.);
#13064 = DIRECTION('',(0.,0.,1.));
#13065 = PLANE('',#13066);
#13066 = AXIS2_PLACEMENT_3D('',#13067,#13068,#13069);
#13067 = CARTESIAN_POINT('',(457.8,0.,76.7));
#13068 = DIRECTION('',(1.,0.,0.));
#13069 = DIRECTION('',(0.,0.,1.));
#13070 = ADVANCED_FACE('',(#13071),#13096,.F.);
#13071 = FACE_BOUND('',#13072,.F.);
#13072 = EDGE_LOOP('',(#13073,#13074,#13082,#13090));
#13073 = ORIENTED_EDGE('',*,*,#13052,.T.);
#13074 = ORIENTED_EDGE('',*,*,#13075,.T.);
#13075 = EDGE_CURVE('',#13045,#13076,#13078,.T.);
#13076 = VERTEX_POINT('',#13077);
#13077 = CARTESIAN_POINT('',(455.257,250.,78.5));
#13078 = LINE('',#13079,#13080);
#13079 = CARTESIAN_POINT('',(457.8,250.,78.5));
#13080 = VECTOR('',#13081,1.);
#13081 = DIRECTION('',(-1.,0.,0.));
#13082 = ORIENTED_EDGE('',*,*,#13083,.F.);
#13083 = EDGE_CURVE('',#13084,#13076,#13086,.T.);
#13084 = VERTEX_POINT('',#13085);
#13085 = CARTESIAN_POINT('',(455.257,0.,78.5));
#13086 = LINE('',#13087,#13088);
#13087 = CARTESIAN_POINT('',(455.257,0.,78.5));
#13088 = VECTOR('',#13089,1.);
#13089 = DIRECTION('',(0.,1.,0.));
#13090 = ORIENTED_EDGE('',*,*,#13091,.F.);
#13091 = EDGE_CURVE('',#13053,#13084,#13092,.T.);
#13092 = LINE('',#13093,#13094);
#13093 = CARTESIAN_POINT('',(457.8,0.,78.5));
#13094 = VECTOR('',#13095,1.);
#13095 = DIRECTION('',(-1.,0.,0.));
#13096 = PLANE('',#13097);
#13097 = AXIS2_PLACEMENT_3D('',#13098,#13099,#13100);
#13098 = CARTESIAN_POINT('',(457.8,0.,78.5));
#13099 = DIRECTION('',(0.,-0.,1.));
#13100 = DIRECTION('',(-1.,0.,0.));
#13101 = ADVANCED_FACE('',(#13102),#13127,.F.);
#13102 = FACE_BOUND('',#13103,.F.);
#13103 = EDGE_LOOP('',(#13104,#13105,#13113,#13121));
#13104 = ORIENTED_EDGE('',*,*,#13083,.T.);
#13105 = ORIENTED_EDGE('',*,*,#13106,.T.);
#13106 = EDGE_CURVE('',#13076,#13107,#13109,.T.);
#13107 = VERTEX_POINT('',#13108);
#13108 = CARTESIAN_POINT('',(454.164,250.,79.594));
#13109 = LINE('',#13110,#13111);
#13110 = CARTESIAN_POINT('',(455.257,250.,78.5));
#13111 = VECTOR('',#13112,1.);
#13112 = DIRECTION('',(-0.706783384585,0.,0.70743002995));
#13113 = ORIENTED_EDGE('',*,*,#13114,.F.);
#13114 = EDGE_CURVE('',#13115,#13107,#13117,.T.);
#13115 = VERTEX_POINT('',#13116);
#13116 = CARTESIAN_POINT('',(454.164,0.,79.594));
#13117 = LINE('',#13118,#13119);
#13118 = CARTESIAN_POINT('',(454.164,0.,79.594));
#13119 = VECTOR('',#13120,1.);
#13120 = DIRECTION('',(0.,1.,0.));
#13121 = ORIENTED_EDGE('',*,*,#13122,.F.);
#13122 = EDGE_CURVE('',#13084,#13115,#13123,.T.);
#13123 = LINE('',#13124,#13125);
#13124 = CARTESIAN_POINT('',(455.257,0.,78.5));
#13125 = VECTOR('',#13126,1.);
#13126 = DIRECTION('',(-0.706783384585,0.,0.70743002995));
#13127 = PLANE('',#13128);
#13128 = AXIS2_PLACEMENT_3D('',#13129,#13130,#13131);
#13129 = CARTESIAN_POINT('',(455.257,0.,78.5));
#13130 = DIRECTION('',(0.70743002995,-0.,0.706783384585));
#13131 = DIRECTION('',(-0.706783384585,0.,0.70743002995));
#13132 = ADVANCED_FACE('',(#13133),#13158,.F.);
#13133 = FACE_BOUND('',#13134,.F.);
#13134 = EDGE_LOOP('',(#13135,#13136,#13144,#13152));
#13135 = ORIENTED_EDGE('',*,*,#13114,.T.);
#13136 = ORIENTED_EDGE('',*,*,#13137,.T.);
#13137 = EDGE_CURVE('',#13107,#13138,#13140,.T.);
#13138 = VERTEX_POINT('',#13139);
#13139 = CARTESIAN_POINT('',(454.164,250.,80.301));
#13140 = LINE('',#13141,#13142);
#13141 = CARTESIAN_POINT('',(454.164,250.,79.594));
#13142 = VECTOR('',#13143,1.);
#13143 = DIRECTION('',(0.,0.,1.));
#13144 = ORIENTED_EDGE('',*,*,#13145,.F.);
#13145 = EDGE_CURVE('',#13146,#13138,#13148,.T.);
#13146 = VERTEX_POINT('',#13147);
#13147 = CARTESIAN_POINT('',(454.164,0.,80.301));
#13148 = LINE('',#13149,#13150);
#13149 = CARTESIAN_POINT('',(454.164,0.,80.301));
#13150 = VECTOR('',#13151,1.);
#13151 = DIRECTION('',(0.,1.,0.));
#13152 = ORIENTED_EDGE('',*,*,#13153,.F.);
#13153 = EDGE_CURVE('',#13115,#13146,#13154,.T.);
#13154 = LINE('',#13155,#13156);
#13155 = CARTESIAN_POINT('',(454.164,0.,79.594));
#13156 = VECTOR('',#13157,1.);
#13157 = DIRECTION('',(0.,0.,1.));
#13158 = PLANE('',#13159);
#13159 = AXIS2_PLACEMENT_3D('',#13160,#13161,#13162);
#13160 = CARTESIAN_POINT('',(454.164,0.,79.594));
#13161 = DIRECTION('',(1.,0.,0.));
#13162 = DIRECTION('',(0.,0.,1.));
#13163 = ADVANCED_FACE('',(#13164),#13189,.F.);
#13164 = FACE_BOUND('',#13165,.F.);
#13165 = EDGE_LOOP('',(#13166,#13167,#13175,#13183));
#13166 = ORIENTED_EDGE('',*,*,#13145,.T.);
#13167 = ORIENTED_EDGE('',*,*,#13168,.T.);
#13168 = EDGE_CURVE('',#13138,#13169,#13171,.T.);
#13169 = VERTEX_POINT('',#13170);
#13170 = CARTESIAN_POINT('',(454.813,250.,80.95));
#13171 = LINE('',#13172,#13173);
#13172 = CARTESIAN_POINT('',(454.164,250.,80.301));
#13173 = VECTOR('',#13174,1.);
#13174 = DIRECTION('',(0.707106781187,0.,0.707106781187));
#13175 = ORIENTED_EDGE('',*,*,#13176,.F.);
#13176 = EDGE_CURVE('',#13177,#13169,#13179,.T.);
#13177 = VERTEX_POINT('',#13178);
#13178 = CARTESIAN_POINT('',(454.813,0.,80.95));
#13179 = LINE('',#13180,#13181);
#13180 = CARTESIAN_POINT('',(454.813,0.,80.95));
#13181 = VECTOR('',#13182,1.);
#13182 = DIRECTION('',(0.,1.,0.));
#13183 = ORIENTED_EDGE('',*,*,#13184,.F.);
#13184 = EDGE_CURVE('',#13146,#13177,#13185,.T.);
#13185 = LINE('',#13186,#13187);
#13186 = CARTESIAN_POINT('',(454.164,0.,80.301));
#13187 = VECTOR('',#13188,1.);
#13188 = DIRECTION('',(0.707106781187,0.,0.707106781187));
#13189 = PLANE('',#13190);
#13190 = AXIS2_PLACEMENT_3D('',#13191,#13192,#13193);
#13191 = CARTESIAN_POINT('',(454.164,0.,80.301));
#13192 = DIRECTION('',(0.707106781187,0.,-0.707106781187));
#13193 = DIRECTION('',(0.707106781187,0.,0.707106781187));
#13194 = ADVANCED_FACE('',(#13195),#13220,.F.);
#13195 = FACE_BOUND('',#13196,.F.);
#13196 = EDGE_LOOP('',(#13197,#13198,#13206,#13214));
#13197 = ORIENTED_EDGE('',*,*,#13176,.T.);
#13198 = ORIENTED_EDGE('',*,*,#13199,.T.);
#13199 = EDGE_CURVE('',#13169,#13200,#13202,.T.);
#13200 = VERTEX_POINT('',#13201);
#13201 = CARTESIAN_POINT('',(455.297,250.,81.006));
#13202 = LINE('',#13203,#13204);
#13203 = CARTESIAN_POINT('',(454.813,250.,80.95));
#13204 = VECTOR('',#13205,1.);
#13205 = DIRECTION('',(0.993372932136,0.,0.114935711156));
#13206 = ORIENTED_EDGE('',*,*,#13207,.F.);
#13207 = EDGE_CURVE('',#13208,#13200,#13210,.T.);
#13208 = VERTEX_POINT('',#13209);
#13209 = CARTESIAN_POINT('',(455.297,0.,81.006));
#13210 = LINE('',#13211,#13212);
#13211 = CARTESIAN_POINT('',(455.297,0.,81.006));
#13212 = VECTOR('',#13213,1.);
#13213 = DIRECTION('',(0.,1.,0.));
#13214 = ORIENTED_EDGE('',*,*,#13215,.F.);
#13215 = EDGE_CURVE('',#13177,#13208,#13216,.T.);
#13216 = LINE('',#13217,#13218);
#13217 = CARTESIAN_POINT('',(454.813,0.,80.95));
#13218 = VECTOR('',#13219,1.);
#13219 = DIRECTION('',(0.993372932136,0.,0.114935711156));
#13220 = PLANE('',#13221);
#13221 = AXIS2_PLACEMENT_3D('',#13222,#13223,#13224);
#13222 = CARTESIAN_POINT('',(454.813,0.,80.95));
#13223 = DIRECTION('',(0.114935711156,0.,-0.993372932136));
#13224 = DIRECTION('',(0.993372932136,0.,0.114935711156));
#13225 = ADVANCED_FACE('',(#13226),#13251,.F.);
#13226 = FACE_BOUND('',#13227,.F.);
#13227 = EDGE_LOOP('',(#13228,#13229,#13237,#13245));
#13228 = ORIENTED_EDGE('',*,*,#13207,.T.);
#13229 = ORIENTED_EDGE('',*,*,#13230,.T.);
#13230 = EDGE_CURVE('',#13200,#13231,#13233,.T.);
#13231 = VERTEX_POINT('',#13232);
#13232 = CARTESIAN_POINT('',(455.861,250.,80.442));
#13233 = LINE('',#13234,#13235);
#13234 = CARTESIAN_POINT('',(455.297,250.,81.006));
#13235 = VECTOR('',#13236,1.);
#13236 = DIRECTION('',(0.707106781187,0.,-0.707106781187));
#13237 = ORIENTED_EDGE('',*,*,#13238,.F.);
#13238 = EDGE_CURVE('',#13239,#13231,#13241,.T.);
#13239 = VERTEX_POINT('',#13240);
#13240 = CARTESIAN_POINT('',(455.861,0.,80.442));
#13241 = LINE('',#13242,#13243);
#13242 = CARTESIAN_POINT('',(455.861,0.,80.442));
#13243 = VECTOR('',#13244,1.);
#13244 = DIRECTION('',(0.,1.,0.));
#13245 = ORIENTED_EDGE('',*,*,#13246,.F.);
#13246 = EDGE_CURVE('',#13208,#13239,#13247,.T.);
#13247 = LINE('',#13248,#13249);
#13248 = CARTESIAN_POINT('',(455.297,0.,81.006));
#13249 = VECTOR('',#13250,1.);
#13250 = DIRECTION('',(0.707106781187,0.,-0.707106781187));
#13251 = PLANE('',#13252);
#13252 = AXIS2_PLACEMENT_3D('',#13253,#13254,#13255);
#13253 = CARTESIAN_POINT('',(455.297,0.,81.006));
#13254 = DIRECTION('',(-0.707106781187,0.,-0.707106781187));
#13255 = DIRECTION('',(0.707106781187,0.,-0.707106781187));
#13256 = ADVANCED_FACE('',(#13257),#13282,.F.);
#13257 = FACE_BOUND('',#13258,.F.);
#13258 = EDGE_LOOP('',(#13259,#13260,#13268,#13276));
#13259 = ORIENTED_EDGE('',*,*,#13238,.T.);
#13260 = ORIENTED_EDGE('',*,*,#13261,.T.);
#13261 = EDGE_CURVE('',#13231,#13262,#13264,.T.);
#13262 = VERTEX_POINT('',#13263);
#13263 = CARTESIAN_POINT('',(456.285,250.,80.442));
#13264 = LINE('',#13265,#13266);
#13265 = CARTESIAN_POINT('',(455.861,250.,80.442));
#13266 = VECTOR('',#13267,1.);
#13267 = DIRECTION('',(1.,0.,0.));
#13268 = ORIENTED_EDGE('',*,*,#13269,.F.);
#13269 = EDGE_CURVE('',#13270,#13262,#13272,.T.);
#13270 = VERTEX_POINT('',#13271);
#13271 = CARTESIAN_POINT('',(456.285,0.,80.442));
#13272 = LINE('',#13273,#13274);
#13273 = CARTESIAN_POINT('',(456.285,0.,80.442));
#13274 = VECTOR('',#13275,1.);
#13275 = DIRECTION('',(0.,1.,0.));
#13276 = ORIENTED_EDGE('',*,*,#13277,.F.);
#13277 = EDGE_CURVE('',#13239,#13270,#13278,.T.);
#13278 = LINE('',#13279,#13280);
#13279 = CARTESIAN_POINT('',(455.861,0.,80.442));
#13280 = VECTOR('',#13281,1.);
#13281 = DIRECTION('',(1.,0.,0.));
#13282 = PLANE('',#13283);
#13283 = AXIS2_PLACEMENT_3D('',#13284,#13285,#13286);
#13284 = CARTESIAN_POINT('',(455.861,0.,80.442));
#13285 = DIRECTION('',(0.,0.,-1.));
#13286 = DIRECTION('',(1.,0.,0.));
#13287 = ADVANCED_FACE('',(#13288),#13313,.F.);
#13288 = FACE_BOUND('',#13289,.F.);
#13289 = EDGE_LOOP('',(#13290,#13291,#13299,#13307));
#13290 = ORIENTED_EDGE('',*,*,#13269,.T.);
#13291 = ORIENTED_EDGE('',*,*,#13292,.T.);
#13292 = EDGE_CURVE('',#13262,#13293,#13295,.T.);
#13293 = VERTEX_POINT('',#13294);
#13294 = CARTESIAN_POINT('',(457.558,250.,81.715));
#13295 = LINE('',#13296,#13297);
#13296 = CARTESIAN_POINT('',(456.285,250.,80.442));
#13297 = VECTOR('',#13298,1.);
#13298 = DIRECTION('',(0.707106781187,0.,0.707106781187));
#13299 = ORIENTED_EDGE('',*,*,#13300,.F.);
#13300 = EDGE_CURVE('',#13301,#13293,#13303,.T.);
#13301 = VERTEX_POINT('',#13302);
#13302 = CARTESIAN_POINT('',(457.558,0.,81.715));
#13303 = LINE('',#13304,#13305);
#13304 = CARTESIAN_POINT('',(457.558,0.,81.715));
#13305 = VECTOR('',#13306,1.);
#13306 = DIRECTION('',(0.,1.,0.));
#13307 = ORIENTED_EDGE('',*,*,#13308,.F.);
#13308 = EDGE_CURVE('',#13270,#13301,#13309,.T.);
#13309 = LINE('',#13310,#13311);
#13310 = CARTESIAN_POINT('',(456.285,0.,80.442));
#13311 = VECTOR('',#13312,1.);
#13312 = DIRECTION('',(0.707106781187,0.,0.707106781187));
#13313 = PLANE('',#13314);
#13314 = AXIS2_PLACEMENT_3D('',#13315,#13316,#13317);
#13315 = CARTESIAN_POINT('',(456.285,0.,80.442));
#13316 = DIRECTION('',(0.707106781187,0.,-0.707106781187));
#13317 = DIRECTION('',(0.707106781187,0.,0.707106781187));
#13318 = ADVANCED_FACE('',(#13319),#13344,.F.);
#13319 = FACE_BOUND('',#13320,.F.);
#13320 = EDGE_LOOP('',(#13321,#13322,#13330,#13338));
#13321 = ORIENTED_EDGE('',*,*,#13300,.T.);
#13322 = ORIENTED_EDGE('',*,*,#13323,.T.);
#13323 = EDGE_CURVE('',#13293,#13324,#13326,.T.);
#13324 = VERTEX_POINT('',#13325);
#13325 = CARTESIAN_POINT('',(457.558,250.,82.139));
#13326 = LINE('',#13327,#13328);
#13327 = CARTESIAN_POINT('',(457.558,250.,81.715));
#13328 = VECTOR('',#13329,1.);
#13329 = DIRECTION('',(0.,0.,1.));
#13330 = ORIENTED_EDGE('',*,*,#13331,.F.);
#13331 = EDGE_CURVE('',#13332,#13324,#13334,.T.);
#13332 = VERTEX_POINT('',#13333);
#13333 = CARTESIAN_POINT('',(457.558,0.,82.139));
#13334 = LINE('',#13335,#13336);
#13335 = CARTESIAN_POINT('',(457.558,0.,82.139));
#13336 = VECTOR('',#13337,1.);
#13337 = DIRECTION('',(0.,1.,0.));
#13338 = ORIENTED_EDGE('',*,*,#13339,.F.);
#13339 = EDGE_CURVE('',#13301,#13332,#13340,.T.);
#13340 = LINE('',#13341,#13342);
#13341 = CARTESIAN_POINT('',(457.558,0.,81.715));
#13342 = VECTOR('',#13343,1.);
#13343 = DIRECTION('',(0.,0.,1.));
#13344 = PLANE('',#13345);
#13345 = AXIS2_PLACEMENT_3D('',#13346,#13347,#13348);
#13346 = CARTESIAN_POINT('',(457.558,0.,81.715));
#13347 = DIRECTION('',(1.,0.,0.));
#13348 = DIRECTION('',(0.,0.,1.));
#13349 = ADVANCED_FACE('',(#13350),#13375,.F.);
#13350 = FACE_BOUND('',#13351,.F.);
#13351 = EDGE_LOOP('',(#13352,#13353,#13361,#13369));
#13352 = ORIENTED_EDGE('',*,*,#13331,.T.);
#13353 = ORIENTED_EDGE('',*,*,#13354,.T.);
#13354 = EDGE_CURVE('',#13324,#13355,#13357,.T.);
#13355 = VERTEX_POINT('',#13356);
#13356 = CARTESIAN_POINT('',(456.994,250.,82.703));
#13357 = LINE('',#13358,#13359);
#13358 = CARTESIAN_POINT('',(457.558,250.,82.139));
#13359 = VECTOR('',#13360,1.);
#13360 = DIRECTION('',(-0.707106781187,0.,0.707106781187));
#13361 = ORIENTED_EDGE('',*,*,#13362,.F.);
#13362 = EDGE_CURVE('',#13363,#13355,#13365,.T.);
#13363 = VERTEX_POINT('',#13364);
#13364 = CARTESIAN_POINT('',(456.994,0.,82.703));
#13365 = LINE('',#13366,#13367);
#13366 = CARTESIAN_POINT('',(456.994,0.,82.703));
#13367 = VECTOR('',#13368,1.);
#13368 = DIRECTION('',(0.,1.,0.));
#13369 = ORIENTED_EDGE('',*,*,#13370,.F.);
#13370 = EDGE_CURVE('',#13332,#13363,#13371,.T.);
#13371 = LINE('',#13372,#13373);
#13372 = CARTESIAN_POINT('',(457.558,0.,82.139));
#13373 = VECTOR('',#13374,1.);
#13374 = DIRECTION('',(-0.707106781187,0.,0.707106781187));
#13375 = PLANE('',#13376);
#13376 = AXIS2_PLACEMENT_3D('',#13377,#13378,#13379);
#13377 = CARTESIAN_POINT('',(457.558,0.,82.139));
#13378 = DIRECTION('',(0.707106781187,-0.,0.707106781187));
#13379 = DIRECTION('',(-0.707106781187,0.,0.707106781187));
#13380 = ADVANCED_FACE('',(#13381),#13406,.F.);
#13381 = FACE_BOUND('',#13382,.F.);
#13382 = EDGE_LOOP('',(#13383,#13384,#13392,#13400));
#13383 = ORIENTED_EDGE('',*,*,#13362,.T.);
#13384 = ORIENTED_EDGE('',*,*,#13385,.T.);
#13385 = EDGE_CURVE('',#13355,#13386,#13388,.T.);
#13386 = VERTEX_POINT('',#13387);
#13387 = CARTESIAN_POINT('',(457.05,250.,83.187));
#13388 = LINE('',#13389,#13390);
#13389 = CARTESIAN_POINT('',(456.994,250.,82.703));
#13390 = VECTOR('',#13391,1.);
#13391 = DIRECTION('',(0.114935711156,0.,0.993372932136));
#13392 = ORIENTED_EDGE('',*,*,#13393,.F.);
#13393 = EDGE_CURVE('',#13394,#13386,#13396,.T.);
#13394 = VERTEX_POINT('',#13395);
#13395 = CARTESIAN_POINT('',(457.05,0.,83.187));
#13396 = LINE('',#13397,#13398);
#13397 = CARTESIAN_POINT('',(457.05,0.,83.187));
#13398 = VECTOR('',#13399,1.);
#13399 = DIRECTION('',(0.,1.,0.));
#13400 = ORIENTED_EDGE('',*,*,#13401,.F.);
#13401 = EDGE_CURVE('',#13363,#13394,#13402,.T.);
#13402 = LINE('',#13403,#13404);
#13403 = CARTESIAN_POINT('',(456.994,0.,82.703));
#13404 = VECTOR('',#13405,1.);
#13405 = DIRECTION('',(0.114935711156,0.,0.993372932136));
#13406 = PLANE('',#13407);
#13407 = AXIS2_PLACEMENT_3D('',#13408,#13409,#13410);
#13408 = CARTESIAN_POINT('',(456.994,0.,82.703));
#13409 = DIRECTION('',(0.993372932136,0.,-0.114935711156));
#13410 = DIRECTION('',(0.114935711156,0.,0.993372932136));
#13411 = ADVANCED_FACE('',(#13412),#13437,.F.);
#13412 = FACE_BOUND('',#13413,.F.);
#13413 = EDGE_LOOP('',(#13414,#13415,#13423,#13431));
#13414 = ORIENTED_EDGE('',*,*,#13393,.T.);
#13415 = ORIENTED_EDGE('',*,*,#13416,.T.);
#13416 = EDGE_CURVE('',#13386,#13417,#13419,.T.);
#13417 = VERTEX_POINT('',#13418);
#13418 = CARTESIAN_POINT('',(457.841,250.,83.978));
#13419 = LINE('',#13420,#13421);
#13420 = CARTESIAN_POINT('',(457.05,250.,83.187));
#13421 = VECTOR('',#13422,1.);
#13422 = DIRECTION('',(0.707106781187,0.,0.707106781187));
#13423 = ORIENTED_EDGE('',*,*,#13424,.F.);
#13424 = EDGE_CURVE('',#13425,#13417,#13427,.T.);
#13425 = VERTEX_POINT('',#13426);
#13426 = CARTESIAN_POINT('',(457.841,0.,83.978));
#13427 = LINE('',#13428,#13429);
#13428 = CARTESIAN_POINT('',(457.841,0.,83.978));
#13429 = VECTOR('',#13430,1.);
#13430 = DIRECTION('',(0.,1.,0.));
#13431 = ORIENTED_EDGE('',*,*,#13432,.F.);
#13432 = EDGE_CURVE('',#13394,#13425,#13433,.T.);
#13433 = LINE('',#13434,#13435);
#13434 = CARTESIAN_POINT('',(457.05,0.,83.187));
#13435 = VECTOR('',#13436,1.);
#13436 = DIRECTION('',(0.707106781187,0.,0.707106781187));
#13437 = PLANE('',#13438);
#13438 = AXIS2_PLACEMENT_3D('',#13439,#13440,#13441);
#13439 = CARTESIAN_POINT('',(457.05,0.,83.187));
#13440 = DIRECTION('',(0.707106781187,0.,-0.707106781187));
#13441 = DIRECTION('',(0.707106781187,0.,0.707106781187));
#13442 = ADVANCED_FACE('',(#13443),#13468,.F.);
#13443 = FACE_BOUND('',#13444,.F.);
#13444 = EDGE_LOOP('',(#13445,#13446,#13454,#13462));
#13445 = ORIENTED_EDGE('',*,*,#13424,.T.);
#13446 = ORIENTED_EDGE('',*,*,#13447,.T.);
#13447 = EDGE_CURVE('',#13417,#13448,#13450,.T.);
#13448 = VERTEX_POINT('',#13449);
#13449 = CARTESIAN_POINT('',(457.841,250.,84.402));
#13450 = LINE('',#13451,#13452);
#13451 = CARTESIAN_POINT('',(457.841,250.,83.978));
#13452 = VECTOR('',#13453,1.);
#13453 = DIRECTION('',(0.,0.,1.));
#13454 = ORIENTED_EDGE('',*,*,#13455,.F.);
#13455 = EDGE_CURVE('',#13456,#13448,#13458,.T.);
#13456 = VERTEX_POINT('',#13457);
#13457 = CARTESIAN_POINT('',(457.841,0.,84.402));
#13458 = LINE('',#13459,#13460);
#13459 = CARTESIAN_POINT('',(457.841,0.,84.402));
#13460 = VECTOR('',#13461,1.);
#13461 = DIRECTION('',(0.,1.,0.));
#13462 = ORIENTED_EDGE('',*,*,#13463,.F.);
#13463 = EDGE_CURVE('',#13425,#13456,#13464,.T.);
#13464 = LINE('',#13465,#13466);
#13465 = CARTESIAN_POINT('',(457.841,0.,83.978));
#13466 = VECTOR('',#13467,1.);
#13467 = DIRECTION('',(0.,0.,1.));
#13468 = PLANE('',#13469);
#13469 = AXIS2_PLACEMENT_3D('',#13470,#13471,#13472);
#13470 = CARTESIAN_POINT('',(457.841,0.,83.978));
#13471 = DIRECTION('',(1.,0.,0.));
#13472 = DIRECTION('',(0.,0.,1.));
#13473 = ADVANCED_FACE('',(#13474),#13499,.F.);
#13474 = FACE_BOUND('',#13475,.F.);
#13475 = EDGE_LOOP('',(#13476,#13477,#13485,#13493));
#13476 = ORIENTED_EDGE('',*,*,#13455,.T.);
#13477 = ORIENTED_EDGE('',*,*,#13478,.T.);
#13478 = EDGE_CURVE('',#13448,#13479,#13481,.T.);
#13479 = VERTEX_POINT('',#13480);
#13480 = CARTESIAN_POINT('',(456.002,250.,86.241));
#13481 = LINE('',#13482,#13483);
#13482 = CARTESIAN_POINT('',(457.841,250.,84.402));
#13483 = VECTOR('',#13484,1.);
#13484 = DIRECTION('',(-0.707106781187,0.,0.707106781187));
#13485 = ORIENTED_EDGE('',*,*,#13486,.F.);
#13486 = EDGE_CURVE('',#13487,#13479,#13489,.T.);
#13487 = VERTEX_POINT('',#13488);
#13488 = CARTESIAN_POINT('',(456.002,0.,86.241));
#13489 = LINE('',#13490,#13491);
#13490 = CARTESIAN_POINT('',(456.002,0.,86.241));
#13491 = VECTOR('',#13492,1.);
#13492 = DIRECTION('',(0.,1.,0.));
#13493 = ORIENTED_EDGE('',*,*,#13494,.F.);
#13494 = EDGE_CURVE('',#13456,#13487,#13495,.T.);
#13495 = LINE('',#13496,#13497);
#13496 = CARTESIAN_POINT('',(457.841,0.,84.402));
#13497 = VECTOR('',#13498,1.);
#13498 = DIRECTION('',(-0.707106781187,0.,0.707106781187));
#13499 = PLANE('',#13500);
#13500 = AXIS2_PLACEMENT_3D('',#13501,#13502,#13503);
#13501 = CARTESIAN_POINT('',(457.841,0.,84.402));
#13502 = DIRECTION('',(0.707106781187,-0.,0.707106781187));
#13503 = DIRECTION('',(-0.707106781187,0.,0.707106781187));
#13504 = ADVANCED_FACE('',(#13505),#13530,.F.);
#13505 = FACE_BOUND('',#13506,.F.);
#13506 = EDGE_LOOP('',(#13507,#13508,#13516,#13524));
#13507 = ORIENTED_EDGE('',*,*,#13486,.T.);
#13508 = ORIENTED_EDGE('',*,*,#13509,.T.);
#13509 = EDGE_CURVE('',#13479,#13510,#13512,.T.);
#13510 = VERTEX_POINT('',#13511);
#13511 = CARTESIAN_POINT('',(455.578,250.,86.241));
#13512 = LINE('',#13513,#13514);
#13513 = CARTESIAN_POINT('',(456.002,250.,86.241));
#13514 = VECTOR('',#13515,1.);
#13515 = DIRECTION('',(-1.,0.,0.));
#13516 = ORIENTED_EDGE('',*,*,#13517,.F.);
#13517 = EDGE_CURVE('',#13518,#13510,#13520,.T.);
#13518 = VERTEX_POINT('',#13519);
#13519 = CARTESIAN_POINT('',(455.578,0.,86.241));
#13520 = LINE('',#13521,#13522);
#13521 = CARTESIAN_POINT('',(455.578,0.,86.241));
#13522 = VECTOR('',#13523,1.);
#13523 = DIRECTION('',(0.,1.,0.));
#13524 = ORIENTED_EDGE('',*,*,#13525,.F.);
#13525 = EDGE_CURVE('',#13487,#13518,#13526,.T.);
#13526 = LINE('',#13527,#13528);
#13527 = CARTESIAN_POINT('',(456.002,0.,86.241));
#13528 = VECTOR('',#13529,1.);
#13529 = DIRECTION('',(-1.,0.,0.));
#13530 = PLANE('',#13531);
#13531 = AXIS2_PLACEMENT_3D('',#13532,#13533,#13534);
#13532 = CARTESIAN_POINT('',(456.002,0.,86.241));
#13533 = DIRECTION('',(0.,-0.,1.));
#13534 = DIRECTION('',(-1.,0.,0.));
#13535 = ADVANCED_FACE('',(#13536),#13561,.F.);
#13536 = FACE_BOUND('',#13537,.F.);
#13537 = EDGE_LOOP('',(#13538,#13539,#13547,#13555));
#13538 = ORIENTED_EDGE('',*,*,#13517,.T.);
#13539 = ORIENTED_EDGE('',*,*,#13540,.T.);
#13540 = EDGE_CURVE('',#13510,#13541,#13543,.T.);
#13541 = VERTEX_POINT('',#13542);
#13542 = CARTESIAN_POINT('',(454.787,250.,85.45));
#13543 = LINE('',#13544,#13545);
#13544 = CARTESIAN_POINT('',(455.578,250.,86.241));
#13545 = VECTOR('',#13546,1.);
#13546 = DIRECTION('',(-0.707106781187,0.,-0.707106781187));
#13547 = ORIENTED_EDGE('',*,*,#13548,.F.);
#13548 = EDGE_CURVE('',#13549,#13541,#13551,.T.);
#13549 = VERTEX_POINT('',#13550);
#13550 = CARTESIAN_POINT('',(454.787,0.,85.45));
#13551 = LINE('',#13552,#13553);
#13552 = CARTESIAN_POINT('',(454.787,0.,85.45));
#13553 = VECTOR('',#13554,1.);
#13554 = DIRECTION('',(0.,1.,0.));
#13555 = ORIENTED_EDGE('',*,*,#13556,.F.);
#13556 = EDGE_CURVE('',#13518,#13549,#13557,.T.);
#13557 = LINE('',#13558,#13559);
#13558 = CARTESIAN_POINT('',(455.578,0.,86.241));
#13559 = VECTOR('',#13560,1.);
#13560 = DIRECTION('',(-0.707106781187,0.,-0.707106781187));
#13561 = PLANE('',#13562);
#13562 = AXIS2_PLACEMENT_3D('',#13563,#13564,#13565);
#13563 = CARTESIAN_POINT('',(455.578,0.,86.241));
#13564 = DIRECTION('',(-0.707106781187,0.,0.707106781187));
#13565 = DIRECTION('',(-0.707106781187,0.,-0.707106781187));
#13566 = ADVANCED_FACE('',(#13567),#13592,.F.);
#13567 = FACE_BOUND('',#13568,.F.);
#13568 = EDGE_LOOP('',(#13569,#13570,#13578,#13586));
#13569 = ORIENTED_EDGE('',*,*,#13548,.T.);
#13570 = ORIENTED_EDGE('',*,*,#13571,.T.);
#13571 = EDGE_CURVE('',#13541,#13572,#13574,.T.);
#13572 = VERTEX_POINT('',#13573);
#13573 = CARTESIAN_POINT('',(454.303,250.,85.394));
#13574 = LINE('',#13575,#13576);
#13575 = CARTESIAN_POINT('',(454.787,250.,85.45));
#13576 = VECTOR('',#13577,1.);
#13577 = DIRECTION('',(-0.993372932136,0.,-0.114935711156));
#13578 = ORIENTED_EDGE('',*,*,#13579,.F.);
#13579 = EDGE_CURVE('',#13580,#13572,#13582,.T.);
#13580 = VERTEX_POINT('',#13581);
#13581 = CARTESIAN_POINT('',(454.303,0.,85.394));
#13582 = LINE('',#13583,#13584);
#13583 = CARTESIAN_POINT('',(454.303,0.,85.394));
#13584 = VECTOR('',#13585,1.);
#13585 = DIRECTION('',(0.,1.,0.));
#13586 = ORIENTED_EDGE('',*,*,#13587,.F.);
#13587 = EDGE_CURVE('',#13549,#13580,#13588,.T.);
#13588 = LINE('',#13589,#13590);
#13589 = CARTESIAN_POINT('',(454.787,0.,85.45));
#13590 = VECTOR('',#13591,1.);
#13591 = DIRECTION('',(-0.993372932136,0.,-0.114935711156));
#13592 = PLANE('',#13593);
#13593 = AXIS2_PLACEMENT_3D('',#13594,#13595,#13596);
#13594 = CARTESIAN_POINT('',(454.787,0.,85.45));
#13595 = DIRECTION('',(-0.114935711156,0.,0.993372932136));
#13596 = DIRECTION('',(-0.993372932136,0.,-0.114935711156));
#13597 = ADVANCED_FACE('',(#13598),#13623,.F.);
#13598 = FACE_BOUND('',#13599,.F.);
#13599 = EDGE_LOOP('',(#13600,#13601,#13609,#13617));
#13600 = ORIENTED_EDGE('',*,*,#13579,.T.);
#13601 = ORIENTED_EDGE('',*,*,#13602,.T.);
#13602 = EDGE_CURVE('',#13572,#13603,#13605,.T.);
#13603 = VERTEX_POINT('',#13604);
#13604 = CARTESIAN_POINT('',(453.739,250.,85.958));
#13605 = LINE('',#13606,#13607);
#13606 = CARTESIAN_POINT('',(454.303,250.,85.394));
#13607 = VECTOR('',#13608,1.);
#13608 = DIRECTION('',(-0.707106781187,0.,0.707106781187));
#13609 = ORIENTED_EDGE('',*,*,#13610,.F.);
#13610 = EDGE_CURVE('',#13611,#13603,#13613,.T.);
#13611 = VERTEX_POINT('',#13612);
#13612 = CARTESIAN_POINT('',(453.739,0.,85.958));
#13613 = LINE('',#13614,#13615);
#13614 = CARTESIAN_POINT('',(453.739,0.,85.958));
#13615 = VECTOR('',#13616,1.);
#13616 = DIRECTION('',(0.,1.,0.));
#13617 = ORIENTED_EDGE('',*,*,#13618,.F.);
#13618 = EDGE_CURVE('',#13580,#13611,#13619,.T.);
#13619 = LINE('',#13620,#13621);
#13620 = CARTESIAN_POINT('',(454.303,0.,85.394));
#13621 = VECTOR('',#13622,1.);
#13622 = DIRECTION('',(-0.707106781187,0.,0.707106781187));
#13623 = PLANE('',#13624);
#13624 = AXIS2_PLACEMENT_3D('',#13625,#13626,#13627);
#13625 = CARTESIAN_POINT('',(454.303,0.,85.394));
#13626 = DIRECTION('',(0.707106781187,-0.,0.707106781187));
#13627 = DIRECTION('',(-0.707106781187,0.,0.707106781187));
#13628 = ADVANCED_FACE('',(#13629),#13654,.F.);
#13629 = FACE_BOUND('',#13630,.F.);
#13630 = EDGE_LOOP('',(#13631,#13632,#13640,#13648));
#13631 = ORIENTED_EDGE('',*,*,#13610,.T.);
#13632 = ORIENTED_EDGE('',*,*,#13633,.T.);
#13633 = EDGE_CURVE('',#13603,#13634,#13636,.T.);
#13634 = VERTEX_POINT('',#13635);
#13635 = CARTESIAN_POINT('',(453.315,250.,85.958));
#13636 = LINE('',#13637,#13638);
#13637 = CARTESIAN_POINT('',(453.739,250.,85.958));
#13638 = VECTOR('',#13639,1.);
#13639 = DIRECTION('',(-1.,0.,0.));
#13640 = ORIENTED_EDGE('',*,*,#13641,.F.);
#13641 = EDGE_CURVE('',#13642,#13634,#13644,.T.);
#13642 = VERTEX_POINT('',#13643);
#13643 = CARTESIAN_POINT('',(453.315,0.,85.958));
#13644 = LINE('',#13645,#13646);
#13645 = CARTESIAN_POINT('',(453.315,0.,85.958));
#13646 = VECTOR('',#13647,1.);
#13647 = DIRECTION('',(0.,1.,0.));
#13648 = ORIENTED_EDGE('',*,*,#13649,.F.);
#13649 = EDGE_CURVE('',#13611,#13642,#13650,.T.);
#13650 = LINE('',#13651,#13652);
#13651 = CARTESIAN_POINT('',(453.739,0.,85.958));
#13652 = VECTOR('',#13653,1.);
#13653 = DIRECTION('',(-1.,0.,0.));
#13654 = PLANE('',#13655);
#13655 = AXIS2_PLACEMENT_3D('',#13656,#13657,#13658);
#13656 = CARTESIAN_POINT('',(453.739,0.,85.958));
#13657 = DIRECTION('',(0.,-0.,1.));
#13658 = DIRECTION('',(-1.,0.,0.));
#13659 = ADVANCED_FACE('',(#13660),#13685,.F.);
#13660 = FACE_BOUND('',#13661,.F.);
#13661 = EDGE_LOOP('',(#13662,#13663,#13671,#13679));
#13662 = ORIENTED_EDGE('',*,*,#13641,.T.);
#13663 = ORIENTED_EDGE('',*,*,#13664,.T.);
#13664 = EDGE_CURVE('',#13634,#13665,#13667,.T.);
#13665 = VERTEX_POINT('',#13666);
#13666 = CARTESIAN_POINT('',(452.042,250.,84.685));
#13667 = LINE('',#13668,#13669);
#13668 = CARTESIAN_POINT('',(453.315,250.,85.958));
#13669 = VECTOR('',#13670,1.);
#13670 = DIRECTION('',(-0.707106781187,0.,-0.707106781187));
#13671 = ORIENTED_EDGE('',*,*,#13672,.F.);
#13672 = EDGE_CURVE('',#13673,#13665,#13675,.T.);
#13673 = VERTEX_POINT('',#13674);
#13674 = CARTESIAN_POINT('',(452.042,0.,84.685));
#13675 = LINE('',#13676,#13677);
#13676 = CARTESIAN_POINT('',(452.042,0.,84.685));
#13677 = VECTOR('',#13678,1.);
#13678 = DIRECTION('',(0.,1.,0.));
#13679 = ORIENTED_EDGE('',*,*,#13680,.F.);
#13680 = EDGE_CURVE('',#13642,#13673,#13681,.T.);
#13681 = LINE('',#13682,#13683);
#13682 = CARTESIAN_POINT('',(453.315,0.,85.958));
#13683 = VECTOR('',#13684,1.);
#13684 = DIRECTION('',(-0.707106781187,0.,-0.707106781187));
#13685 = PLANE('',#13686);
#13686 = AXIS2_PLACEMENT_3D('',#13687,#13688,#13689);
#13687 = CARTESIAN_POINT('',(453.315,0.,85.958));
#13688 = DIRECTION('',(-0.707106781187,0.,0.707106781187));
#13689 = DIRECTION('',(-0.707106781187,0.,-0.707106781187));
#13690 = ADVANCED_FACE('',(#13691),#13716,.F.);
#13691 = FACE_BOUND('',#13692,.F.);
#13692 = EDGE_LOOP('',(#13693,#13694,#13702,#13710));
#13693 = ORIENTED_EDGE('',*,*,#13672,.T.);
#13694 = ORIENTED_EDGE('',*,*,#13695,.T.);
#13695 = EDGE_CURVE('',#13665,#13696,#13698,.T.);
#13696 = VERTEX_POINT('',#13697);
#13697 = CARTESIAN_POINT('',(452.042,250.,84.261));
#13698 = LINE('',#13699,#13700);
#13699 = CARTESIAN_POINT('',(452.042,250.,84.685));
#13700 = VECTOR('',#13701,1.);
#13701 = DIRECTION('',(0.,0.,-1.));
#13702 = ORIENTED_EDGE('',*,*,#13703,.F.);
#13703 = EDGE_CURVE('',#13704,#13696,#13706,.T.);
#13704 = VERTEX_POINT('',#13705);
#13705 = CARTESIAN_POINT('',(452.042,0.,84.261));
#13706 = LINE('',#13707,#13708);
#13707 = CARTESIAN_POINT('',(452.042,0.,84.261));
#13708 = VECTOR('',#13709,1.);
#13709 = DIRECTION('',(0.,1.,0.));
#13710 = ORIENTED_EDGE('',*,*,#13711,.F.);
#13711 = EDGE_CURVE('',#13673,#13704,#13712,.T.);
#13712 = LINE('',#13713,#13714);
#13713 = CARTESIAN_POINT('',(452.042,0.,84.685));
#13714 = VECTOR('',#13715,1.);
#13715 = DIRECTION('',(0.,0.,-1.));
#13716 = PLANE('',#13717);
#13717 = AXIS2_PLACEMENT_3D('',#13718,#13719,#13720);
#13718 = CARTESIAN_POINT('',(452.042,0.,84.685));
#13719 = DIRECTION('',(-1.,0.,0.));
#13720 = DIRECTION('',(0.,0.,-1.));
#13721 = ADVANCED_FACE('',(#13722),#13747,.F.);
#13722 = FACE_BOUND('',#13723,.F.);
#13723 = EDGE_LOOP('',(#13724,#13725,#13733,#13741));
#13724 = ORIENTED_EDGE('',*,*,#13703,.T.);
#13725 = ORIENTED_EDGE('',*,*,#13726,.T.);
#13726 = EDGE_CURVE('',#13696,#13727,#13729,.T.);
#13727 = VERTEX_POINT('',#13728);
#13728 = CARTESIAN_POINT('',(452.606,250.,83.697));
#13729 = LINE('',#13730,#13731);
#13730 = CARTESIAN_POINT('',(452.042,250.,84.261));
#13731 = VECTOR('',#13732,1.);
#13732 = DIRECTION('',(0.707106781187,0.,-0.707106781187));
#13733 = ORIENTED_EDGE('',*,*,#13734,.F.);
#13734 = EDGE_CURVE('',#13735,#13727,#13737,.T.);
#13735 = VERTEX_POINT('',#13736);
#13736 = CARTESIAN_POINT('',(452.606,0.,83.697));
#13737 = LINE('',#13738,#13739);
#13738 = CARTESIAN_POINT('',(452.606,0.,83.697));
#13739 = VECTOR('',#13740,1.);
#13740 = DIRECTION('',(0.,1.,0.));
#13741 = ORIENTED_EDGE('',*,*,#13742,.F.);
#13742 = EDGE_CURVE('',#13704,#13735,#13743,.T.);
#13743 = LINE('',#13744,#13745);
#13744 = CARTESIAN_POINT('',(452.042,0.,84.261));
#13745 = VECTOR('',#13746,1.);
#13746 = DIRECTION('',(0.707106781187,0.,-0.707106781187));
#13747 = PLANE('',#13748);
#13748 = AXIS2_PLACEMENT_3D('',#13749,#13750,#13751);
#13749 = CARTESIAN_POINT('',(452.042,0.,84.261));
#13750 = DIRECTION('',(-0.707106781187,0.,-0.707106781187));
#13751 = DIRECTION('',(0.707106781187,0.,-0.707106781187));
#13752 = ADVANCED_FACE('',(#13753),#13778,.F.);
#13753 = FACE_BOUND('',#13754,.F.);
#13754 = EDGE_LOOP('',(#13755,#13756,#13764,#13772));
#13755 = ORIENTED_EDGE('',*,*,#13734,.T.);
#13756 = ORIENTED_EDGE('',*,*,#13757,.T.);
#13757 = EDGE_CURVE('',#13727,#13758,#13760,.T.);
#13758 = VERTEX_POINT('',#13759);
#13759 = CARTESIAN_POINT('',(452.55,250.,83.213));
#13760 = LINE('',#13761,#13762);
#13761 = CARTESIAN_POINT('',(452.606,250.,83.697));
#13762 = VECTOR('',#13763,1.);
#13763 = DIRECTION('',(-0.114935711156,0.,-0.993372932136));
#13764 = ORIENTED_EDGE('',*,*,#13765,.F.);
#13765 = EDGE_CURVE('',#13766,#13758,#13768,.T.);
#13766 = VERTEX_POINT('',#13767);
#13767 = CARTESIAN_POINT('',(452.55,0.,83.213));
#13768 = LINE('',#13769,#13770);
#13769 = CARTESIAN_POINT('',(452.55,0.,83.213));
#13770 = VECTOR('',#13771,1.);
#13771 = DIRECTION('',(0.,1.,0.));
#13772 = ORIENTED_EDGE('',*,*,#13773,.F.);
#13773 = EDGE_CURVE('',#13735,#13766,#13774,.T.);
#13774 = LINE('',#13775,#13776);
#13775 = CARTESIAN_POINT('',(452.606,0.,83.697));
#13776 = VECTOR('',#13777,1.);
#13777 = DIRECTION('',(-0.114935711156,0.,-0.993372932136));
#13778 = PLANE('',#13779);
#13779 = AXIS2_PLACEMENT_3D('',#13780,#13781,#13782);
#13780 = CARTESIAN_POINT('',(452.606,0.,83.697));
#13781 = DIRECTION('',(-0.993372932136,0.,0.114935711156));
#13782 = DIRECTION('',(-0.114935711156,0.,-0.993372932136));
#13783 = ADVANCED_FACE('',(#13784),#13809,.F.);
#13784 = FACE_BOUND('',#13785,.F.);
#13785 = EDGE_LOOP('',(#13786,#13787,#13795,#13803));
#13786 = ORIENTED_EDGE('',*,*,#13765,.T.);
#13787 = ORIENTED_EDGE('',*,*,#13788,.T.);
#13788 = EDGE_CURVE('',#13758,#13789,#13791,.T.);
#13789 = VERTEX_POINT('',#13790);
#13790 = CARTESIAN_POINT('',(451.901,250.,82.564));
#13791 = LINE('',#13792,#13793);
#13792 = CARTESIAN_POINT('',(452.55,250.,83.213));
#13793 = VECTOR('',#13794,1.);
#13794 = DIRECTION('',(-0.707106781187,0.,-0.707106781187));
#13795 = ORIENTED_EDGE('',*,*,#13796,.F.);
#13796 = EDGE_CURVE('',#13797,#13789,#13799,.T.);
#13797 = VERTEX_POINT('',#13798);
#13798 = CARTESIAN_POINT('',(451.901,0.,82.564));
#13799 = LINE('',#13800,#13801);
#13800 = CARTESIAN_POINT('',(451.901,0.,82.564));
#13801 = VECTOR('',#13802,1.);
#13802 = DIRECTION('',(0.,1.,0.));
#13803 = ORIENTED_EDGE('',*,*,#13804,.F.);
#13804 = EDGE_CURVE('',#13766,#13797,#13805,.T.);
#13805 = LINE('',#13806,#13807);
#13806 = CARTESIAN_POINT('',(452.55,0.,83.213));
#13807 = VECTOR('',#13808,1.);
#13808 = DIRECTION('',(-0.707106781187,0.,-0.707106781187));
#13809 = PLANE('',#13810);
#13810 = AXIS2_PLACEMENT_3D('',#13811,#13812,#13813);
#13811 = CARTESIAN_POINT('',(452.55,0.,83.213));
#13812 = DIRECTION('',(-0.707106781187,0.,0.707106781187));
#13813 = DIRECTION('',(-0.707106781187,0.,-0.707106781187));
#13814 = ADVANCED_FACE('',(#13815),#13840,.F.);
#13815 = FACE_BOUND('',#13816,.F.);
#13816 = EDGE_LOOP('',(#13817,#13818,#13826,#13834));
#13817 = ORIENTED_EDGE('',*,*,#13796,.T.);
#13818 = ORIENTED_EDGE('',*,*,#13819,.T.);
#13819 = EDGE_CURVE('',#13789,#13820,#13822,.T.);
#13820 = VERTEX_POINT('',#13821);
#13821 = CARTESIAN_POINT('',(451.194,250.,82.564));
#13822 = LINE('',#13823,#13824);
#13823 = CARTESIAN_POINT('',(451.901,250.,82.564));
#13824 = VECTOR('',#13825,1.);
#13825 = DIRECTION('',(-1.,0.,0.));
#13826 = ORIENTED_EDGE('',*,*,#13827,.F.);
#13827 = EDGE_CURVE('',#13828,#13820,#13830,.T.);
#13828 = VERTEX_POINT('',#13829);
#13829 = CARTESIAN_POINT('',(451.194,0.,82.564));
#13830 = LINE('',#13831,#13832);
#13831 = CARTESIAN_POINT('',(451.194,0.,82.564));
#13832 = VECTOR('',#13833,1.);
#13833 = DIRECTION('',(0.,1.,0.));
#13834 = ORIENTED_EDGE('',*,*,#13835,.F.);
#13835 = EDGE_CURVE('',#13797,#13828,#13836,.T.);
#13836 = LINE('',#13837,#13838);
#13837 = CARTESIAN_POINT('',(451.901,0.,82.564));
#13838 = VECTOR('',#13839,1.);
#13839 = DIRECTION('',(-1.,0.,0.));
#13840 = PLANE('',#13841);
#13841 = AXIS2_PLACEMENT_3D('',#13842,#13843,#13844);
#13842 = CARTESIAN_POINT('',(451.901,0.,82.564));
#13843 = DIRECTION('',(0.,-0.,1.));
#13844 = DIRECTION('',(-1.,0.,0.));
#13845 = ADVANCED_FACE('',(#13846),#13871,.F.);
#13846 = FACE_BOUND('',#13847,.F.);
#13847 = EDGE_LOOP('',(#13848,#13849,#13857,#13865));
#13848 = ORIENTED_EDGE('',*,*,#13827,.T.);
#13849 = ORIENTED_EDGE('',*,*,#13850,.T.);
#13850 = EDGE_CURVE('',#13820,#13851,#13853,.T.);
#13851 = VERTEX_POINT('',#13852);
#13852 = CARTESIAN_POINT('',(450.557,250.,83.2));
#13853 = LINE('',#13854,#13855);
#13854 = CARTESIAN_POINT('',(451.194,250.,82.564));
#13855 = VECTOR('',#13856,1.);
#13856 = DIRECTION('',(-0.707662027715,0.,0.706551098315));
#13857 = ORIENTED_EDGE('',*,*,#13858,.F.);
#13858 = EDGE_CURVE('',#13859,#13851,#13861,.T.);
#13859 = VERTEX_POINT('',#13860);
#13860 = CARTESIAN_POINT('',(450.557,0.,83.2));
#13861 = LINE('',#13862,#13863);
#13862 = CARTESIAN_POINT('',(450.557,0.,83.2));
#13863 = VECTOR('',#13864,1.);
#13864 = DIRECTION('',(0.,1.,0.));
#13865 = ORIENTED_EDGE('',*,*,#13866,.F.);
#13866 = EDGE_CURVE('',#13828,#13859,#13867,.T.);
#13867 = LINE('',#13868,#13869);
#13868 = CARTESIAN_POINT('',(451.194,0.,82.564));
#13869 = VECTOR('',#13870,1.);
#13870 = DIRECTION('',(-0.707662027715,0.,0.706551098315));
#13871 = PLANE('',#13872);
#13872 = AXIS2_PLACEMENT_3D('',#13873,#13874,#13875);
#13873 = CARTESIAN_POINT('',(451.194,0.,82.564));
#13874 = DIRECTION('',(0.706551098315,-0.,0.707662027715));
#13875 = DIRECTION('',(-0.707662027715,0.,0.706551098315));
#13876 = ADVANCED_FACE('',(#13877),#13902,.F.);
#13877 = FACE_BOUND('',#13878,.F.);
#13878 = EDGE_LOOP('',(#13879,#13880,#13888,#13896));
#13879 = ORIENTED_EDGE('',*,*,#13858,.T.);
#13880 = ORIENTED_EDGE('',*,*,#13881,.T.);
#13881 = EDGE_CURVE('',#13851,#13882,#13884,.T.);
#13882 = VERTEX_POINT('',#13883);
#13883 = CARTESIAN_POINT('',(449.3,250.,83.2));
#13884 = LINE('',#13885,#13886);
#13885 = CARTESIAN_POINT('',(450.557,250.,83.2));
#13886 = VECTOR('',#13887,1.);
#13887 = DIRECTION('',(-1.,0.,0.));
#13888 = ORIENTED_EDGE('',*,*,#13889,.F.);
#13889 = EDGE_CURVE('',#13890,#13882,#13892,.T.);
#13890 = VERTEX_POINT('',#13891);
#13891 = CARTESIAN_POINT('',(449.3,0.,83.2));
#13892 = LINE('',#13893,#13894);
#13893 = CARTESIAN_POINT('',(449.3,0.,83.2));
#13894 = VECTOR('',#13895,1.);
#13895 = DIRECTION('',(0.,1.,0.));
#13896 = ORIENTED_EDGE('',*,*,#13897,.F.);
#13897 = EDGE_CURVE('',#13859,#13890,#13898,.T.);
#13898 = LINE('',#13899,#13900);
#13899 = CARTESIAN_POINT('',(450.557,0.,83.2));
#13900 = VECTOR('',#13901,1.);
#13901 = DIRECTION('',(-1.,0.,0.));
#13902 = PLANE('',#13903);
#13903 = AXIS2_PLACEMENT_3D('',#13904,#13905,#13906);
#13904 = CARTESIAN_POINT('',(450.557,0.,83.2));
#13905 = DIRECTION('',(0.,-0.,1.));
#13906 = DIRECTION('',(-1.,0.,0.));
#13907 = ADVANCED_FACE('',(#13908),#13933,.F.);
#13908 = FACE_BOUND('',#13909,.F.);
#13909 = EDGE_LOOP('',(#13910,#13911,#13919,#13927));
#13910 = ORIENTED_EDGE('',*,*,#13889,.T.);
#13911 = ORIENTED_EDGE('',*,*,#13912,.T.);
#13912 = EDGE_CURVE('',#13882,#13913,#13915,.T.);
#13913 = VERTEX_POINT('',#13914);
#13914 = CARTESIAN_POINT('',(448.3,250.,82.2));
#13915 = LINE('',#13916,#13917);
#13916 = CARTESIAN_POINT('',(449.3,250.,83.2));
#13917 = VECTOR('',#13918,1.);
#13918 = DIRECTION('',(-0.707106781187,0.,-0.707106781187));
#13919 = ORIENTED_EDGE('',*,*,#13920,.F.);
#13920 = EDGE_CURVE('',#13921,#13913,#13923,.T.);
#13921 = VERTEX_POINT('',#13922);
#13922 = CARTESIAN_POINT('',(448.3,0.,82.2));
#13923 = LINE('',#13924,#13925);
#13924 = CARTESIAN_POINT('',(448.3,0.,82.2));
#13925 = VECTOR('',#13926,1.);
#13926 = DIRECTION('',(0.,1.,0.));
#13927 = ORIENTED_EDGE('',*,*,#13928,.F.);
#13928 = EDGE_CURVE('',#13890,#13921,#13929,.T.);
#13929 = LINE('',#13930,#13931);
#13930 = CARTESIAN_POINT('',(449.3,0.,83.2));
#13931 = VECTOR('',#13932,1.);
#13932 = DIRECTION('',(-0.707106781187,0.,-0.707106781187));
#13933 = PLANE('',#13934);
#13934 = AXIS2_PLACEMENT_3D('',#13935,#13936,#13937);
#13935 = CARTESIAN_POINT('',(449.3,0.,83.2));
#13936 = DIRECTION('',(-0.707106781187,0.,0.707106781187));
#13937 = DIRECTION('',(-0.707106781187,0.,-0.707106781187));
#13938 = ADVANCED_FACE('',(#13939),#13964,.F.);
#13939 = FACE_BOUND('',#13940,.F.);
#13940 = EDGE_LOOP('',(#13941,#13942,#13950,#13958));
#13941 = ORIENTED_EDGE('',*,*,#13920,.T.);
#13942 = ORIENTED_EDGE('',*,*,#13943,.T.);
#13943 = EDGE_CURVE('',#13913,#13944,#13946,.T.);
#13944 = VERTEX_POINT('',#13945);
#13945 = CARTESIAN_POINT('',(448.3,250.,80.7));
#13946 = LINE('',#13947,#13948);
#13947 = CARTESIAN_POINT('',(448.3,250.,82.2));
#13948 = VECTOR('',#13949,1.);
#13949 = DIRECTION('',(0.,0.,-1.));
#13950 = ORIENTED_EDGE('',*,*,#13951,.F.);
#13951 = EDGE_CURVE('',#13952,#13944,#13954,.T.);
#13952 = VERTEX_POINT('',#13953);
#13953 = CARTESIAN_POINT('',(448.3,0.,80.7));
#13954 = LINE('',#13955,#13956);
#13955 = CARTESIAN_POINT('',(448.3,0.,80.7));
#13956 = VECTOR('',#13957,1.);
#13957 = DIRECTION('',(0.,1.,0.));
#13958 = ORIENTED_EDGE('',*,*,#13959,.F.);
#13959 = EDGE_CURVE('',#13921,#13952,#13960,.T.);
#13960 = LINE('',#13961,#13962);
#13961 = CARTESIAN_POINT('',(448.3,0.,82.2));
#13962 = VECTOR('',#13963,1.);
#13963 = DIRECTION('',(0.,0.,-1.));
#13964 = PLANE('',#13965);
#13965 = AXIS2_PLACEMENT_3D('',#13966,#13967,#13968);
#13966 = CARTESIAN_POINT('',(448.3,0.,82.2));
#13967 = DIRECTION('',(-1.,0.,0.));
#13968 = DIRECTION('',(0.,0.,-1.));
#13969 = ADVANCED_FACE('',(#13970),#13995,.F.);
#13970 = FACE_BOUND('',#13971,.F.);
#13971 = EDGE_LOOP('',(#13972,#13973,#13981,#13989));
#13972 = ORIENTED_EDGE('',*,*,#13951,.T.);
#13973 = ORIENTED_EDGE('',*,*,#13974,.T.);
#13974 = EDGE_CURVE('',#13944,#13975,#13977,.T.);
#13975 = VERTEX_POINT('',#13976);
#13976 = CARTESIAN_POINT('',(447.3,250.,79.7));
#13977 = LINE('',#13978,#13979);
#13978 = CARTESIAN_POINT('',(448.3,250.,80.7));
#13979 = VECTOR('',#13980,1.);
#13980 = DIRECTION('',(-0.707106781187,0.,-0.707106781187));
#13981 = ORIENTED_EDGE('',*,*,#13982,.F.);
#13982 = EDGE_CURVE('',#13983,#13975,#13985,.T.);
#13983 = VERTEX_POINT('',#13984);
#13984 = CARTESIAN_POINT('',(447.3,0.,79.7));
#13985 = LINE('',#13986,#13987);
#13986 = CARTESIAN_POINT('',(447.3,0.,79.7));
#13987 = VECTOR('',#13988,1.);
#13988 = DIRECTION('',(0.,1.,0.));
#13989 = ORIENTED_EDGE('',*,*,#13990,.F.);
#13990 = EDGE_CURVE('',#13952,#13983,#13991,.T.);
#13991 = LINE('',#13992,#13993);
#13992 = CARTESIAN_POINT('',(448.3,0.,80.7));
#13993 = VECTOR('',#13994,1.);
#13994 = DIRECTION('',(-0.707106781187,0.,-0.707106781187));
#13995 = PLANE('',#13996);
#13996 = AXIS2_PLACEMENT_3D('',#13997,#13998,#13999);
#13997 = CARTESIAN_POINT('',(448.3,0.,80.7));
#13998 = DIRECTION('',(-0.707106781187,0.,0.707106781187));
#13999 = DIRECTION('',(-0.707106781187,0.,-0.707106781187));
#14000 = ADVANCED_FACE('',(#14001),#14026,.F.);
#14001 = FACE_BOUND('',#14002,.F.);
#14002 = EDGE_LOOP('',(#14003,#14004,#14012,#14020));
#14003 = ORIENTED_EDGE('',*,*,#13982,.T.);
#14004 = ORIENTED_EDGE('',*,*,#14005,.T.);
#14005 = EDGE_CURVE('',#13975,#14006,#14008,.T.);
#14006 = VERTEX_POINT('',#14007);
#14007 = CARTESIAN_POINT('',(440.3,250.,79.7));
#14008 = LINE('',#14009,#14010);
#14009 = CARTESIAN_POINT('',(447.3,250.,79.7));
#14010 = VECTOR('',#14011,1.);
#14011 = DIRECTION('',(-1.,0.,0.));
#14012 = ORIENTED_EDGE('',*,*,#14013,.F.);
#14013 = EDGE_CURVE('',#14014,#14006,#14016,.T.);
#14014 = VERTEX_POINT('',#14015);
#14015 = CARTESIAN_POINT('',(440.3,0.,79.7));
#14016 = LINE('',#14017,#14018);
#14017 = CARTESIAN_POINT('',(440.3,0.,79.7));
#14018 = VECTOR('',#14019,1.);
#14019 = DIRECTION('',(0.,1.,0.));
#14020 = ORIENTED_EDGE('',*,*,#14021,.F.);
#14021 = EDGE_CURVE('',#13983,#14014,#14022,.T.);
#14022 = LINE('',#14023,#14024);
#14023 = CARTESIAN_POINT('',(447.3,0.,79.7));
#14024 = VECTOR('',#14025,1.);
#14025 = DIRECTION('',(-1.,0.,0.));
#14026 = PLANE('',#14027);
#14027 = AXIS2_PLACEMENT_3D('',#14028,#14029,#14030);
#14028 = CARTESIAN_POINT('',(447.3,0.,79.7));
#14029 = DIRECTION('',(0.,-0.,1.));
#14030 = DIRECTION('',(-1.,0.,0.));
#14031 = ADVANCED_FACE('',(#14032),#14057,.F.);
#14032 = FACE_BOUND('',#14033,.F.);
#14033 = EDGE_LOOP('',(#14034,#14035,#14043,#14051));
#14034 = ORIENTED_EDGE('',*,*,#14013,.T.);
#14035 = ORIENTED_EDGE('',*,*,#14036,.T.);
#14036 = EDGE_CURVE('',#14006,#14037,#14039,.T.);
#14037 = VERTEX_POINT('',#14038);
#14038 = CARTESIAN_POINT('',(439.3,250.,80.7));
#14039 = LINE('',#14040,#14041);
#14040 = CARTESIAN_POINT('',(440.3,250.,79.7));
#14041 = VECTOR('',#14042,1.);
#14042 = DIRECTION('',(-0.707106781187,0.,0.707106781187));
#14043 = ORIENTED_EDGE('',*,*,#14044,.F.);
#14044 = EDGE_CURVE('',#14045,#14037,#14047,.T.);
#14045 = VERTEX_POINT('',#14046);
#14046 = CARTESIAN_POINT('',(439.3,0.,80.7));
#14047 = LINE('',#14048,#14049);
#14048 = CARTESIAN_POINT('',(439.3,0.,80.7));
#14049 = VECTOR('',#14050,1.);
#14050 = DIRECTION('',(0.,1.,0.));
#14051 = ORIENTED_EDGE('',*,*,#14052,.F.);
#14052 = EDGE_CURVE('',#14014,#14045,#14053,.T.);
#14053 = LINE('',#14054,#14055);
#14054 = CARTESIAN_POINT('',(440.3,0.,79.7));
#14055 = VECTOR('',#14056,1.);
#14056 = DIRECTION('',(-0.707106781187,0.,0.707106781187));
#14057 = PLANE('',#14058);
#14058 = AXIS2_PLACEMENT_3D('',#14059,#14060,#14061);
#14059 = CARTESIAN_POINT('',(440.3,0.,79.7));
#14060 = DIRECTION('',(0.707106781187,-0.,0.707106781187));
#14061 = DIRECTION('',(-0.707106781187,0.,0.707106781187));
#14062 = ADVANCED_FACE('',(#14063),#14088,.F.);
#14063 = FACE_BOUND('',#14064,.F.);
#14064 = EDGE_LOOP('',(#14065,#14066,#14074,#14082));
#14065 = ORIENTED_EDGE('',*,*,#14044,.T.);
#14066 = ORIENTED_EDGE('',*,*,#14067,.T.);
#14067 = EDGE_CURVE('',#14037,#14068,#14070,.T.);
#14068 = VERTEX_POINT('',#14069);
#14069 = CARTESIAN_POINT('',(439.3,250.,85.1));
#14070 = LINE('',#14071,#14072);
#14071 = CARTESIAN_POINT('',(439.3,250.,80.7));
#14072 = VECTOR('',#14073,1.);
#14073 = DIRECTION('',(0.,0.,1.));
#14074 = ORIENTED_EDGE('',*,*,#14075,.F.);
#14075 = EDGE_CURVE('',#14076,#14068,#14078,.T.);
#14076 = VERTEX_POINT('',#14077);
#14077 = CARTESIAN_POINT('',(439.3,0.,85.1));
#14078 = LINE('',#14079,#14080);
#14079 = CARTESIAN_POINT('',(439.3,0.,85.1));
#14080 = VECTOR('',#14081,1.);
#14081 = DIRECTION('',(0.,1.,0.));
#14082 = ORIENTED_EDGE('',*,*,#14083,.F.);
#14083 = EDGE_CURVE('',#14045,#14076,#14084,.T.);
#14084 = LINE('',#14085,#14086);
#14085 = CARTESIAN_POINT('',(439.3,0.,80.7));
#14086 = VECTOR('',#14087,1.);
#14087 = DIRECTION('',(0.,0.,1.));
#14088 = PLANE('',#14089);
#14089 = AXIS2_PLACEMENT_3D('',#14090,#14091,#14092);
#14090 = CARTESIAN_POINT('',(439.3,0.,80.7));
#14091 = DIRECTION('',(1.,0.,0.));
#14092 = DIRECTION('',(0.,0.,1.));
#14093 = ADVANCED_FACE('',(#14094),#14119,.F.);
#14094 = FACE_BOUND('',#14095,.F.);
#14095 = EDGE_LOOP('',(#14096,#14097,#14105,#14113));
#14096 = ORIENTED_EDGE('',*,*,#14075,.T.);
#14097 = ORIENTED_EDGE('',*,*,#14098,.T.);
#14098 = EDGE_CURVE('',#14068,#14099,#14101,.T.);
#14099 = VERTEX_POINT('',#14100);
#14100 = CARTESIAN_POINT('',(439.4,250.,85.2));
#14101 = LINE('',#14102,#14103);
#14102 = CARTESIAN_POINT('',(439.3,250.,85.1));
#14103 = VECTOR('',#14104,1.);
#14104 = DIRECTION('',(0.707106781187,0.,0.707106781186));
#14105 = ORIENTED_EDGE('',*,*,#14106,.F.);
#14106 = EDGE_CURVE('',#14107,#14099,#14109,.T.);
#14107 = VERTEX_POINT('',#14108);
#14108 = CARTESIAN_POINT('',(439.4,0.,85.2));
#14109 = LINE('',#14110,#14111);
#14110 = CARTESIAN_POINT('',(439.4,0.,85.2));
#14111 = VECTOR('',#14112,1.);
#14112 = DIRECTION('',(0.,1.,0.));
#14113 = ORIENTED_EDGE('',*,*,#14114,.F.);
#14114 = EDGE_CURVE('',#14076,#14107,#14115,.T.);
#14115 = LINE('',#14116,#14117);
#14116 = CARTESIAN_POINT('',(439.3,0.,85.1));
#14117 = VECTOR('',#14118,1.);
#14118 = DIRECTION('',(0.707106781187,0.,0.707106781186));
#14119 = PLANE('',#14120);
#14120 = AXIS2_PLACEMENT_3D('',#14121,#14122,#14123);
#14121 = CARTESIAN_POINT('',(439.3,0.,85.1));
#14122 = DIRECTION('',(0.707106781186,0.,-0.707106781187));
#14123 = DIRECTION('',(0.707106781187,0.,0.707106781186));
#14124 = ADVANCED_FACE('',(#14125),#14150,.F.);
#14125 = FACE_BOUND('',#14126,.F.);
#14126 = EDGE_LOOP('',(#14127,#14128,#14136,#14144));
#14127 = ORIENTED_EDGE('',*,*,#14106,.T.);
#14128 = ORIENTED_EDGE('',*,*,#14129,.T.);
#14129 = EDGE_CURVE('',#14099,#14130,#14132,.T.);
#14130 = VERTEX_POINT('',#14131);
#14131 = CARTESIAN_POINT('',(441.9,250.,85.2));
#14132 = LINE('',#14133,#14134);
#14133 = CARTESIAN_POINT('',(439.4,250.,85.2));
#14134 = VECTOR('',#14135,1.);
#14135 = DIRECTION('',(1.,0.,0.));
#14136 = ORIENTED_EDGE('',*,*,#14137,.F.);
#14137 = EDGE_CURVE('',#14138,#14130,#14140,.T.);
#14138 = VERTEX_POINT('',#14139);
#14139 = CARTESIAN_POINT('',(441.9,0.,85.2));
#14140 = LINE('',#14141,#14142);
#14141 = CARTESIAN_POINT('',(441.9,0.,85.2));
#14142 = VECTOR('',#14143,1.);
#14143 = DIRECTION('',(0.,1.,0.));
#14144 = ORIENTED_EDGE('',*,*,#14145,.F.);
#14145 = EDGE_CURVE('',#14107,#14138,#14146,.T.);
#14146 = LINE('',#14147,#14148);
#14147 = CARTESIAN_POINT('',(439.4,0.,85.2));
#14148 = VECTOR('',#14149,1.);
#14149 = DIRECTION('',(1.,0.,0.));
#14150 = PLANE('',#14151);
#14151 = AXIS2_PLACEMENT_3D('',#14152,#14153,#14154);
#14152 = CARTESIAN_POINT('',(439.4,0.,85.2));
#14153 = DIRECTION('',(0.,0.,-1.));
#14154 = DIRECTION('',(1.,0.,0.));
#14155 = ADVANCED_FACE('',(#14156),#14181,.F.);
#14156 = FACE_BOUND('',#14157,.F.);
#14157 = EDGE_LOOP('',(#14158,#14159,#14167,#14175));
#14158 = ORIENTED_EDGE('',*,*,#14137,.T.);
#14159 = ORIENTED_EDGE('',*,*,#14160,.T.);
#14160 = EDGE_CURVE('',#14130,#14161,#14163,.T.);
#14161 = VERTEX_POINT('',#14162);
#14162 = CARTESIAN_POINT('',(442.2,250.,84.9));
#14163 = LINE('',#14164,#14165);
#14164 = CARTESIAN_POINT('',(441.9,250.,85.2));
#14165 = VECTOR('',#14166,1.);
#14166 = DIRECTION('',(0.707106781187,0.,-0.707106781187));
#14167 = ORIENTED_EDGE('',*,*,#14168,.F.);
#14168 = EDGE_CURVE('',#14169,#14161,#14171,.T.);
#14169 = VERTEX_POINT('',#14170);
#14170 = CARTESIAN_POINT('',(442.2,0.,84.9));
#14171 = LINE('',#14172,#14173);
#14172 = CARTESIAN_POINT('',(442.2,0.,84.9));
#14173 = VECTOR('',#14174,1.);
#14174 = DIRECTION('',(0.,1.,0.));
#14175 = ORIENTED_EDGE('',*,*,#14176,.F.);
#14176 = EDGE_CURVE('',#14138,#14169,#14177,.T.);
#14177 = LINE('',#14178,#14179);
#14178 = CARTESIAN_POINT('',(441.9,0.,85.2));
#14179 = VECTOR('',#14180,1.);
#14180 = DIRECTION('',(0.707106781187,0.,-0.707106781187));
#14181 = PLANE('',#14182);
#14182 = AXIS2_PLACEMENT_3D('',#14183,#14184,#14185);
#14183 = CARTESIAN_POINT('',(441.9,0.,85.2));
#14184 = DIRECTION('',(-0.707106781187,0.,-0.707106781187));
#14185 = DIRECTION('',(0.707106781187,0.,-0.707106781187));
#14186 = ADVANCED_FACE('',(#14187),#14212,.F.);
#14187 = FACE_BOUND('',#14188,.F.);
#14188 = EDGE_LOOP('',(#14189,#14190,#14198,#14206));
#14189 = ORIENTED_EDGE('',*,*,#14168,.T.);
#14190 = ORIENTED_EDGE('',*,*,#14191,.T.);
#14191 = EDGE_CURVE('',#14161,#14192,#14194,.T.);
#14192 = VERTEX_POINT('',#14193);
#14193 = CARTESIAN_POINT('',(442.2,250.,84.));
#14194 = LINE('',#14195,#14196);
#14195 = CARTESIAN_POINT('',(442.2,250.,84.9));
#14196 = VECTOR('',#14197,1.);
#14197 = DIRECTION('',(0.,0.,-1.));
#14198 = ORIENTED_EDGE('',*,*,#14199,.F.);
#14199 = EDGE_CURVE('',#14200,#14192,#14202,.T.);
#14200 = VERTEX_POINT('',#14201);
#14201 = CARTESIAN_POINT('',(442.2,0.,84.));
#14202 = LINE('',#14203,#14204);
#14203 = CARTESIAN_POINT('',(442.2,0.,84.));
#14204 = VECTOR('',#14205,1.);
#14205 = DIRECTION('',(0.,1.,0.));
#14206 = ORIENTED_EDGE('',*,*,#14207,.F.);
#14207 = EDGE_CURVE('',#14169,#14200,#14208,.T.);
#14208 = LINE('',#14209,#14210);
#14209 = CARTESIAN_POINT('',(442.2,0.,84.9));
#14210 = VECTOR('',#14211,1.);
#14211 = DIRECTION('',(0.,0.,-1.));
#14212 = PLANE('',#14213);
#14213 = AXIS2_PLACEMENT_3D('',#14214,#14215,#14216);
#14214 = CARTESIAN_POINT('',(442.2,0.,84.9));
#14215 = DIRECTION('',(-1.,0.,0.));
#14216 = DIRECTION('',(0.,0.,-1.));
#14217 = ADVANCED_FACE('',(#14218),#14243,.F.);
#14218 = FACE_BOUND('',#14219,.F.);
#14219 = EDGE_LOOP('',(#14220,#14221,#14229,#14237));
#14220 = ORIENTED_EDGE('',*,*,#14199,.T.);
#14221 = ORIENTED_EDGE('',*,*,#14222,.T.);
#14222 = EDGE_CURVE('',#14192,#14223,#14225,.T.);
#14223 = VERTEX_POINT('',#14224);
#14224 = CARTESIAN_POINT('',(441.9,250.,83.7));
#14225 = LINE('',#14226,#14227);
#14226 = CARTESIAN_POINT('',(442.2,250.,84.));
#14227 = VECTOR('',#14228,1.);
#14228 = DIRECTION('',(-0.707106781186,0.,-0.707106781187));
#14229 = ORIENTED_EDGE('',*,*,#14230,.F.);
#14230 = EDGE_CURVE('',#14231,#14223,#14233,.T.);
#14231 = VERTEX_POINT('',#14232);
#14232 = CARTESIAN_POINT('',(441.9,0.,83.7));
#14233 = LINE('',#14234,#14235);
#14234 = CARTESIAN_POINT('',(441.9,0.,83.7));
#14235 = VECTOR('',#14236,1.);
#14236 = DIRECTION('',(0.,1.,0.));
#14237 = ORIENTED_EDGE('',*,*,#14238,.F.);
#14238 = EDGE_CURVE('',#14200,#14231,#14239,.T.);
#14239 = LINE('',#14240,#14241);
#14240 = CARTESIAN_POINT('',(442.2,0.,84.));
#14241 = VECTOR('',#14242,1.);
#14242 = DIRECTION('',(-0.707106781186,0.,-0.707106781187));
#14243 = PLANE('',#14244);
#14244 = AXIS2_PLACEMENT_3D('',#14245,#14246,#14247);
#14245 = CARTESIAN_POINT('',(442.2,0.,84.));
#14246 = DIRECTION('',(-0.707106781187,0.,0.707106781186));
#14247 = DIRECTION('',(-0.707106781186,0.,-0.707106781187));
#14248 = ADVANCED_FACE('',(#14249),#14274,.F.);
#14249 = FACE_BOUND('',#14250,.F.);
#14250 = EDGE_LOOP('',(#14251,#14252,#14260,#14268));
#14251 = ORIENTED_EDGE('',*,*,#14230,.T.);
#14252 = ORIENTED_EDGE('',*,*,#14253,.T.);
#14253 = EDGE_CURVE('',#14223,#14254,#14256,.T.);
#14254 = VERTEX_POINT('',#14255);
#14255 = CARTESIAN_POINT('',(440.8,250.,83.7));
#14256 = LINE('',#14257,#14258);
#14257 = CARTESIAN_POINT('',(441.9,250.,83.7));
#14258 = VECTOR('',#14259,1.);
#14259 = DIRECTION('',(-1.,0.,0.));
#14260 = ORIENTED_EDGE('',*,*,#14261,.F.);
#14261 = EDGE_CURVE('',#14262,#14254,#14264,.T.);
#14262 = VERTEX_POINT('',#14263);
#14263 = CARTESIAN_POINT('',(440.8,0.,83.7));
#14264 = LINE('',#14265,#14266);
#14265 = CARTESIAN_POINT('',(440.8,0.,83.7));
#14266 = VECTOR('',#14267,1.);
#14267 = DIRECTION('',(0.,1.,0.));
#14268 = ORIENTED_EDGE('',*,*,#14269,.F.);
#14269 = EDGE_CURVE('',#14231,#14262,#14270,.T.);
#14270 = LINE('',#14271,#14272);
#14271 = CARTESIAN_POINT('',(441.9,0.,83.7));
#14272 = VECTOR('',#14273,1.);
#14273 = DIRECTION('',(-1.,0.,0.));
#14274 = PLANE('',#14275);
#14275 = AXIS2_PLACEMENT_3D('',#14276,#14277,#14278);
#14276 = CARTESIAN_POINT('',(441.9,0.,83.7));
#14277 = DIRECTION('',(0.,-0.,1.));
#14278 = DIRECTION('',(-1.,0.,0.));
#14279 = ADVANCED_FACE('',(#14280),#14305,.F.);
#14280 = FACE_BOUND('',#14281,.F.);
#14281 = EDGE_LOOP('',(#14282,#14283,#14291,#14299));
#14282 = ORIENTED_EDGE('',*,*,#14261,.T.);
#14283 = ORIENTED_EDGE('',*,*,#14284,.T.);
#14284 = EDGE_CURVE('',#14254,#14285,#14287,.T.);
#14285 = VERTEX_POINT('',#14286);
#14286 = CARTESIAN_POINT('',(440.8,250.,81.7));
#14287 = LINE('',#14288,#14289);
#14288 = CARTESIAN_POINT('',(440.8,250.,83.7));
#14289 = VECTOR('',#14290,1.);
#14290 = DIRECTION('',(0.,0.,-1.));
#14291 = ORIENTED_EDGE('',*,*,#14292,.F.);
#14292 = EDGE_CURVE('',#14293,#14285,#14295,.T.);
#14293 = VERTEX_POINT('',#14294);
#14294 = CARTESIAN_POINT('',(440.8,0.,81.7));
#14295 = LINE('',#14296,#14297);
#14296 = CARTESIAN_POINT('',(440.8,0.,81.7));
#14297 = VECTOR('',#14298,1.);
#14298 = DIRECTION('',(0.,1.,0.));
#14299 = ORIENTED_EDGE('',*,*,#14300,.F.);
#14300 = EDGE_CURVE('',#14262,#14293,#14301,.T.);
#14301 = LINE('',#14302,#14303);
#14302 = CARTESIAN_POINT('',(440.8,0.,83.7));
#14303 = VECTOR('',#14304,1.);
#14304 = DIRECTION('',(0.,0.,-1.));
#14305 = PLANE('',#14306);
#14306 = AXIS2_PLACEMENT_3D('',#14307,#14308,#14309);
#14307 = CARTESIAN_POINT('',(440.8,0.,83.7));
#14308 = DIRECTION('',(-1.,0.,0.));
#14309 = DIRECTION('',(0.,0.,-1.));
#14310 = ADVANCED_FACE('',(#14311),#14336,.F.);
#14311 = FACE_BOUND('',#14312,.F.);
#14312 = EDGE_LOOP('',(#14313,#14314,#14322,#14330));
#14313 = ORIENTED_EDGE('',*,*,#14292,.T.);
#14314 = ORIENTED_EDGE('',*,*,#14315,.T.);
#14315 = EDGE_CURVE('',#14285,#14316,#14318,.T.);
#14316 = VERTEX_POINT('',#14317);
#14317 = CARTESIAN_POINT('',(442.2,250.,81.7));
#14318 = LINE('',#14319,#14320);
#14319 = CARTESIAN_POINT('',(440.8,250.,81.7));
#14320 = VECTOR('',#14321,1.);
#14321 = DIRECTION('',(1.,0.,0.));
#14322 = ORIENTED_EDGE('',*,*,#14323,.F.);
#14323 = EDGE_CURVE('',#14324,#14316,#14326,.T.);
#14324 = VERTEX_POINT('',#14325);
#14325 = CARTESIAN_POINT('',(442.2,0.,81.7));
#14326 = LINE('',#14327,#14328);
#14327 = CARTESIAN_POINT('',(442.2,0.,81.7));
#14328 = VECTOR('',#14329,1.);
#14329 = DIRECTION('',(0.,1.,0.));
#14330 = ORIENTED_EDGE('',*,*,#14331,.F.);
#14331 = EDGE_CURVE('',#14293,#14324,#14332,.T.);
#14332 = LINE('',#14333,#14334);
#14333 = CARTESIAN_POINT('',(440.8,0.,81.7));
#14334 = VECTOR('',#14335,1.);
#14335 = DIRECTION('',(1.,0.,0.));
#14336 = PLANE('',#14337);
#14337 = AXIS2_PLACEMENT_3D('',#14338,#14339,#14340);
#14338 = CARTESIAN_POINT('',(440.8,0.,81.7));
#14339 = DIRECTION('',(0.,0.,-1.));
#14340 = DIRECTION('',(1.,0.,0.));
#14341 = ADVANCED_FACE('',(#14342),#14367,.F.);
#14342 = FACE_BOUND('',#14343,.F.);
#14343 = EDGE_LOOP('',(#14344,#14345,#14353,#14361));
#14344 = ORIENTED_EDGE('',*,*,#14323,.T.);
#14345 = ORIENTED_EDGE('',*,*,#14346,.T.);
#14346 = EDGE_CURVE('',#14316,#14347,#14349,.T.);
#14347 = VERTEX_POINT('',#14348);
#14348 = CARTESIAN_POINT('',(442.2,250.,81.5));
#14349 = LINE('',#14350,#14351);
#14350 = CARTESIAN_POINT('',(442.2,250.,81.7));
#14351 = VECTOR('',#14352,1.);
#14352 = DIRECTION('',(0.,0.,-1.));
#14353 = ORIENTED_EDGE('',*,*,#14354,.F.);
#14354 = EDGE_CURVE('',#14355,#14347,#14357,.T.);
#14355 = VERTEX_POINT('',#14356);
#14356 = CARTESIAN_POINT('',(442.2,0.,81.5));
#14357 = LINE('',#14358,#14359);
#14358 = CARTESIAN_POINT('',(442.2,0.,81.5));
#14359 = VECTOR('',#14360,1.);
#14360 = DIRECTION('',(0.,1.,0.));
#14361 = ORIENTED_EDGE('',*,*,#14362,.F.);
#14362 = EDGE_CURVE('',#14324,#14355,#14363,.T.);
#14363 = LINE('',#14364,#14365);
#14364 = CARTESIAN_POINT('',(442.2,0.,81.7));
#14365 = VECTOR('',#14366,1.);
#14366 = DIRECTION('',(0.,0.,-1.));
#14367 = PLANE('',#14368);
#14368 = AXIS2_PLACEMENT_3D('',#14369,#14370,#14371);
#14369 = CARTESIAN_POINT('',(442.2,0.,81.7));
#14370 = DIRECTION('',(-1.,0.,0.));
#14371 = DIRECTION('',(0.,0.,-1.));
#14372 = ADVANCED_FACE('',(#14373),#14398,.F.);
#14373 = FACE_BOUND('',#14374,.F.);
#14374 = EDGE_LOOP('',(#14375,#14376,#14384,#14392));
#14375 = ORIENTED_EDGE('',*,*,#14354,.T.);
#14376 = ORIENTED_EDGE('',*,*,#14377,.T.);
#14377 = EDGE_CURVE('',#14347,#14378,#14380,.T.);
#14378 = VERTEX_POINT('',#14379);
#14379 = CARTESIAN_POINT('',(442.5,250.,81.2));
#14380 = LINE('',#14381,#14382);
#14381 = CARTESIAN_POINT('',(442.2,250.,81.5));
#14382 = VECTOR('',#14383,1.);
#14383 = DIRECTION('',(0.707106781187,0.,-0.707106781187));
#14384 = ORIENTED_EDGE('',*,*,#14385,.F.);
#14385 = EDGE_CURVE('',#14386,#14378,#14388,.T.);
#14386 = VERTEX_POINT('',#14387);
#14387 = CARTESIAN_POINT('',(442.5,0.,81.2));
#14388 = LINE('',#14389,#14390);
#14389 = CARTESIAN_POINT('',(442.5,0.,81.2));
#14390 = VECTOR('',#14391,1.);
#14391 = DIRECTION('',(0.,1.,0.));
#14392 = ORIENTED_EDGE('',*,*,#14393,.F.);
#14393 = EDGE_CURVE('',#14355,#14386,#14394,.T.);
#14394 = LINE('',#14395,#14396);
#14395 = CARTESIAN_POINT('',(442.2,0.,81.5));
#14396 = VECTOR('',#14397,1.);
#14397 = DIRECTION('',(0.707106781187,0.,-0.707106781187));
#14398 = PLANE('',#14399);
#14399 = AXIS2_PLACEMENT_3D('',#14400,#14401,#14402);
#14400 = CARTESIAN_POINT('',(442.2,0.,81.5));
#14401 = DIRECTION('',(-0.707106781187,0.,-0.707106781187));
#14402 = DIRECTION('',(0.707106781187,0.,-0.707106781187));
#14403 = ADVANCED_FACE('',(#14404),#14429,.F.);
#14404 = FACE_BOUND('',#14405,.F.);
#14405 = EDGE_LOOP('',(#14406,#14407,#14415,#14423));
#14406 = ORIENTED_EDGE('',*,*,#14385,.T.);
#14407 = ORIENTED_EDGE('',*,*,#14408,.T.);
#14408 = EDGE_CURVE('',#14378,#14409,#14411,.T.);
#14409 = VERTEX_POINT('',#14410);
#14410 = CARTESIAN_POINT('',(445.1,250.,81.2));
#14411 = LINE('',#14412,#14413);
#14412 = CARTESIAN_POINT('',(442.5,250.,81.2));
#14413 = VECTOR('',#14414,1.);
#14414 = DIRECTION('',(1.,0.,0.));
#14415 = ORIENTED_EDGE('',*,*,#14416,.F.);
#14416 = EDGE_CURVE('',#14417,#14409,#14419,.T.);
#14417 = VERTEX_POINT('',#14418);
#14418 = CARTESIAN_POINT('',(445.1,0.,81.2));
#14419 = LINE('',#14420,#14421);
#14420 = CARTESIAN_POINT('',(445.1,0.,81.2));
#14421 = VECTOR('',#14422,1.);
#14422 = DIRECTION('',(0.,1.,0.));
#14423 = ORIENTED_EDGE('',*,*,#14424,.F.);
#14424 = EDGE_CURVE('',#14386,#14417,#14425,.T.);
#14425 = LINE('',#14426,#14427);
#14426 = CARTESIAN_POINT('',(442.5,0.,81.2));
#14427 = VECTOR('',#14428,1.);
#14428 = DIRECTION('',(1.,0.,0.));
#14429 = PLANE('',#14430);
#14430 = AXIS2_PLACEMENT_3D('',#14431,#14432,#14433);
#14431 = CARTESIAN_POINT('',(442.5,0.,81.2));
#14432 = DIRECTION('',(0.,0.,-1.));
#14433 = DIRECTION('',(1.,0.,0.));
#14434 = ADVANCED_FACE('',(#14435),#14460,.F.);
#14435 = FACE_BOUND('',#14436,.F.);
#14436 = EDGE_LOOP('',(#14437,#14438,#14446,#14454));
#14437 = ORIENTED_EDGE('',*,*,#14416,.T.);
#14438 = ORIENTED_EDGE('',*,*,#14439,.T.);
#14439 = EDGE_CURVE('',#14409,#14440,#14442,.T.);
#14440 = VERTEX_POINT('',#14441);
#14441 = CARTESIAN_POINT('',(445.4,250.,81.5));
#14442 = LINE('',#14443,#14444);
#14443 = CARTESIAN_POINT('',(445.1,250.,81.2));
#14444 = VECTOR('',#14445,1.);
#14445 = DIRECTION('',(0.707106781187,0.,0.707106781187));
#14446 = ORIENTED_EDGE('',*,*,#14447,.F.);
#14447 = EDGE_CURVE('',#14448,#14440,#14450,.T.);
#14448 = VERTEX_POINT('',#14449);
#14449 = CARTESIAN_POINT('',(445.4,0.,81.5));
#14450 = LINE('',#14451,#14452);
#14451 = CARTESIAN_POINT('',(445.4,0.,81.5));
#14452 = VECTOR('',#14453,1.);
#14453 = DIRECTION('',(0.,1.,0.));
#14454 = ORIENTED_EDGE('',*,*,#14455,.F.);
#14455 = EDGE_CURVE('',#14417,#14448,#14456,.T.);
#14456 = LINE('',#14457,#14458);
#14457 = CARTESIAN_POINT('',(445.1,0.,81.2));
#14458 = VECTOR('',#14459,1.);
#14459 = DIRECTION('',(0.707106781187,0.,0.707106781187));
#14460 = PLANE('',#14461);
#14461 = AXIS2_PLACEMENT_3D('',#14462,#14463,#14464);
#14462 = CARTESIAN_POINT('',(445.1,0.,81.2));
#14463 = DIRECTION('',(0.707106781187,0.,-0.707106781187));
#14464 = DIRECTION('',(0.707106781187,0.,0.707106781187));
#14465 = ADVANCED_FACE('',(#14466),#14491,.F.);
#14466 = FACE_BOUND('',#14467,.F.);
#14467 = EDGE_LOOP('',(#14468,#14469,#14477,#14485));
#14468 = ORIENTED_EDGE('',*,*,#14447,.T.);
#14469 = ORIENTED_EDGE('',*,*,#14470,.T.);
#14470 = EDGE_CURVE('',#14440,#14471,#14473,.T.);
#14471 = VERTEX_POINT('',#14472);
#14472 = CARTESIAN_POINT('',(445.4,250.,81.7));
#14473 = LINE('',#14474,#14475);
#14474 = CARTESIAN_POINT('',(445.4,250.,81.5));
#14475 = VECTOR('',#14476,1.);
#14476 = DIRECTION('',(0.,0.,1.));
#14477 = ORIENTED_EDGE('',*,*,#14478,.F.);
#14478 = EDGE_CURVE('',#14479,#14471,#14481,.T.);
#14479 = VERTEX_POINT('',#14480);
#14480 = CARTESIAN_POINT('',(445.4,0.,81.7));
#14481 = LINE('',#14482,#14483);
#14482 = CARTESIAN_POINT('',(445.4,0.,81.7));
#14483 = VECTOR('',#14484,1.);
#14484 = DIRECTION('',(0.,1.,0.));
#14485 = ORIENTED_EDGE('',*,*,#14486,.F.);
#14486 = EDGE_CURVE('',#14448,#14479,#14487,.T.);
#14487 = LINE('',#14488,#14489);
#14488 = CARTESIAN_POINT('',(445.4,0.,81.5));
#14489 = VECTOR('',#14490,1.);
#14490 = DIRECTION('',(0.,0.,1.));
#14491 = PLANE('',#14492);
#14492 = AXIS2_PLACEMENT_3D('',#14493,#14494,#14495);
#14493 = CARTESIAN_POINT('',(445.4,0.,81.5));
#14494 = DIRECTION('',(1.,0.,0.));
#14495 = DIRECTION('',(0.,0.,1.));
#14496 = ADVANCED_FACE('',(#14497),#14522,.F.);
#14497 = FACE_BOUND('',#14498,.F.);
#14498 = EDGE_LOOP('',(#14499,#14500,#14508,#14516));
#14499 = ORIENTED_EDGE('',*,*,#14478,.T.);
#14500 = ORIENTED_EDGE('',*,*,#14501,.T.);
#14501 = EDGE_CURVE('',#14471,#14502,#14504,.T.);
#14502 = VERTEX_POINT('',#14503);
#14503 = CARTESIAN_POINT('',(446.8,250.,81.7));
#14504 = LINE('',#14505,#14506);
#14505 = CARTESIAN_POINT('',(445.4,250.,81.7));
#14506 = VECTOR('',#14507,1.);
#14507 = DIRECTION('',(1.,0.,0.));
#14508 = ORIENTED_EDGE('',*,*,#14509,.F.);
#14509 = EDGE_CURVE('',#14510,#14502,#14512,.T.);
#14510 = VERTEX_POINT('',#14511);
#14511 = CARTESIAN_POINT('',(446.8,0.,81.7));
#14512 = LINE('',#14513,#14514);
#14513 = CARTESIAN_POINT('',(446.8,0.,81.7));
#14514 = VECTOR('',#14515,1.);
#14515 = DIRECTION('',(0.,1.,0.));
#14516 = ORIENTED_EDGE('',*,*,#14517,.F.);
#14517 = EDGE_CURVE('',#14479,#14510,#14518,.T.);
#14518 = LINE('',#14519,#14520);
#14519 = CARTESIAN_POINT('',(445.4,0.,81.7));
#14520 = VECTOR('',#14521,1.);
#14521 = DIRECTION('',(1.,0.,0.));
#14522 = PLANE('',#14523);
#14523 = AXIS2_PLACEMENT_3D('',#14524,#14525,#14526);
#14524 = CARTESIAN_POINT('',(445.4,0.,81.7));
#14525 = DIRECTION('',(0.,0.,-1.));
#14526 = DIRECTION('',(1.,0.,0.));
#14527 = ADVANCED_FACE('',(#14528),#14553,.F.);
#14528 = FACE_BOUND('',#14529,.F.);
#14529 = EDGE_LOOP('',(#14530,#14531,#14539,#14547));
#14530 = ORIENTED_EDGE('',*,*,#14509,.T.);
#14531 = ORIENTED_EDGE('',*,*,#14532,.T.);
#14532 = EDGE_CURVE('',#14502,#14533,#14535,.T.);
#14533 = VERTEX_POINT('',#14534);
#14534 = CARTESIAN_POINT('',(446.8,250.,83.7));
#14535 = LINE('',#14536,#14537);
#14536 = CARTESIAN_POINT('',(446.8,250.,81.7));
#14537 = VECTOR('',#14538,1.);
#14538 = DIRECTION('',(0.,0.,1.));
#14539 = ORIENTED_EDGE('',*,*,#14540,.F.);
#14540 = EDGE_CURVE('',#14541,#14533,#14543,.T.);
#14541 = VERTEX_POINT('',#14542);
#14542 = CARTESIAN_POINT('',(446.8,0.,83.7));
#14543 = LINE('',#14544,#14545);
#14544 = CARTESIAN_POINT('',(446.8,0.,83.7));
#14545 = VECTOR('',#14546,1.);
#14546 = DIRECTION('',(0.,1.,0.));
#14547 = ORIENTED_EDGE('',*,*,#14548,.F.);
#14548 = EDGE_CURVE('',#14510,#14541,#14549,.T.);
#14549 = LINE('',#14550,#14551);
#14550 = CARTESIAN_POINT('',(446.8,0.,81.7));
#14551 = VECTOR('',#14552,1.);
#14552 = DIRECTION('',(0.,0.,1.));
#14553 = PLANE('',#14554);
#14554 = AXIS2_PLACEMENT_3D('',#14555,#14556,#14557);
#14555 = CARTESIAN_POINT('',(446.8,0.,81.7));
#14556 = DIRECTION('',(1.,0.,0.));
#14557 = DIRECTION('',(0.,0.,1.));
#14558 = ADVANCED_FACE('',(#14559),#14584,.F.);
#14559 = FACE_BOUND('',#14560,.F.);
#14560 = EDGE_LOOP('',(#14561,#14562,#14570,#14578));
#14561 = ORIENTED_EDGE('',*,*,#14540,.T.);
#14562 = ORIENTED_EDGE('',*,*,#14563,.T.);
#14563 = EDGE_CURVE('',#14533,#14564,#14566,.T.);
#14564 = VERTEX_POINT('',#14565);
#14565 = CARTESIAN_POINT('',(445.7,250.,83.7));
#14566 = LINE('',#14567,#14568);
#14567 = CARTESIAN_POINT('',(446.8,250.,83.7));
#14568 = VECTOR('',#14569,1.);
#14569 = DIRECTION('',(-1.,0.,0.));
#14570 = ORIENTED_EDGE('',*,*,#14571,.F.);
#14571 = EDGE_CURVE('',#14572,#14564,#14574,.T.);
#14572 = VERTEX_POINT('',#14573);
#14573 = CARTESIAN_POINT('',(445.7,0.,83.7));
#14574 = LINE('',#14575,#14576);
#14575 = CARTESIAN_POINT('',(445.7,0.,83.7));
#14576 = VECTOR('',#14577,1.);
#14577 = DIRECTION('',(0.,1.,0.));
#14578 = ORIENTED_EDGE('',*,*,#14579,.F.);
#14579 = EDGE_CURVE('',#14541,#14572,#14580,.T.);
#14580 = LINE('',#14581,#14582);
#14581 = CARTESIAN_POINT('',(446.8,0.,83.7));
#14582 = VECTOR('',#14583,1.);
#14583 = DIRECTION('',(-1.,0.,0.));
#14584 = PLANE('',#14585);
#14585 = AXIS2_PLACEMENT_3D('',#14586,#14587,#14588);
#14586 = CARTESIAN_POINT('',(446.8,0.,83.7));
#14587 = DIRECTION('',(0.,-0.,1.));
#14588 = DIRECTION('',(-1.,0.,0.));
#14589 = ADVANCED_FACE('',(#14590),#14615,.F.);
#14590 = FACE_BOUND('',#14591,.F.);
#14591 = EDGE_LOOP('',(#14592,#14593,#14601,#14609));
#14592 = ORIENTED_EDGE('',*,*,#14571,.T.);
#14593 = ORIENTED_EDGE('',*,*,#14594,.T.);
#14594 = EDGE_CURVE('',#14564,#14595,#14597,.T.);
#14595 = VERTEX_POINT('',#14596);
#14596 = CARTESIAN_POINT('',(445.4,250.,84.));
#14597 = LINE('',#14598,#14599);
#14598 = CARTESIAN_POINT('',(445.7,250.,83.7));
#14599 = VECTOR('',#14600,1.);
#14600 = DIRECTION('',(-0.707106781186,0.,0.707106781187));
#14601 = ORIENTED_EDGE('',*,*,#14602,.F.);
#14602 = EDGE_CURVE('',#14603,#14595,#14605,.T.);
#14603 = VERTEX_POINT('',#14604);
#14604 = CARTESIAN_POINT('',(445.4,0.,84.));
#14605 = LINE('',#14606,#14607);
#14606 = CARTESIAN_POINT('',(445.4,0.,84.));
#14607 = VECTOR('',#14608,1.);
#14608 = DIRECTION('',(0.,1.,0.));
#14609 = ORIENTED_EDGE('',*,*,#14610,.F.);
#14610 = EDGE_CURVE('',#14572,#14603,#14611,.T.);
#14611 = LINE('',#14612,#14613);
#14612 = CARTESIAN_POINT('',(445.7,0.,83.7));
#14613 = VECTOR('',#14614,1.);
#14614 = DIRECTION('',(-0.707106781186,0.,0.707106781187));
#14615 = PLANE('',#14616);
#14616 = AXIS2_PLACEMENT_3D('',#14617,#14618,#14619);
#14617 = CARTESIAN_POINT('',(445.7,0.,83.7));
#14618 = DIRECTION('',(0.707106781187,-0.,0.707106781186));
#14619 = DIRECTION('',(-0.707106781186,0.,0.707106781187));
#14620 = ADVANCED_FACE('',(#14621),#14646,.F.);
#14621 = FACE_BOUND('',#14622,.F.);
#14622 = EDGE_LOOP('',(#14623,#14624,#14632,#14640));
#14623 = ORIENTED_EDGE('',*,*,#14602,.T.);
#14624 = ORIENTED_EDGE('',*,*,#14625,.T.);
#14625 = EDGE_CURVE('',#14595,#14626,#14628,.T.);
#14626 = VERTEX_POINT('',#14627);
#14627 = CARTESIAN_POINT('',(445.4,250.,84.9));
#14628 = LINE('',#14629,#14630);
#14629 = CARTESIAN_POINT('',(445.4,250.,84.));
#14630 = VECTOR('',#14631,1.);
#14631 = DIRECTION('',(0.,0.,1.));
#14632 = ORIENTED_EDGE('',*,*,#14633,.F.);
#14633 = EDGE_CURVE('',#14634,#14626,#14636,.T.);
#14634 = VERTEX_POINT('',#14635);
#14635 = CARTESIAN_POINT('',(445.4,0.,84.9));
#14636 = LINE('',#14637,#14638);
#14637 = CARTESIAN_POINT('',(445.4,0.,84.9));
#14638 = VECTOR('',#14639,1.);
#14639 = DIRECTION('',(0.,1.,0.));
#14640 = ORIENTED_EDGE('',*,*,#14641,.F.);
#14641 = EDGE_CURVE('',#14603,#14634,#14642,.T.);
#14642 = LINE('',#14643,#14644);
#14643 = CARTESIAN_POINT('',(445.4,0.,84.));
#14644 = VECTOR('',#14645,1.);
#14645 = DIRECTION('',(0.,0.,1.));
#14646 = PLANE('',#14647);
#14647 = AXIS2_PLACEMENT_3D('',#14648,#14649,#14650);
#14648 = CARTESIAN_POINT('',(445.4,0.,84.));
#14649 = DIRECTION('',(1.,0.,0.));
#14650 = DIRECTION('',(0.,0.,1.));
#14651 = ADVANCED_FACE('',(#14652),#14677,.F.);
#14652 = FACE_BOUND('',#14653,.F.);
#14653 = EDGE_LOOP('',(#14654,#14655,#14663,#14671));
#14654 = ORIENTED_EDGE('',*,*,#14633,.T.);
#14655 = ORIENTED_EDGE('',*,*,#14656,.T.);
#14656 = EDGE_CURVE('',#14626,#14657,#14659,.T.);
#14657 = VERTEX_POINT('',#14658);
#14658 = CARTESIAN_POINT('',(445.7,250.,85.2));
#14659 = LINE('',#14660,#14661);
#14660 = CARTESIAN_POINT('',(445.4,250.,84.9));
#14661 = VECTOR('',#14662,1.);
#14662 = DIRECTION('',(0.707106781187,0.,0.707106781187));
#14663 = ORIENTED_EDGE('',*,*,#14664,.F.);
#14664 = EDGE_CURVE('',#14665,#14657,#14667,.T.);
#14665 = VERTEX_POINT('',#14666);
#14666 = CARTESIAN_POINT('',(445.7,0.,85.2));
#14667 = LINE('',#14668,#14669);
#14668 = CARTESIAN_POINT('',(445.7,0.,85.2));
#14669 = VECTOR('',#14670,1.);
#14670 = DIRECTION('',(0.,1.,0.));
#14671 = ORIENTED_EDGE('',*,*,#14672,.F.);
#14672 = EDGE_CURVE('',#14634,#14665,#14673,.T.);
#14673 = LINE('',#14674,#14675);
#14674 = CARTESIAN_POINT('',(445.4,0.,84.9));
#14675 = VECTOR('',#14676,1.);
#14676 = DIRECTION('',(0.707106781187,0.,0.707106781187));
#14677 = PLANE('',#14678);
#14678 = AXIS2_PLACEMENT_3D('',#14679,#14680,#14681);
#14679 = CARTESIAN_POINT('',(445.4,0.,84.9));
#14680 = DIRECTION('',(0.707106781187,0.,-0.707106781187));
#14681 = DIRECTION('',(0.707106781187,0.,0.707106781187));
#14682 = ADVANCED_FACE('',(#14683),#14708,.F.);
#14683 = FACE_BOUND('',#14684,.F.);
#14684 = EDGE_LOOP('',(#14685,#14686,#14694,#14702));
#14685 = ORIENTED_EDGE('',*,*,#14664,.T.);
#14686 = ORIENTED_EDGE('',*,*,#14687,.T.);
#14687 = EDGE_CURVE('',#14657,#14688,#14690,.T.);
#14688 = VERTEX_POINT('',#14689);
#14689 = CARTESIAN_POINT('',(449.8,250.,85.2));
#14690 = LINE('',#14691,#14692);
#14691 = CARTESIAN_POINT('',(445.7,250.,85.2));
#14692 = VECTOR('',#14693,1.);
#14693 = DIRECTION('',(1.,0.,0.));
#14694 = ORIENTED_EDGE('',*,*,#14695,.F.);
#14695 = EDGE_CURVE('',#14696,#14688,#14698,.T.);
#14696 = VERTEX_POINT('',#14697);
#14697 = CARTESIAN_POINT('',(449.8,0.,85.2));
#14698 = LINE('',#14699,#14700);
#14699 = CARTESIAN_POINT('',(449.8,0.,85.2));
#14700 = VECTOR('',#14701,1.);
#14701 = DIRECTION('',(0.,1.,0.));
#14702 = ORIENTED_EDGE('',*,*,#14703,.F.);
#14703 = EDGE_CURVE('',#14665,#14696,#14704,.T.);
#14704 = LINE('',#14705,#14706);
#14705 = CARTESIAN_POINT('',(445.7,0.,85.2));
#14706 = VECTOR('',#14707,1.);
#14707 = DIRECTION('',(1.,0.,0.));
#14708 = PLANE('',#14709);
#14709 = AXIS2_PLACEMENT_3D('',#14710,#14711,#14712);
#14710 = CARTESIAN_POINT('',(445.7,0.,85.2));
#14711 = DIRECTION('',(0.,0.,-1.));
#14712 = DIRECTION('',(1.,0.,0.));
#14713 = ADVANCED_FACE('',(#14714),#14739,.F.);
#14714 = FACE_BOUND('',#14715,.F.);
#14715 = EDGE_LOOP('',(#14716,#14717,#14725,#14733));
#14716 = ORIENTED_EDGE('',*,*,#14695,.T.);
#14717 = ORIENTED_EDGE('',*,*,#14718,.T.);
#14718 = EDGE_CURVE('',#14688,#14719,#14721,.T.);
#14719 = VERTEX_POINT('',#14720);
#14720 = CARTESIAN_POINT('',(449.8,250.,86.8));
#14721 = LINE('',#14722,#14723);
#14722 = CARTESIAN_POINT('',(449.8,250.,85.2));
#14723 = VECTOR('',#14724,1.);
#14724 = DIRECTION('',(0.,0.,1.));
#14725 = ORIENTED_EDGE('',*,*,#14726,.F.);
#14726 = EDGE_CURVE('',#14727,#14719,#14729,.T.);
#14727 = VERTEX_POINT('',#14728);
#14728 = CARTESIAN_POINT('',(449.8,0.,86.8));
#14729 = LINE('',#14730,#14731);
#14730 = CARTESIAN_POINT('',(449.8,0.,86.8));
#14731 = VECTOR('',#14732,1.);
#14732 = DIRECTION('',(0.,1.,0.));
#14733 = ORIENTED_EDGE('',*,*,#14734,.F.);
#14734 = EDGE_CURVE('',#14696,#14727,#14735,.T.);
#14735 = LINE('',#14736,#14737);
#14736 = CARTESIAN_POINT('',(449.8,0.,85.2));
#14737 = VECTOR('',#14738,1.);
#14738 = DIRECTION('',(0.,0.,1.));
#14739 = PLANE('',#14740);
#14740 = AXIS2_PLACEMENT_3D('',#14741,#14742,#14743);
#14741 = CARTESIAN_POINT('',(449.8,0.,85.2));
#14742 = DIRECTION('',(1.,0.,0.));
#14743 = DIRECTION('',(0.,0.,1.));
#14744 = ADVANCED_FACE('',(#14745),#14770,.F.);
#14745 = FACE_BOUND('',#14746,.F.);
#14746 = EDGE_LOOP('',(#14747,#14748,#14756,#14764));
#14747 = ORIENTED_EDGE('',*,*,#14726,.T.);
#14748 = ORIENTED_EDGE('',*,*,#14749,.T.);
#14749 = EDGE_CURVE('',#14719,#14750,#14752,.T.);
#14750 = VERTEX_POINT('',#14751);
#14751 = CARTESIAN_POINT('',(446.8,250.,86.8));
#14752 = LINE('',#14753,#14754);
#14753 = CARTESIAN_POINT('',(449.8,250.,86.8));
#14754 = VECTOR('',#14755,1.);
#14755 = DIRECTION('',(-1.,0.,0.));
#14756 = ORIENTED_EDGE('',*,*,#14757,.F.);
#14757 = EDGE_CURVE('',#14758,#14750,#14760,.T.);
#14758 = VERTEX_POINT('',#14759);
#14759 = CARTESIAN_POINT('',(446.8,0.,86.8));
#14760 = LINE('',#14761,#14762);
#14761 = CARTESIAN_POINT('',(446.8,0.,86.8));
#14762 = VECTOR('',#14763,1.);
#14763 = DIRECTION('',(0.,1.,0.));
#14764 = ORIENTED_EDGE('',*,*,#14765,.F.);
#14765 = EDGE_CURVE('',#14727,#14758,#14766,.T.);
#14766 = LINE('',#14767,#14768);
#14767 = CARTESIAN_POINT('',(449.8,0.,86.8));
#14768 = VECTOR('',#14769,1.);
#14769 = DIRECTION('',(-1.,0.,0.));
#14770 = PLANE('',#14771);
#14771 = AXIS2_PLACEMENT_3D('',#14772,#14773,#14774);
#14772 = CARTESIAN_POINT('',(449.8,0.,86.8));
#14773 = DIRECTION('',(0.,-0.,1.));
#14774 = DIRECTION('',(-1.,0.,0.));
#14775 = ADVANCED_FACE('',(#14776),#14801,.F.);
#14776 = FACE_BOUND('',#14777,.F.);
#14777 = EDGE_LOOP('',(#14778,#14779,#14787,#14795));
#14778 = ORIENTED_EDGE('',*,*,#14757,.T.);
#14779 = ORIENTED_EDGE('',*,*,#14780,.T.);
#14780 = EDGE_CURVE('',#14750,#14781,#14783,.T.);
#14781 = VERTEX_POINT('',#14782);
#14782 = CARTESIAN_POINT('',(446.8,250.,87.2));
#14783 = LINE('',#14784,#14785);
#14784 = CARTESIAN_POINT('',(446.8,250.,86.8));
#14785 = VECTOR('',#14786,1.);
#14786 = DIRECTION('',(0.,0.,1.));
#14787 = ORIENTED_EDGE('',*,*,#14788,.F.);
#14788 = EDGE_CURVE('',#14789,#14781,#14791,.T.);
#14789 = VERTEX_POINT('',#14790);
#14790 = CARTESIAN_POINT('',(446.8,0.,87.2));
#14791 = LINE('',#14792,#14793);
#14792 = CARTESIAN_POINT('',(446.8,0.,87.2));
#14793 = VECTOR('',#14794,1.);
#14794 = DIRECTION('',(0.,1.,0.));
#14795 = ORIENTED_EDGE('',*,*,#14796,.F.);
#14796 = EDGE_CURVE('',#14758,#14789,#14797,.T.);
#14797 = LINE('',#14798,#14799);
#14798 = CARTESIAN_POINT('',(446.8,0.,86.8));
#14799 = VECTOR('',#14800,1.);
#14800 = DIRECTION('',(0.,0.,1.));
#14801 = PLANE('',#14802);
#14802 = AXIS2_PLACEMENT_3D('',#14803,#14804,#14805);
#14803 = CARTESIAN_POINT('',(446.8,0.,86.8));
#14804 = DIRECTION('',(1.,0.,0.));
#14805 = DIRECTION('',(0.,0.,1.));
#14806 = ADVANCED_FACE('',(#14807),#14832,.F.);
#14807 = FACE_BOUND('',#14808,.F.);
#14808 = EDGE_LOOP('',(#14809,#14810,#14818,#14826));
#14809 = ORIENTED_EDGE('',*,*,#14788,.T.);
#14810 = ORIENTED_EDGE('',*,*,#14811,.T.);
#14811 = EDGE_CURVE('',#14781,#14812,#14814,.T.);
#14812 = VERTEX_POINT('',#14813);
#14813 = CARTESIAN_POINT('',(446.8,250.,87.4));
#14814 = LINE('',#14815,#14816);
#14815 = CARTESIAN_POINT('',(446.8,250.,87.2));
#14816 = VECTOR('',#14817,1.);
#14817 = DIRECTION('',(0.,0.,1.));
#14818 = ORIENTED_EDGE('',*,*,#14819,.F.);
#14819 = EDGE_CURVE('',#14820,#14812,#14822,.T.);
#14820 = VERTEX_POINT('',#14821);
#14821 = CARTESIAN_POINT('',(446.8,0.,87.4));
#14822 = LINE('',#14823,#14824);
#14823 = CARTESIAN_POINT('',(446.8,0.,87.4));
#14824 = VECTOR('',#14825,1.);
#14825 = DIRECTION('',(0.,1.,0.));
#14826 = ORIENTED_EDGE('',*,*,#14827,.F.);
#14827 = EDGE_CURVE('',#14789,#14820,#14828,.T.);
#14828 = LINE('',#14829,#14830);
#14829 = CARTESIAN_POINT('',(446.8,0.,87.2));
#14830 = VECTOR('',#14831,1.);
#14831 = DIRECTION('',(0.,0.,1.));
#14832 = PLANE('',#14833);
#14833 = AXIS2_PLACEMENT_3D('',#14834,#14835,#14836);
#14834 = CARTESIAN_POINT('',(446.8,0.,87.2));
#14835 = DIRECTION('',(1.,0.,0.));
#14836 = DIRECTION('',(0.,0.,1.));
#14837 = ADVANCED_FACE('',(#14838),#14863,.F.);
#14838 = FACE_BOUND('',#14839,.F.);
#14839 = EDGE_LOOP('',(#14840,#14841,#14849,#14857));
#14840 = ORIENTED_EDGE('',*,*,#14819,.T.);
#14841 = ORIENTED_EDGE('',*,*,#14842,.T.);
#14842 = EDGE_CURVE('',#14812,#14843,#14845,.T.);
#14843 = VERTEX_POINT('',#14844);
#14844 = CARTESIAN_POINT('',(447.6,250.,88.2));
#14845 = LINE('',#14846,#14847);
#14846 = CARTESIAN_POINT('',(446.8,250.,87.4));
#14847 = VECTOR('',#14848,1.);
#14848 = DIRECTION('',(0.707106781187,0.,0.707106781187));
#14849 = ORIENTED_EDGE('',*,*,#14850,.F.);
#14850 = EDGE_CURVE('',#14851,#14843,#14853,.T.);
#14851 = VERTEX_POINT('',#14852);
#14852 = CARTESIAN_POINT('',(447.6,0.,88.2));
#14853 = LINE('',#14854,#14855);
#14854 = CARTESIAN_POINT('',(447.6,0.,88.2));
#14855 = VECTOR('',#14856,1.);
#14856 = DIRECTION('',(0.,1.,0.));
#14857 = ORIENTED_EDGE('',*,*,#14858,.F.);
#14858 = EDGE_CURVE('',#14820,#14851,#14859,.T.);
#14859 = LINE('',#14860,#14861);
#14860 = CARTESIAN_POINT('',(446.8,0.,87.4));
#14861 = VECTOR('',#14862,1.);
#14862 = DIRECTION('',(0.707106781187,0.,0.707106781187));
#14863 = PLANE('',#14864);
#14864 = AXIS2_PLACEMENT_3D('',#14865,#14866,#14867);
#14865 = CARTESIAN_POINT('',(446.8,0.,87.4));
#14866 = DIRECTION('',(0.707106781187,0.,-0.707106781187));
#14867 = DIRECTION('',(0.707106781187,0.,0.707106781187));
#14868 = ADVANCED_FACE('',(#14869),#14894,.F.);
#14869 = FACE_BOUND('',#14870,.F.);
#14870 = EDGE_LOOP('',(#14871,#14872,#14880,#14888));
#14871 = ORIENTED_EDGE('',*,*,#14850,.T.);
#14872 = ORIENTED_EDGE('',*,*,#14873,.T.);
#14873 = EDGE_CURVE('',#14843,#14874,#14876,.T.);
#14874 = VERTEX_POINT('',#14875);
#14875 = CARTESIAN_POINT('',(451.5,250.,88.2));
#14876 = LINE('',#14877,#14878);
#14877 = CARTESIAN_POINT('',(447.6,250.,88.2));
#14878 = VECTOR('',#14879,1.);
#14879 = DIRECTION('',(1.,0.,0.));
#14880 = ORIENTED_EDGE('',*,*,#14881,.F.);
#14881 = EDGE_CURVE('',#14882,#14874,#14884,.T.);
#14882 = VERTEX_POINT('',#14883);
#14883 = CARTESIAN_POINT('',(451.5,0.,88.2));
#14884 = LINE('',#14885,#14886);
#14885 = CARTESIAN_POINT('',(451.5,0.,88.2));
#14886 = VECTOR('',#14887,1.);
#14887 = DIRECTION('',(0.,1.,0.));
#14888 = ORIENTED_EDGE('',*,*,#14889,.F.);
#14889 = EDGE_CURVE('',#14851,#14882,#14890,.T.);
#14890 = LINE('',#14891,#14892);
#14891 = CARTESIAN_POINT('',(447.6,0.,88.2));
#14892 = VECTOR('',#14893,1.);
#14893 = DIRECTION('',(1.,0.,0.));
#14894 = PLANE('',#14895);
#14895 = AXIS2_PLACEMENT_3D('',#14896,#14897,#14898);
#14896 = CARTESIAN_POINT('',(447.6,0.,88.2));
#14897 = DIRECTION('',(0.,0.,-1.));
#14898 = DIRECTION('',(1.,0.,0.));
#14899 = ADVANCED_FACE('',(#14900),#14925,.F.);
#14900 = FACE_BOUND('',#14901,.F.);
#14901 = EDGE_LOOP('',(#14902,#14903,#14911,#14919));
#14902 = ORIENTED_EDGE('',*,*,#14881,.T.);
#14903 = ORIENTED_EDGE('',*,*,#14904,.T.);
#14904 = EDGE_CURVE('',#14874,#14905,#14907,.T.);
#14905 = VERTEX_POINT('',#14906);
#14906 = CARTESIAN_POINT('',(451.8,250.,87.9));
#14907 = LINE('',#14908,#14909);
#14908 = CARTESIAN_POINT('',(451.5,250.,88.2));
#14909 = VECTOR('',#14910,1.);
#14910 = DIRECTION('',(0.707106781187,0.,-0.707106781187));
#14911 = ORIENTED_EDGE('',*,*,#14912,.F.);
#14912 = EDGE_CURVE('',#14913,#14905,#14915,.T.);
#14913 = VERTEX_POINT('',#14914);
#14914 = CARTESIAN_POINT('',(451.8,0.,87.9));
#14915 = LINE('',#14916,#14917);
#14916 = CARTESIAN_POINT('',(451.8,0.,87.9));
#14917 = VECTOR('',#14918,1.);
#14918 = DIRECTION('',(0.,1.,0.));
#14919 = ORIENTED_EDGE('',*,*,#14920,.F.);
#14920 = EDGE_CURVE('',#14882,#14913,#14921,.T.);
#14921 = LINE('',#14922,#14923);
#14922 = CARTESIAN_POINT('',(451.5,0.,88.2));
#14923 = VECTOR('',#14924,1.);
#14924 = DIRECTION('',(0.707106781187,0.,-0.707106781187));
#14925 = PLANE('',#14926);
#14926 = AXIS2_PLACEMENT_3D('',#14927,#14928,#14929);
#14927 = CARTESIAN_POINT('',(451.5,0.,88.2));
#14928 = DIRECTION('',(-0.707106781187,0.,-0.707106781187));
#14929 = DIRECTION('',(0.707106781187,0.,-0.707106781187));
#14930 = ADVANCED_FACE('',(#14931),#14956,.F.);
#14931 = FACE_BOUND('',#14932,.F.);
#14932 = EDGE_LOOP('',(#14933,#14934,#14942,#14950));
#14933 = ORIENTED_EDGE('',*,*,#14912,.T.);
#14934 = ORIENTED_EDGE('',*,*,#14935,.T.);
#14935 = EDGE_CURVE('',#14905,#14936,#14938,.T.);
#14936 = VERTEX_POINT('',#14937);
#14937 = CARTESIAN_POINT('',(452.1,250.,88.2));
#14938 = LINE('',#14939,#14940);
#14939 = CARTESIAN_POINT('',(451.8,250.,87.9));
#14940 = VECTOR('',#14941,1.);
#14941 = DIRECTION('',(0.707106781187,0.,0.707106781187));
#14942 = ORIENTED_EDGE('',*,*,#14943,.F.);
#14943 = EDGE_CURVE('',#14944,#14936,#14946,.T.);
#14944 = VERTEX_POINT('',#14945);
#14945 = CARTESIAN_POINT('',(452.1,0.,88.2));
#14946 = LINE('',#14947,#14948);
#14947 = CARTESIAN_POINT('',(452.1,0.,88.2));
#14948 = VECTOR('',#14949,1.);
#14949 = DIRECTION('',(0.,1.,0.));
#14950 = ORIENTED_EDGE('',*,*,#14951,.F.);
#14951 = EDGE_CURVE('',#14913,#14944,#14952,.T.);
#14952 = LINE('',#14953,#14954);
#14953 = CARTESIAN_POINT('',(451.8,0.,87.9));
#14954 = VECTOR('',#14955,1.);
#14955 = DIRECTION('',(0.707106781187,0.,0.707106781187));
#14956 = PLANE('',#14957);
#14957 = AXIS2_PLACEMENT_3D('',#14958,#14959,#14960);
#14958 = CARTESIAN_POINT('',(451.8,0.,87.9));
#14959 = DIRECTION('',(0.707106781187,0.,-0.707106781187));
#14960 = DIRECTION('',(0.707106781187,0.,0.707106781187));
#14961 = ADVANCED_FACE('',(#14962),#14987,.F.);
#14962 = FACE_BOUND('',#14963,.F.);
#14963 = EDGE_LOOP('',(#14964,#14965,#14973,#14981));
#14964 = ORIENTED_EDGE('',*,*,#14943,.T.);
#14965 = ORIENTED_EDGE('',*,*,#14966,.T.);
#14966 = EDGE_CURVE('',#14936,#14967,#14969,.T.);
#14967 = VERTEX_POINT('',#14968);
#14968 = CARTESIAN_POINT('',(457.8,250.,88.2));
#14969 = LINE('',#14970,#14971);
#14970 = CARTESIAN_POINT('',(452.1,250.,88.2));
#14971 = VECTOR('',#14972,1.);
#14972 = DIRECTION('',(1.,0.,0.));
#14973 = ORIENTED_EDGE('',*,*,#14974,.F.);
#14974 = EDGE_CURVE('',#14975,#14967,#14977,.T.);
#14975 = VERTEX_POINT('',#14976);
#14976 = CARTESIAN_POINT('',(457.8,0.,88.2));
#14977 = LINE('',#14978,#14979);
#14978 = CARTESIAN_POINT('',(457.8,0.,88.2));
#14979 = VECTOR('',#14980,1.);
#14980 = DIRECTION('',(0.,1.,0.));
#14981 = ORIENTED_EDGE('',*,*,#14982,.F.);
#14982 = EDGE_CURVE('',#14944,#14975,#14983,.T.);
#14983 = LINE('',#14984,#14985);
#14984 = CARTESIAN_POINT('',(452.1,0.,88.2));
#14985 = VECTOR('',#14986,1.);
#14986 = DIRECTION('',(1.,0.,0.));
#14987 = PLANE('',#14988);
#14988 = AXIS2_PLACEMENT_3D('',#14989,#14990,#14991);
#14989 = CARTESIAN_POINT('',(452.1,0.,88.2));
#14990 = DIRECTION('',(0.,0.,-1.));
#14991 = DIRECTION('',(1.,0.,0.));
#14992 = ADVANCED_FACE('',(#14993),#15018,.F.);
#14993 = FACE_BOUND('',#14994,.F.);
#14994 = EDGE_LOOP('',(#14995,#14996,#15004,#15012));
#14995 = ORIENTED_EDGE('',*,*,#14974,.T.);
#14996 = ORIENTED_EDGE('',*,*,#14997,.T.);
#14997 = EDGE_CURVE('',#14967,#14998,#15000,.T.);
#14998 = VERTEX_POINT('',#14999);
#14999 = CARTESIAN_POINT('',(459.8,250.,86.2));
#15000 = LINE('',#15001,#15002);
#15001 = CARTESIAN_POINT('',(457.8,250.,88.2));
#15002 = VECTOR('',#15003,1.);
#15003 = DIRECTION('',(0.707106781187,0.,-0.707106781187));
#15004 = ORIENTED_EDGE('',*,*,#15005,.F.);
#15005 = EDGE_CURVE('',#15006,#14998,#15008,.T.);
#15006 = VERTEX_POINT('',#15007);
#15007 = CARTESIAN_POINT('',(459.8,0.,86.2));
#15008 = LINE('',#15009,#15010);
#15009 = CARTESIAN_POINT('',(459.8,0.,86.2));
#15010 = VECTOR('',#15011,1.);
#15011 = DIRECTION('',(0.,1.,0.));
#15012 = ORIENTED_EDGE('',*,*,#15013,.F.);
#15013 = EDGE_CURVE('',#14975,#15006,#15014,.T.);
#15014 = LINE('',#15015,#15016);
#15015 = CARTESIAN_POINT('',(457.8,0.,88.2));
#15016 = VECTOR('',#15017,1.);
#15017 = DIRECTION('',(0.707106781187,0.,-0.707106781187));
#15018 = PLANE('',#15019);
#15019 = AXIS2_PLACEMENT_3D('',#15020,#15021,#15022);
#15020 = CARTESIAN_POINT('',(457.8,0.,88.2));
#15021 = DIRECTION('',(-0.707106781187,0.,-0.707106781187));
#15022 = DIRECTION('',(0.707106781187,0.,-0.707106781187));
#15023 = ADVANCED_FACE('',(#15024),#15049,.F.);
#15024 = FACE_BOUND('',#15025,.F.);
#15025 = EDGE_LOOP('',(#15026,#15027,#15035,#15043));
#15026 = ORIENTED_EDGE('',*,*,#15005,.T.);
#15027 = ORIENTED_EDGE('',*,*,#15028,.T.);
#15028 = EDGE_CURVE('',#14998,#15029,#15031,.T.);
#15029 = VERTEX_POINT('',#15030);
#15030 = CARTESIAN_POINT('',(459.8,250.,80.4));
#15031 = LINE('',#15032,#15033);
#15032 = CARTESIAN_POINT('',(459.8,250.,86.2));
#15033 = VECTOR('',#15034,1.);
#15034 = DIRECTION('',(0.,0.,-1.));
#15035 = ORIENTED_EDGE('',*,*,#15036,.F.);
#15036 = EDGE_CURVE('',#15037,#15029,#15039,.T.);
#15037 = VERTEX_POINT('',#15038);
#15038 = CARTESIAN_POINT('',(459.8,0.,80.4));
#15039 = LINE('',#15040,#15041);
#15040 = CARTESIAN_POINT('',(459.8,0.,80.4));
#15041 = VECTOR('',#15042,1.);
#15042 = DIRECTION('',(0.,1.,0.));
#15043 = ORIENTED_EDGE('',*,*,#15044,.F.);
#15044 = EDGE_CURVE('',#15006,#15037,#15045,.T.);
#15045 = LINE('',#15046,#15047);
#15046 = CARTESIAN_POINT('',(459.8,0.,86.2));
#15047 = VECTOR('',#15048,1.);
#15048 = DIRECTION('',(0.,0.,-1.));
#15049 = PLANE('',#15050);
#15050 = AXIS2_PLACEMENT_3D('',#15051,#15052,#15053);
#15051 = CARTESIAN_POINT('',(459.8,0.,86.2));
#15052 = DIRECTION('',(-1.,0.,0.));
#15053 = DIRECTION('',(0.,0.,-1.));
#15054 = ADVANCED_FACE('',(#15055),#15080,.F.);
#15055 = FACE_BOUND('',#15056,.F.);
#15056 = EDGE_LOOP('',(#15057,#15058,#15066,#15074));
#15057 = ORIENTED_EDGE('',*,*,#15036,.T.);
#15058 = ORIENTED_EDGE('',*,*,#15059,.T.);
#15059 = EDGE_CURVE('',#15029,#15060,#15062,.T.);
#15060 = VERTEX_POINT('',#15061);
#15061 = CARTESIAN_POINT('',(459.6,250.,80.2));
#15062 = LINE('',#15063,#15064);
#15063 = CARTESIAN_POINT('',(459.8,250.,80.4));
#15064 = VECTOR('',#15065,1.);
#15065 = DIRECTION('',(-0.707106781186,0.,-0.707106781187));
#15066 = ORIENTED_EDGE('',*,*,#15067,.F.);
#15067 = EDGE_CURVE('',#15068,#15060,#15070,.T.);
#15068 = VERTEX_POINT('',#15069);
#15069 = CARTESIAN_POINT('',(459.6,0.,80.2));
#15070 = LINE('',#15071,#15072);
#15071 = CARTESIAN_POINT('',(459.6,0.,80.2));
#15072 = VECTOR('',#15073,1.);
#15073 = DIRECTION('',(0.,1.,0.));
#15074 = ORIENTED_EDGE('',*,*,#15075,.F.);
#15075 = EDGE_CURVE('',#15037,#15068,#15076,.T.);
#15076 = LINE('',#15077,#15078);
#15077 = CARTESIAN_POINT('',(459.8,0.,80.4));
#15078 = VECTOR('',#15079,1.);
#15079 = DIRECTION('',(-0.707106781186,0.,-0.707106781187));
#15080 = PLANE('',#15081);
#15081 = AXIS2_PLACEMENT_3D('',#15082,#15083,#15084);
#15082 = CARTESIAN_POINT('',(459.8,0.,80.4));
#15083 = DIRECTION('',(-0.707106781187,0.,0.707106781186));
#15084 = DIRECTION('',(-0.707106781186,0.,-0.707106781187));
#15085 = ADVANCED_FACE('',(#15086),#15111,.F.);
#15086 = FACE_BOUND('',#15087,.F.);
#15087 = EDGE_LOOP('',(#15088,#15089,#15097,#15105));
#15088 = ORIENTED_EDGE('',*,*,#15067,.T.);
#15089 = ORIENTED_EDGE('',*,*,#15090,.T.);
#15090 = EDGE_CURVE('',#15060,#15091,#15093,.T.);
#15091 = VERTEX_POINT('',#15092);
#15092 = CARTESIAN_POINT('',(459.8,250.,80.));
#15093 = LINE('',#15094,#15095);
#15094 = CARTESIAN_POINT('',(459.6,250.,80.2));
#15095 = VECTOR('',#15096,1.);
#15096 = DIRECTION('',(0.707106781187,0.,-0.707106781187));
#15097 = ORIENTED_EDGE('',*,*,#15098,.F.);
#15098 = EDGE_CURVE('',#15099,#15091,#15101,.T.);
#15099 = VERTEX_POINT('',#15100);
#15100 = CARTESIAN_POINT('',(459.8,0.,80.));
#15101 = LINE('',#15102,#15103);
#15102 = CARTESIAN_POINT('',(459.8,0.,80.));
#15103 = VECTOR('',#15104,1.);
#15104 = DIRECTION('',(0.,1.,0.));
#15105 = ORIENTED_EDGE('',*,*,#15106,.F.);
#15106 = EDGE_CURVE('',#15068,#15099,#15107,.T.);
#15107 = LINE('',#15108,#15109);
#15108 = CARTESIAN_POINT('',(459.6,0.,80.2));
#15109 = VECTOR('',#15110,1.);
#15110 = DIRECTION('',(0.707106781187,0.,-0.707106781187));
#15111 = PLANE('',#15112);
#15112 = AXIS2_PLACEMENT_3D('',#15113,#15114,#15115);
#15113 = CARTESIAN_POINT('',(459.6,0.,80.2));
#15114 = DIRECTION('',(-0.707106781187,0.,-0.707106781187));
#15115 = DIRECTION('',(0.707106781187,0.,-0.707106781187));
#15116 = ADVANCED_FACE('',(#15117),#15142,.F.);
#15117 = FACE_BOUND('',#15118,.F.);
#15118 = EDGE_LOOP('',(#15119,#15120,#15128,#15136));
#15119 = ORIENTED_EDGE('',*,*,#15098,.T.);
#15120 = ORIENTED_EDGE('',*,*,#15121,.T.);
#15121 = EDGE_CURVE('',#15091,#15122,#15124,.T.);
#15122 = VERTEX_POINT('',#15123);
#15123 = CARTESIAN_POINT('',(459.8,250.,73.4));
#15124 = LINE('',#15125,#15126);
#15125 = CARTESIAN_POINT('',(459.8,250.,80.));
#15126 = VECTOR('',#15127,1.);
#15127 = DIRECTION('',(0.,0.,-1.));
#15128 = ORIENTED_EDGE('',*,*,#15129,.F.);
#15129 = EDGE_CURVE('',#15130,#15122,#15132,.T.);
#15130 = VERTEX_POINT('',#15131);
#15131 = CARTESIAN_POINT('',(459.8,0.,73.4));
#15132 = LINE('',#15133,#15134);
#15133 = CARTESIAN_POINT('',(459.8,0.,73.4));
#15134 = VECTOR('',#15135,1.);
#15135 = DIRECTION('',(0.,1.,0.));
#15136 = ORIENTED_EDGE('',*,*,#15137,.F.);
#15137 = EDGE_CURVE('',#15099,#15130,#15138,.T.);
#15138 = LINE('',#15139,#15140);
#15139 = CARTESIAN_POINT('',(459.8,0.,80.));
#15140 = VECTOR('',#15141,1.);
#15141 = DIRECTION('',(0.,0.,-1.));
#15142 = PLANE('',#15143);
#15143 = AXIS2_PLACEMENT_3D('',#15144,#15145,#15146);
#15144 = CARTESIAN_POINT('',(459.8,0.,80.));
#15145 = DIRECTION('',(-1.,0.,0.));
#15146 = DIRECTION('',(0.,0.,-1.));
#15147 = ADVANCED_FACE('',(#15148),#15173,.F.);
#15148 = FACE_BOUND('',#15149,.F.);
#15149 = EDGE_LOOP('',(#15150,#15151,#15159,#15167));
#15150 = ORIENTED_EDGE('',*,*,#15129,.T.);
#15151 = ORIENTED_EDGE('',*,*,#15152,.T.);
#15152 = EDGE_CURVE('',#15122,#15153,#15155,.T.);
#15153 = VERTEX_POINT('',#15154);
#15154 = CARTESIAN_POINT('',(459.6,250.,73.2));
#15155 = LINE('',#15156,#15157);
#15156 = CARTESIAN_POINT('',(459.8,250.,73.4));
#15157 = VECTOR('',#15158,1.);
#15158 = DIRECTION('',(-0.707106781186,0.,-0.707106781187));
#15159 = ORIENTED_EDGE('',*,*,#15160,.F.);
#15160 = EDGE_CURVE('',#15161,#15153,#15163,.T.);
#15161 = VERTEX_POINT('',#15162);
#15162 = CARTESIAN_POINT('',(459.6,0.,73.2));
#15163 = LINE('',#15164,#15165);
#15164 = CARTESIAN_POINT('',(459.6,0.,73.2));
#15165 = VECTOR('',#15166,1.);
#15166 = DIRECTION('',(0.,1.,0.));
#15167 = ORIENTED_EDGE('',*,*,#15168,.F.);
#15168 = EDGE_CURVE('',#15130,#15161,#15169,.T.);
#15169 = LINE('',#15170,#15171);
#15170 = CARTESIAN_POINT('',(459.8,0.,73.4));
#15171 = VECTOR('',#15172,1.);
#15172 = DIRECTION('',(-0.707106781186,0.,-0.707106781187));
#15173 = PLANE('',#15174);
#15174 = AXIS2_PLACEMENT_3D('',#15175,#15176,#15177);
#15175 = CARTESIAN_POINT('',(459.8,0.,73.4));
#15176 = DIRECTION('',(-0.707106781187,0.,0.707106781186));
#15177 = DIRECTION('',(-0.707106781186,0.,-0.707106781187));
#15178 = ADVANCED_FACE('',(#15179),#15204,.F.);
#15179 = FACE_BOUND('',#15180,.F.);
#15180 = EDGE_LOOP('',(#15181,#15182,#15190,#15198));
#15181 = ORIENTED_EDGE('',*,*,#15160,.T.);
#15182 = ORIENTED_EDGE('',*,*,#15183,.T.);
#15183 = EDGE_CURVE('',#15153,#15184,#15186,.T.);
#15184 = VERTEX_POINT('',#15185);
#15185 = CARTESIAN_POINT('',(459.8,250.,73.));
#15186 = LINE('',#15187,#15188);
#15187 = CARTESIAN_POINT('',(459.6,250.,73.2));
#15188 = VECTOR('',#15189,1.);
#15189 = DIRECTION('',(0.707106781187,0.,-0.707106781187));
#15190 = ORIENTED_EDGE('',*,*,#15191,.F.);
#15191 = EDGE_CURVE('',#15192,#15184,#15194,.T.);
#15192 = VERTEX_POINT('',#15193);
#15193 = CARTESIAN_POINT('',(459.8,0.,73.));
#15194 = LINE('',#15195,#15196);
#15195 = CARTESIAN_POINT('',(459.8,0.,73.));
#15196 = VECTOR('',#15197,1.);
#15197 = DIRECTION('',(0.,1.,0.));
#15198 = ORIENTED_EDGE('',*,*,#15199,.F.);
#15199 = EDGE_CURVE('',#15161,#15192,#15200,.T.);
#15200 = LINE('',#15201,#15202);
#15201 = CARTESIAN_POINT('',(459.6,0.,73.2));
#15202 = VECTOR('',#15203,1.);
#15203 = DIRECTION('',(0.707106781187,0.,-0.707106781187));
#15204 = PLANE('',#15205);
#15205 = AXIS2_PLACEMENT_3D('',#15206,#15207,#15208);
#15206 = CARTESIAN_POINT('',(459.6,0.,73.2));
#15207 = DIRECTION('',(-0.707106781187,0.,-0.707106781187));
#15208 = DIRECTION('',(0.707106781187,0.,-0.707106781187));
#15209 = ADVANCED_FACE('',(#15210),#15235,.F.);
#15210 = FACE_BOUND('',#15211,.F.);
#15211 = EDGE_LOOP('',(#15212,#15213,#15221,#15229));
#15212 = ORIENTED_EDGE('',*,*,#15191,.T.);
#15213 = ORIENTED_EDGE('',*,*,#15214,.T.);
#15214 = EDGE_CURVE('',#15184,#15215,#15217,.T.);
#15215 = VERTEX_POINT('',#15216);
#15216 = CARTESIAN_POINT('',(459.8,250.,66.721));
#15217 = LINE('',#15218,#15219);
#15218 = CARTESIAN_POINT('',(459.8,250.,73.));
#15219 = VECTOR('',#15220,1.);
#15220 = DIRECTION('',(0.,0.,-1.));
#15221 = ORIENTED_EDGE('',*,*,#15222,.F.);
#15222 = EDGE_CURVE('',#15223,#15215,#15225,.T.);
#15223 = VERTEX_POINT('',#15224);
#15224 = CARTESIAN_POINT('',(459.8,0.,66.721));
#15225 = LINE('',#15226,#15227);
#15226 = CARTESIAN_POINT('',(459.8,0.,66.721));
#15227 = VECTOR('',#15228,1.);
#15228 = DIRECTION('',(0.,1.,0.));
#15229 = ORIENTED_EDGE('',*,*,#15230,.F.);
#15230 = EDGE_CURVE('',#15192,#15223,#15231,.T.);
#15231 = LINE('',#15232,#15233);
#15232 = CARTESIAN_POINT('',(459.8,0.,73.));
#15233 = VECTOR('',#15234,1.);
#15234 = DIRECTION('',(0.,0.,-1.));
#15235 = PLANE('',#15236);
#15236 = AXIS2_PLACEMENT_3D('',#15237,#15238,#15239);
#15237 = CARTESIAN_POINT('',(459.8,0.,73.));
#15238 = DIRECTION('',(-1.,0.,0.));
#15239 = DIRECTION('',(0.,0.,-1.));
#15240 = ADVANCED_FACE('',(#15241),#15266,.F.);
#15241 = FACE_BOUND('',#15242,.F.);
#15242 = EDGE_LOOP('',(#15243,#15244,#15252,#15260));
#15243 = ORIENTED_EDGE('',*,*,#15222,.T.);
#15244 = ORIENTED_EDGE('',*,*,#15245,.T.);
#15245 = EDGE_CURVE('',#15215,#15246,#15248,.T.);
#15246 = VERTEX_POINT('',#15247);
#15247 = CARTESIAN_POINT('',(459.5,250.,66.421));
#15248 = LINE('',#15249,#15250);
#15249 = CARTESIAN_POINT('',(459.8,250.,66.721));
#15250 = VECTOR('',#15251,1.);
#15251 = DIRECTION('',(-0.707106781187,0.,-0.707106781187));
#15252 = ORIENTED_EDGE('',*,*,#15253,.F.);
#15253 = EDGE_CURVE('',#15254,#15246,#15256,.T.);
#15254 = VERTEX_POINT('',#15255);
#15255 = CARTESIAN_POINT('',(459.5,0.,66.421));
#15256 = LINE('',#15257,#15258);
#15257 = CARTESIAN_POINT('',(459.5,0.,66.421));
#15258 = VECTOR('',#15259,1.);
#15259 = DIRECTION('',(0.,1.,0.));
#15260 = ORIENTED_EDGE('',*,*,#15261,.F.);
#15261 = EDGE_CURVE('',#15223,#15254,#15262,.T.);
#15262 = LINE('',#15263,#15264);
#15263 = CARTESIAN_POINT('',(459.8,0.,66.721));
#15264 = VECTOR('',#15265,1.);
#15265 = DIRECTION('',(-0.707106781187,0.,-0.707106781187));
#15266 = PLANE('',#15267);
#15267 = AXIS2_PLACEMENT_3D('',#15268,#15269,#15270);
#15268 = CARTESIAN_POINT('',(459.8,0.,66.721));
#15269 = DIRECTION('',(-0.707106781187,0.,0.707106781187));
#15270 = DIRECTION('',(-0.707106781187,0.,-0.707106781187));
#15271 = ADVANCED_FACE('',(#15272),#15297,.F.);
#15272 = FACE_BOUND('',#15273,.F.);
#15273 = EDGE_LOOP('',(#15274,#15275,#15283,#15291));
#15274 = ORIENTED_EDGE('',*,*,#15253,.T.);
#15275 = ORIENTED_EDGE('',*,*,#15276,.T.);
#15276 = EDGE_CURVE('',#15246,#15277,#15279,.T.);
#15277 = VERTEX_POINT('',#15278);
#15278 = CARTESIAN_POINT('',(455.1,250.,66.421));
#15279 = LINE('',#15280,#15281);
#15280 = CARTESIAN_POINT('',(459.5,250.,66.421));
#15281 = VECTOR('',#15282,1.);
#15282 = DIRECTION('',(-1.,0.,0.));
#15283 = ORIENTED_EDGE('',*,*,#15284,.F.);
#15284 = EDGE_CURVE('',#15285,#15277,#15287,.T.);
#15285 = VERTEX_POINT('',#15286);
#15286 = CARTESIAN_POINT('',(455.1,0.,66.421));
#15287 = LINE('',#15288,#15289);
#15288 = CARTESIAN_POINT('',(455.1,0.,66.421));
#15289 = VECTOR('',#15290,1.);
#15290 = DIRECTION('',(0.,1.,0.));
#15291 = ORIENTED_EDGE('',*,*,#15292,.F.);
#15292 = EDGE_CURVE('',#15254,#15285,#15293,.T.);
#15293 = LINE('',#15294,#15295);
#15294 = CARTESIAN_POINT('',(459.5,0.,66.421));
#15295 = VECTOR('',#15296,1.);
#15296 = DIRECTION('',(-1.,0.,0.));
#15297 = PLANE('',#15298);
#15298 = AXIS2_PLACEMENT_3D('',#15299,#15300,#15301);
#15299 = CARTESIAN_POINT('',(459.5,0.,66.421));
#15300 = DIRECTION('',(0.,-0.,1.));
#15301 = DIRECTION('',(-1.,0.,0.));
#15302 = ADVANCED_FACE('',(#15303),#15328,.F.);
#15303 = FACE_BOUND('',#15304,.F.);
#15304 = EDGE_LOOP('',(#15305,#15306,#15314,#15322));
#15305 = ORIENTED_EDGE('',*,*,#15284,.T.);
#15306 = ORIENTED_EDGE('',*,*,#15307,.T.);
#15307 = EDGE_CURVE('',#15277,#15308,#15310,.T.);
#15308 = VERTEX_POINT('',#15309);
#15309 = CARTESIAN_POINT('',(454.8,250.,66.121));
#15310 = LINE('',#15311,#15312);
#15311 = CARTESIAN_POINT('',(455.1,250.,66.421));
#15312 = VECTOR('',#15313,1.);
#15313 = DIRECTION('',(-0.707106781187,0.,-0.707106781187));
#15314 = ORIENTED_EDGE('',*,*,#15315,.F.);
#15315 = EDGE_CURVE('',#15316,#15308,#15318,.T.);
#15316 = VERTEX_POINT('',#15317);
#15317 = CARTESIAN_POINT('',(454.8,0.,66.121));
#15318 = LINE('',#15319,#15320);
#15319 = CARTESIAN_POINT('',(454.8,0.,66.121));
#15320 = VECTOR('',#15321,1.);
#15321 = DIRECTION('',(0.,1.,0.));
#15322 = ORIENTED_EDGE('',*,*,#15323,.F.);
#15323 = EDGE_CURVE('',#15285,#15316,#15324,.T.);
#15324 = LINE('',#15325,#15326);
#15325 = CARTESIAN_POINT('',(455.1,0.,66.421));
#15326 = VECTOR('',#15327,1.);
#15327 = DIRECTION('',(-0.707106781187,0.,-0.707106781187));
#15328 = PLANE('',#15329);
#15329 = AXIS2_PLACEMENT_3D('',#15330,#15331,#15332);
#15330 = CARTESIAN_POINT('',(455.1,0.,66.421));
#15331 = DIRECTION('',(-0.707106781187,0.,0.707106781187));
#15332 = DIRECTION('',(-0.707106781187,0.,-0.707106781187));
#15333 = ADVANCED_FACE('',(#15334),#15359,.F.);
#15334 = FACE_BOUND('',#15335,.F.);
#15335 = EDGE_LOOP('',(#15336,#15337,#15345,#15353));
#15336 = ORIENTED_EDGE('',*,*,#15315,.T.);
#15337 = ORIENTED_EDGE('',*,*,#15338,.T.);
#15338 = EDGE_CURVE('',#15308,#15339,#15341,.T.);
#15339 = VERTEX_POINT('',#15340);
#15340 = CARTESIAN_POINT('',(459.8,250.,66.121));
#15341 = LINE('',#15342,#15343);
#15342 = CARTESIAN_POINT('',(454.8,250.,66.121));
#15343 = VECTOR('',#15344,1.);
#15344 = DIRECTION('',(1.,0.,0.));
#15345 = ORIENTED_EDGE('',*,*,#15346,.F.);
#15346 = EDGE_CURVE('',#15347,#15339,#15349,.T.);
#15347 = VERTEX_POINT('',#15348);
#15348 = CARTESIAN_POINT('',(459.8,0.,66.121));
#15349 = LINE('',#15350,#15351);
#15350 = CARTESIAN_POINT('',(459.8,0.,66.121));
#15351 = VECTOR('',#15352,1.);
#15352 = DIRECTION('',(0.,1.,0.));
#15353 = ORIENTED_EDGE('',*,*,#15354,.F.);
#15354 = EDGE_CURVE('',#15316,#15347,#15355,.T.);
#15355 = LINE('',#15356,#15357);
#15356 = CARTESIAN_POINT('',(454.8,0.,66.121));
#15357 = VECTOR('',#15358,1.);
#15358 = DIRECTION('',(1.,0.,0.));
#15359 = PLANE('',#15360);
#15360 = AXIS2_PLACEMENT_3D('',#15361,#15362,#15363);
#15361 = CARTESIAN_POINT('',(454.8,0.,66.121));
#15362 = DIRECTION('',(0.,0.,-1.));
#15363 = DIRECTION('',(1.,0.,0.));
#15364 = ADVANCED_FACE('',(#15365),#15381,.F.);
#15365 = FACE_BOUND('',#15366,.F.);
#15366 = EDGE_LOOP('',(#15367,#15368,#15374,#15375));
#15367 = ORIENTED_EDGE('',*,*,#15346,.T.);
#15368 = ORIENTED_EDGE('',*,*,#15369,.T.);
#15369 = EDGE_CURVE('',#15339,#9596,#15370,.T.);
#15370 = LINE('',#15371,#15372);
#15371 = CARTESIAN_POINT('',(459.8,250.,66.121));
#15372 = VECTOR('',#15373,1.);
#15373 = DIRECTION('',(0.,0.,-1.));
#15374 = ORIENTED_EDGE('',*,*,#9593,.F.);
#15375 = ORIENTED_EDGE('',*,*,#15376,.F.);
#15376 = EDGE_CURVE('',#15347,#9594,#15377,.T.);
#15377 = LINE('',#15378,#15379);
#15378 = CARTESIAN_POINT('',(459.8,0.,66.121));
#15379 = VECTOR('',#15380,1.);
#15380 = DIRECTION('',(0.,0.,-1.));
#15381 = PLANE('',#15382);
#15382 = AXIS2_PLACEMENT_3D('',#15383,#15384,#15385);
#15383 = CARTESIAN_POINT('',(459.8,0.,66.121));
#15384 = DIRECTION('',(-1.,0.,0.));
#15385 = DIRECTION('',(0.,0.,-1.));
#15386 = ADVANCED_FACE('',(#15387),#15576,.F.);
#15387 = FACE_BOUND('',#15388,.F.);
#15388 = EDGE_LOOP('',(#15389,#15390,#15391,#15392,#15393,#15394,#15395,
    #15396,#15397,#15398,#15399,#15400,#15401,#15402,#15403,#15404,
    #15405,#15406,#15407,#15408,#15409,#15410,#15411,#15412,#15413,
    #15414,#15415,#15416,#15417,#15418,#15419,#15420,#15421,#15422,
    #15423,#15424,#15425,#15426,#15427,#15428,#15429,#15430,#15431,
    #15432,#15433,#15434,#15435,#15436,#15437,#15438,#15439,#15440,
    #15441,#15442,#15443,#15444,#15445,#15446,#15447,#15448,#15449,
    #15450,#15451,#15452,#15453,#15454,#15455,#15456,#15457,#15458,
    #15459,#15460,#15461,#15462,#15463,#15464,#15465,#15466,#15467,
    #15468,#15469,#15470,#15471,#15472,#15473,#15474,#15475,#15476,
    #15477,#15478,#15479,#15480,#15481,#15482,#15483,#15484,#15485,
    #15486,#15487,#15488,#15489,#15490,#15491,#15492,#15493,#15494,
    #15495,#15496,#15497,#15498,#15499,#15500,#15501,#15502,#15503,
    #15504,#15505,#15506,#15507,#15508,#15509,#15510,#15511,#15512,
    #15513,#15514,#15515,#15516,#15517,#15518,#15519,#15520,#15521,
    #15522,#15523,#15524,#15525,#15526,#15527,#15528,#15529,#15530,
    #15531,#15532,#15533,#15534,#15535,#15536,#15537,#15538,#15539,
    #15540,#15541,#15542,#15543,#15544,#15545,#15546,#15547,#15548,
    #15549,#15550,#15551,#15552,#15553,#15554,#15555,#15556,#15557,
    #15558,#15559,#15560,#15561,#15562,#15563,#15564,#15565,#15566,
    #15567,#15568,#15569,#15570,#15571,#15572,#15573,#15574,#15575));
#15389 = ORIENTED_EDGE('',*,*,#9619,.T.);
#15390 = ORIENTED_EDGE('',*,*,#9650,.T.);
#15391 = ORIENTED_EDGE('',*,*,#9681,.T.);
#15392 = ORIENTED_EDGE('',*,*,#9712,.T.);
#15393 = ORIENTED_EDGE('',*,*,#9743,.T.);
#15394 = ORIENTED_EDGE('',*,*,#9774,.T.);
#15395 = ORIENTED_EDGE('',*,*,#9805,.T.);
#15396 = ORIENTED_EDGE('',*,*,#9836,.T.);
#15397 = ORIENTED_EDGE('',*,*,#9867,.T.);
#15398 = ORIENTED_EDGE('',*,*,#9898,.T.);
#15399 = ORIENTED_EDGE('',*,*,#9929,.T.);
#15400 = ORIENTED_EDGE('',*,*,#9960,.T.);
#15401 = ORIENTED_EDGE('',*,*,#9991,.T.);
#15402 = ORIENTED_EDGE('',*,*,#10022,.T.);
#15403 = ORIENTED_EDGE('',*,*,#10053,.T.);
#15404 = ORIENTED_EDGE('',*,*,#10084,.T.);
#15405 = ORIENTED_EDGE('',*,*,#10115,.T.);
#15406 = ORIENTED_EDGE('',*,*,#10146,.T.);
#15407 = ORIENTED_EDGE('',*,*,#10177,.T.);
#15408 = ORIENTED_EDGE('',*,*,#10208,.T.);
#15409 = ORIENTED_EDGE('',*,*,#10239,.T.);
#15410 = ORIENTED_EDGE('',*,*,#10270,.T.);
#15411 = ORIENTED_EDGE('',*,*,#10301,.T.);
#15412 = ORIENTED_EDGE('',*,*,#10332,.T.);
#15413 = ORIENTED_EDGE('',*,*,#10363,.T.);
#15414 = ORIENTED_EDGE('',*,*,#10394,.T.);
#15415 = ORIENTED_EDGE('',*,*,#10425,.T.);
#15416 = ORIENTED_EDGE('',*,*,#10456,.T.);
#15417 = ORIENTED_EDGE('',*,*,#10487,.T.);
#15418 = ORIENTED_EDGE('',*,*,#10518,.T.);
#15419 = ORIENTED_EDGE('',*,*,#10549,.T.);
#15420 = ORIENTED_EDGE('',*,*,#10580,.T.);
#15421 = ORIENTED_EDGE('',*,*,#10611,.T.);
#15422 = ORIENTED_EDGE('',*,*,#10642,.T.);
#15423 = ORIENTED_EDGE('',*,*,#10673,.T.);
#15424 = ORIENTED_EDGE('',*,*,#10704,.T.);
#15425 = ORIENTED_EDGE('',*,*,#10735,.T.);
#15426 = ORIENTED_EDGE('',*,*,#10766,.T.);
#15427 = ORIENTED_EDGE('',*,*,#10797,.T.);
#15428 = ORIENTED_EDGE('',*,*,#10828,.T.);
#15429 = ORIENTED_EDGE('',*,*,#10859,.T.);
#15430 = ORIENTED_EDGE('',*,*,#10890,.T.);
#15431 = ORIENTED_EDGE('',*,*,#10921,.T.);
#15432 = ORIENTED_EDGE('',*,*,#10952,.T.);
#15433 = ORIENTED_EDGE('',*,*,#10983,.T.);
#15434 = ORIENTED_EDGE('',*,*,#11014,.T.);
#15435 = ORIENTED_EDGE('',*,*,#11045,.T.);
#15436 = ORIENTED_EDGE('',*,*,#11076,.T.);
#15437 = ORIENTED_EDGE('',*,*,#11107,.T.);
#15438 = ORIENTED_EDGE('',*,*,#11138,.T.);
#15439 = ORIENTED_EDGE('',*,*,#11169,.T.);
#15440 = ORIENTED_EDGE('',*,*,#11200,.T.);
#15441 = ORIENTED_EDGE('',*,*,#11231,.T.);
#15442 = ORIENTED_EDGE('',*,*,#11262,.T.);
#15443 = ORIENTED_EDGE('',*,*,#11293,.T.);
#15444 = ORIENTED_EDGE('',*,*,#11324,.T.);
#15445 = ORIENTED_EDGE('',*,*,#11355,.T.);
#15446 = ORIENTED_EDGE('',*,*,#11386,.T.);
#15447 = ORIENTED_EDGE('',*,*,#11417,.T.);
#15448 = ORIENTED_EDGE('',*,*,#11448,.T.);
#15449 = ORIENTED_EDGE('',*,*,#11479,.T.);
#15450 = ORIENTED_EDGE('',*,*,#11510,.T.);
#15451 = ORIENTED_EDGE('',*,*,#11541,.T.);
#15452 = ORIENTED_EDGE('',*,*,#11572,.T.);
#15453 = ORIENTED_EDGE('',*,*,#11603,.T.);
#15454 = ORIENTED_EDGE('',*,*,#11634,.T.);
#15455 = ORIENTED_EDGE('',*,*,#11665,.T.);
#15456 = ORIENTED_EDGE('',*,*,#11696,.T.);
#15457 = ORIENTED_EDGE('',*,*,#11727,.T.);
#15458 = ORIENTED_EDGE('',*,*,#11758,.T.);
#15459 = ORIENTED_EDGE('',*,*,#11789,.T.);
#15460 = ORIENTED_EDGE('',*,*,#11820,.T.);
#15461 = ORIENTED_EDGE('',*,*,#11851,.T.);
#15462 = ORIENTED_EDGE('',*,*,#11882,.T.);
#15463 = ORIENTED_EDGE('',*,*,#11913,.T.);
#15464 = ORIENTED_EDGE('',*,*,#11944,.T.);
#15465 = ORIENTED_EDGE('',*,*,#11975,.T.);
#15466 = ORIENTED_EDGE('',*,*,#12006,.T.);
#15467 = ORIENTED_EDGE('',*,*,#12037,.T.);
#15468 = ORIENTED_EDGE('',*,*,#12068,.T.);
#15469 = ORIENTED_EDGE('',*,*,#12099,.T.);
#15470 = ORIENTED_EDGE('',*,*,#12130,.T.);
#15471 = ORIENTED_EDGE('',*,*,#12161,.T.);
#15472 = ORIENTED_EDGE('',*,*,#12192,.T.);
#15473 = ORIENTED_EDGE('',*,*,#12223,.T.);
#15474 = ORIENTED_EDGE('',*,*,#12254,.T.);
#15475 = ORIENTED_EDGE('',*,*,#12285,.T.);
#15476 = ORIENTED_EDGE('',*,*,#12316,.T.);
#15477 = ORIENTED_EDGE('',*,*,#12347,.T.);
#15478 = ORIENTED_EDGE('',*,*,#12378,.T.);
#15479 = ORIENTED_EDGE('',*,*,#12409,.T.);
#15480 = ORIENTED_EDGE('',*,*,#12440,.T.);
#15481 = ORIENTED_EDGE('',*,*,#12471,.T.);
#15482 = ORIENTED_EDGE('',*,*,#12502,.T.);
#15483 = ORIENTED_EDGE('',*,*,#12533,.T.);
#15484 = ORIENTED_EDGE('',*,*,#12564,.T.);
#15485 = ORIENTED_EDGE('',*,*,#12595,.T.);
#15486 = ORIENTED_EDGE('',*,*,#12626,.T.);
#15487 = ORIENTED_EDGE('',*,*,#12657,.T.);
#15488 = ORIENTED_EDGE('',*,*,#12688,.T.);
#15489 = ORIENTED_EDGE('',*,*,#12719,.T.);
#15490 = ORIENTED_EDGE('',*,*,#12750,.T.);
#15491 = ORIENTED_EDGE('',*,*,#12781,.T.);
#15492 = ORIENTED_EDGE('',*,*,#12812,.T.);
#15493 = ORIENTED_EDGE('',*,*,#12843,.T.);
#15494 = ORIENTED_EDGE('',*,*,#12874,.T.);
#15495 = ORIENTED_EDGE('',*,*,#12905,.T.);
#15496 = ORIENTED_EDGE('',*,*,#12936,.T.);
#15497 = ORIENTED_EDGE('',*,*,#12967,.T.);
#15498 = ORIENTED_EDGE('',*,*,#12998,.T.);
#15499 = ORIENTED_EDGE('',*,*,#13029,.T.);
#15500 = ORIENTED_EDGE('',*,*,#13060,.T.);
#15501 = ORIENTED_EDGE('',*,*,#13091,.T.);
#15502 = ORIENTED_EDGE('',*,*,#13122,.T.);
#15503 = ORIENTED_EDGE('',*,*,#13153,.T.);
#15504 = ORIENTED_EDGE('',*,*,#13184,.T.);
#15505 = ORIENTED_EDGE('',*,*,#13215,.T.);
#15506 = ORIENTED_EDGE('',*,*,#13246,.T.);
#15507 = ORIENTED_EDGE('',*,*,#13277,.T.);
#15508 = ORIENTED_EDGE('',*,*,#13308,.T.);
#15509 = ORIENTED_EDGE('',*,*,#13339,.T.);
#15510 = ORIENTED_EDGE('',*,*,#13370,.T.);
#15511 = ORIENTED_EDGE('',*,*,#13401,.T.);
#15512 = ORIENTED_EDGE('',*,*,#13432,.T.);
#15513 = ORIENTED_EDGE('',*,*,#13463,.T.);
#15514 = ORIENTED_EDGE('',*,*,#13494,.T.);
#15515 = ORIENTED_EDGE('',*,*,#13525,.T.);
#15516 = ORIENTED_EDGE('',*,*,#13556,.T.);
#15517 = ORIENTED_EDGE('',*,*,#13587,.T.);
#15518 = ORIENTED_EDGE('',*,*,#13618,.T.);
#15519 = ORIENTED_EDGE('',*,*,#13649,.T.);
#15520 = ORIENTED_EDGE('',*,*,#13680,.T.);
#15521 = ORIENTED_EDGE('',*,*,#13711,.T.);
#15522 = ORIENTED_EDGE('',*,*,#13742,.T.);
#15523 = ORIENTED_EDGE('',*,*,#13773,.T.);
#15524 = ORIENTED_EDGE('',*,*,#13804,.T.);
#15525 = ORIENTED_EDGE('',*,*,#13835,.T.);
#15526 = ORIENTED_EDGE('',*,*,#13866,.T.);
#15527 = ORIENTED_EDGE('',*,*,#13897,.T.);
#15528 = ORIENTED_EDGE('',*,*,#13928,.T.);
#15529 = ORIENTED_EDGE('',*,*,#13959,.T.);
#15530 = ORIENTED_EDGE('',*,*,#13990,.T.);
#15531 = ORIENTED_EDGE('',*,*,#14021,.T.);
#15532 = ORIENTED_EDGE('',*,*,#14052,.T.);
#15533 = ORIENTED_EDGE('',*,*,#14083,.T.);
#15534 = ORIENTED_EDGE('',*,*,#14114,.T.);
#15535 = ORIENTED_EDGE('',*,*,#14145,.T.);
#15536 = ORIENTED_EDGE('',*,*,#14176,.T.);
#15537 = ORIENTED_EDGE('',*,*,#14207,.T.);
#15538 = ORIENTED_EDGE('',*,*,#14238,.T.);
#15539 = ORIENTED_EDGE('',*,*,#14269,.T.);
#15540 = ORIENTED_EDGE('',*,*,#14300,.T.);
#15541 = ORIENTED_EDGE('',*,*,#14331,.T.);
#15542 = ORIENTED_EDGE('',*,*,#14362,.T.);
#15543 = ORIENTED_EDGE('',*,*,#14393,.T.);
#15544 = ORIENTED_EDGE('',*,*,#14424,.T.);
#15545 = ORIENTED_EDGE('',*,*,#14455,.T.);
#15546 = ORIENTED_EDGE('',*,*,#14486,.T.);
#15547 = ORIENTED_EDGE('',*,*,#14517,.T.);
#15548 = ORIENTED_EDGE('',*,*,#14548,.T.);
#15549 = ORIENTED_EDGE('',*,*,#14579,.T.);
#15550 = ORIENTED_EDGE('',*,*,#14610,.T.);
#15551 = ORIENTED_EDGE('',*,*,#14641,.T.);
#15552 = ORIENTED_EDGE('',*,*,#14672,.T.);
#15553 = ORIENTED_EDGE('',*,*,#14703,.T.);
#15554 = ORIENTED_EDGE('',*,*,#14734,.T.);
#15555 = ORIENTED_EDGE('',*,*,#14765,.T.);
#15556 = ORIENTED_EDGE('',*,*,#14796,.T.);
#15557 = ORIENTED_EDGE('',*,*,#14827,.T.);
#15558 = ORIENTED_EDGE('',*,*,#14858,.T.);
#15559 = ORIENTED_EDGE('',*,*,#14889,.T.);
#15560 = ORIENTED_EDGE('',*,*,#14920,.T.);
#15561 = ORIENTED_EDGE('',*,*,#14951,.T.);
#15562 = ORIENTED_EDGE('',*,*,#14982,.T.);
#15563 = ORIENTED_EDGE('',*,*,#15013,.T.);
#15564 = ORIENTED_EDGE('',*,*,#15044,.T.);
#15565 = ORIENTED_EDGE('',*,*,#15075,.T.);
#15566 = ORIENTED_EDGE('',*,*,#15106,.T.);
#15567 = ORIENTED_EDGE('',*,*,#15137,.T.);
#15568 = ORIENTED_EDGE('',*,*,#15168,.T.);
#15569 = ORIENTED_EDGE('',*,*,#15199,.T.);
#15570 = ORIENTED_EDGE('',*,*,#15230,.T.);
#15571 = ORIENTED_EDGE('',*,*,#15261,.T.);
#15572 = ORIENTED_EDGE('',*,*,#15292,.T.);
#15573 = ORIENTED_EDGE('',*,*,#15323,.T.);
#15574 = ORIENTED_EDGE('',*,*,#15354,.T.);
#15575 = ORIENTED_EDGE('',*,*,#15376,.T.);
#15576 = PLANE('',#15577);
#15577 = AXIS2_PLACEMENT_3D('',#15578,#15579,#15580);
#15578 = CARTESIAN_POINT('',(453.12942805868,0.,43.586739304761));
#15579 = DIRECTION('',(0.,1.,0.));
#15580 = DIRECTION('',(0.,-0.,1.));
#15581 = ADVANCED_FACE('',(#15582),#15771,.T.);
#15582 = FACE_BOUND('',#15583,.T.);
#15583 = EDGE_LOOP('',(#15584,#15585,#15586,#15587,#15588,#15589,#15590,
    #15591,#15592,#15593,#15594,#15595,#15596,#15597,#15598,#15599,
    #15600,#15601,#15602,#15603,#15604,#15605,#15606,#15607,#15608,
    #15609,#15610,#15611,#15612,#15613,#15614,#15615,#15616,#15617,
    #15618,#15619,#15620,#15621,#15622,#15623,#15624,#15625,#15626,
    #15627,#15628,#15629,#15630,#15631,#15632,#15633,#15634,#15635,
    #15636,#15637,#15638,#15639,#15640,#15641,#15642,#15643,#15644,
    #15645,#15646,#15647,#15648,#15649,#15650,#15651,#15652,#15653,
    #15654,#15655,#15656,#15657,#15658,#15659,#15660,#15661,#15662,
    #15663,#15664,#15665,#15666,#15667,#15668,#15669,#15670,#15671,
    #15672,#15673,#15674,#15675,#15676,#15677,#15678,#15679,#15680,
    #15681,#15682,#15683,#15684,#15685,#15686,#15687,#15688,#15689,
    #15690,#15691,#15692,#15693,#15694,#15695,#15696,#15697,#15698,
    #15699,#15700,#15701,#15702,#15703,#15704,#15705,#15706,#15707,
    #15708,#15709,#15710,#15711,#15712,#15713,#15714,#15715,#15716,
    #15717,#15718,#15719,#15720,#15721,#15722,#15723,#15724,#15725,
    #15726,#15727,#15728,#15729,#15730,#15731,#15732,#15733,#15734,
    #15735,#15736,#15737,#15738,#15739,#15740,#15741,#15742,#15743,
    #15744,#15745,#15746,#15747,#15748,#15749,#15750,#15751,#15752,
    #15753,#15754,#15755,#15756,#15757,#15758,#15759,#15760,#15761,
    #15762,#15763,#15764,#15765,#15766,#15767,#15768,#15769,#15770));
#15584 = ORIENTED_EDGE('',*,*,#9603,.T.);
#15585 = ORIENTED_EDGE('',*,*,#9634,.T.);
#15586 = ORIENTED_EDGE('',*,*,#9665,.T.);
#15587 = ORIENTED_EDGE('',*,*,#9696,.T.);
#15588 = ORIENTED_EDGE('',*,*,#9727,.T.);
#15589 = ORIENTED_EDGE('',*,*,#9758,.T.);
#15590 = ORIENTED_EDGE('',*,*,#9789,.T.);
#15591 = ORIENTED_EDGE('',*,*,#9820,.T.);
#15592 = ORIENTED_EDGE('',*,*,#9851,.T.);
#15593 = ORIENTED_EDGE('',*,*,#9882,.T.);
#15594 = ORIENTED_EDGE('',*,*,#9913,.T.);
#15595 = ORIENTED_EDGE('',*,*,#9944,.T.);
#15596 = ORIENTED_EDGE('',*,*,#9975,.T.);
#15597 = ORIENTED_EDGE('',*,*,#10006,.T.);
#15598 = ORIENTED_EDGE('',*,*,#10037,.T.);
#15599 = ORIENTED_EDGE('',*,*,#10068,.T.);
#15600 = ORIENTED_EDGE('',*,*,#10099,.T.);
#15601 = ORIENTED_EDGE('',*,*,#10130,.T.);
#15602 = ORIENTED_EDGE('',*,*,#10161,.T.);
#15603 = ORIENTED_EDGE('',*,*,#10192,.T.);
#15604 = ORIENTED_EDGE('',*,*,#10223,.T.);
#15605 = ORIENTED_EDGE('',*,*,#10254,.T.);
#15606 = ORIENTED_EDGE('',*,*,#10285,.T.);
#15607 = ORIENTED_EDGE('',*,*,#10316,.T.);
#15608 = ORIENTED_EDGE('',*,*,#10347,.T.);
#15609 = ORIENTED_EDGE('',*,*,#10378,.T.);
#15610 = ORIENTED_EDGE('',*,*,#10409,.T.);
#15611 = ORIENTED_EDGE('',*,*,#10440,.T.);
#15612 = ORIENTED_EDGE('',*,*,#10471,.T.);
#15613 = ORIENTED_EDGE('',*,*,#10502,.T.);
#15614 = ORIENTED_EDGE('',*,*,#10533,.T.);
#15615 = ORIENTED_EDGE('',*,*,#10564,.T.);
#15616 = ORIENTED_EDGE('',*,*,#10595,.T.);
#15617 = ORIENTED_EDGE('',*,*,#10626,.T.);
#15618 = ORIENTED_EDGE('',*,*,#10657,.T.);
#15619 = ORIENTED_EDGE('',*,*,#10688,.T.);
#15620 = ORIENTED_EDGE('',*,*,#10719,.T.);
#15621 = ORIENTED_EDGE('',*,*,#10750,.T.);
#15622 = ORIENTED_EDGE('',*,*,#10781,.T.);
#15623 = ORIENTED_EDGE('',*,*,#10812,.T.);
#15624 = ORIENTED_EDGE('',*,*,#10843,.T.);
#15625 = ORIENTED_EDGE('',*,*,#10874,.T.);
#15626 = ORIENTED_EDGE('',*,*,#10905,.T.);
#15627 = ORIENTED_EDGE('',*,*,#10936,.T.);
#15628 = ORIENTED_EDGE('',*,*,#10967,.T.);
#15629 = ORIENTED_EDGE('',*,*,#10998,.T.);
#15630 = ORIENTED_EDGE('',*,*,#11029,.T.);
#15631 = ORIENTED_EDGE('',*,*,#11060,.T.);
#15632 = ORIENTED_EDGE('',*,*,#11091,.T.);
#15633 = ORIENTED_EDGE('',*,*,#11122,.T.);
#15634 = ORIENTED_EDGE('',*,*,#11153,.T.);
#15635 = ORIENTED_EDGE('',*,*,#11184,.T.);
#15636 = ORIENTED_EDGE('',*,*,#11215,.T.);
#15637 = ORIENTED_EDGE('',*,*,#11246,.T.);
#15638 = ORIENTED_EDGE('',*,*,#11277,.T.);
#15639 = ORIENTED_EDGE('',*,*,#11308,.T.);
#15640 = ORIENTED_EDGE('',*,*,#11339,.T.);
#15641 = ORIENTED_EDGE('',*,*,#11370,.T.);
#15642 = ORIENTED_EDGE('',*,*,#11401,.T.);
#15643 = ORIENTED_EDGE('',*,*,#11432,.T.);
#15644 = ORIENTED_EDGE('',*,*,#11463,.T.);
#15645 = ORIENTED_EDGE('',*,*,#11494,.T.);
#15646 = ORIENTED_EDGE('',*,*,#11525,.T.);
#15647 = ORIENTED_EDGE('',*,*,#11556,.T.);
#15648 = ORIENTED_EDGE('',*,*,#11587,.T.);
#15649 = ORIENTED_EDGE('',*,*,#11618,.T.);
#15650 = ORIENTED_EDGE('',*,*,#11649,.T.);
#15651 = ORIENTED_EDGE('',*,*,#11680,.T.);
#15652 = ORIENTED_EDGE('',*,*,#11711,.T.);
#15653 = ORIENTED_EDGE('',*,*,#11742,.T.);
#15654 = ORIENTED_EDGE('',*,*,#11773,.T.);
#15655 = ORIENTED_EDGE('',*,*,#11804,.T.);
#15656 = ORIENTED_EDGE('',*,*,#11835,.T.);
#15657 = ORIENTED_EDGE('',*,*,#11866,.T.);
#15658 = ORIENTED_EDGE('',*,*,#11897,.T.);
#15659 = ORIENTED_EDGE('',*,*,#11928,.T.);
#15660 = ORIENTED_EDGE('',*,*,#11959,.T.);
#15661 = ORIENTED_EDGE('',*,*,#11990,.T.);
#15662 = ORIENTED_EDGE('',*,*,#12021,.T.);
#15663 = ORIENTED_EDGE('',*,*,#12052,.T.);
#15664 = ORIENTED_EDGE('',*,*,#12083,.T.);
#15665 = ORIENTED_EDGE('',*,*,#12114,.T.);
#15666 = ORIENTED_EDGE('',*,*,#12145,.T.);
#15667 = ORIENTED_EDGE('',*,*,#12176,.T.);
#15668 = ORIENTED_EDGE('',*,*,#12207,.T.);
#15669 = ORIENTED_EDGE('',*,*,#12238,.T.);
#15670 = ORIENTED_EDGE('',*,*,#12269,.T.);
#15671 = ORIENTED_EDGE('',*,*,#12300,.T.);
#15672 = ORIENTED_EDGE('',*,*,#12331,.T.);
#15673 = ORIENTED_EDGE('',*,*,#12362,.T.);
#15674 = ORIENTED_EDGE('',*,*,#12393,.T.);
#15675 = ORIENTED_EDGE('',*,*,#12424,.T.);
#15676 = ORIENTED_EDGE('',*,*,#12455,.T.);
#15677 = ORIENTED_EDGE('',*,*,#12486,.T.);
#15678 = ORIENTED_EDGE('',*,*,#12517,.T.);
#15679 = ORIENTED_EDGE('',*,*,#12548,.T.);
#15680 = ORIENTED_EDGE('',*,*,#12579,.T.);
#15681 = ORIENTED_EDGE('',*,*,#12610,.T.);
#15682 = ORIENTED_EDGE('',*,*,#12641,.T.);
#15683 = ORIENTED_EDGE('',*,*,#12672,.T.);
#15684 = ORIENTED_EDGE('',*,*,#12703,.T.);
#15685 = ORIENTED_EDGE('',*,*,#12734,.T.);
#15686 = ORIENTED_EDGE('',*,*,#12765,.T.);
#15687 = ORIENTED_EDGE('',*,*,#12796,.T.);
#15688 = ORIENTED_EDGE('',*,*,#12827,.T.);
#15689 = ORIENTED_EDGE('',*,*,#12858,.T.);
#15690 = ORIENTED_EDGE('',*,*,#12889,.T.);
#15691 = ORIENTED_EDGE('',*,*,#12920,.T.);
#15692 = ORIENTED_EDGE('',*,*,#12951,.T.);
#15693 = ORIENTED_EDGE('',*,*,#12982,.T.);
#15694 = ORIENTED_EDGE('',*,*,#13013,.T.);
#15695 = ORIENTED_EDGE('',*,*,#13044,.T.);
#15696 = ORIENTED_EDGE('',*,*,#13075,.T.);
#15697 = ORIENTED_EDGE('',*,*,#13106,.T.);
#15698 = ORIENTED_EDGE('',*,*,#13137,.T.);
#15699 = ORIENTED_EDGE('',*,*,#13168,.T.);
#15700 = ORIENTED_EDGE('',*,*,#13199,.T.);
#15701 = ORIENTED_EDGE('',*,*,#13230,.T.);
#15702 = ORIENTED_EDGE('',*,*,#13261,.T.);
#15703 = ORIENTED_EDGE('',*,*,#13292,.T.);
#15704 = ORIENTED_EDGE('',*,*,#13323,.T.);
#15705 = ORIENTED_EDGE('',*,*,#13354,.T.);
#15706 = ORIENTED_EDGE('',*,*,#13385,.T.);
#15707 = ORIENTED_EDGE('',*,*,#13416,.T.);
#15708 = ORIENTED_EDGE('',*,*,#13447,.T.);
#15709 = ORIENTED_EDGE('',*,*,#13478,.T.);
#15710 = ORIENTED_EDGE('',*,*,#13509,.T.);
#15711 = ORIENTED_EDGE('',*,*,#13540,.T.);
#15712 = ORIENTED_EDGE('',*,*,#13571,.T.);
#15713 = ORIENTED_EDGE('',*,*,#13602,.T.);
#15714 = ORIENTED_EDGE('',*,*,#13633,.T.);
#15715 = ORIENTED_EDGE('',*,*,#13664,.T.);
#15716 = ORIENTED_EDGE('',*,*,#13695,.T.);
#15717 = ORIENTED_EDGE('',*,*,#13726,.T.);
#15718 = ORIENTED_EDGE('',*,*,#13757,.T.);
#15719 = ORIENTED_EDGE('',*,*,#13788,.T.);
#15720 = ORIENTED_EDGE('',*,*,#13819,.T.);
#15721 = ORIENTED_EDGE('',*,*,#13850,.T.);
#15722 = ORIENTED_EDGE('',*,*,#13881,.T.);
#15723 = ORIENTED_EDGE('',*,*,#13912,.T.);
#15724 = ORIENTED_EDGE('',*,*,#13943,.T.);
#15725 = ORIENTED_EDGE('',*,*,#13974,.T.);
#15726 = ORIENTED_EDGE('',*,*,#14005,.T.);
#15727 = ORIENTED_EDGE('',*,*,#14036,.T.);
#15728 = ORIENTED_EDGE('',*,*,#14067,.T.);
#15729 = ORIENTED_EDGE('',*,*,#14098,.T.);
#15730 = ORIENTED_EDGE('',*,*,#14129,.T.);
#15731 = ORIENTED_EDGE('',*,*,#14160,.T.);
#15732 = ORIENTED_EDGE('',*,*,#14191,.T.);
#15733 = ORIENTED_EDGE('',*,*,#14222,.T.);
#15734 = ORIENTED_EDGE('',*,*,#14253,.T.);
#15735 = ORIENTED_EDGE('',*,*,#14284,.T.);
#15736 = ORIENTED_EDGE('',*,*,#14315,.T.);
#15737 = ORIENTED_EDGE('',*,*,#14346,.T.);
#15738 = ORIENTED_EDGE('',*,*,#14377,.T.);
#15739 = ORIENTED_EDGE('',*,*,#14408,.T.);
#15740 = ORIENTED_EDGE('',*,*,#14439,.T.);
#15741 = ORIENTED_EDGE('',*,*,#14470,.T.);
#15742 = ORIENTED_EDGE('',*,*,#14501,.T.);
#15743 = ORIENTED_EDGE('',*,*,#14532,.T.);
#15744 = ORIENTED_EDGE('',*,*,#14563,.T.);
#15745 = ORIENTED_EDGE('',*,*,#14594,.T.);
#15746 = ORIENTED_EDGE('',*,*,#14625,.T.);
#15747 = ORIENTED_EDGE('',*,*,#14656,.T.);
#15748 = ORIENTED_EDGE('',*,*,#14687,.T.);
#15749 = ORIENTED_EDGE('',*,*,#14718,.T.);
#15750 = ORIENTED_EDGE('',*,*,#14749,.T.);
#15751 = ORIENTED_EDGE('',*,*,#14780,.T.);
#15752 = ORIENTED_EDGE('',*,*,#14811,.T.);
#15753 = ORIENTED_EDGE('',*,*,#14842,.T.);
#15754 = ORIENTED_EDGE('',*,*,#14873,.T.);
#15755 = ORIENTED_EDGE('',*,*,#14904,.T.);
#15756 = ORIENTED_EDGE('',*,*,#14935,.T.);
#15757 = ORIENTED_EDGE('',*,*,#14966,.T.);
#15758 = ORIENTED_EDGE('',*,*,#14997,.T.);
#15759 = ORIENTED_EDGE('',*,*,#15028,.T.);
#15760 = ORIENTED_EDGE('',*,*,#15059,.T.);
#15761 = ORIENTED_EDGE('',*,*,#15090,.T.);
#15762 = ORIENTED_EDGE('',*,*,#15121,.T.);
#15763 = ORIENTED_EDGE('',*,*,#15152,.T.);
#15764 = ORIENTED_EDGE('',*,*,#15183,.T.);
#15765 = ORIENTED_EDGE('',*,*,#15214,.T.);
#15766 = ORIENTED_EDGE('',*,*,#15245,.T.);
#15767 = ORIENTED_EDGE('',*,*,#15276,.T.);
#15768 = ORIENTED_EDGE('',*,*,#15307,.T.);
#15769 = ORIENTED_EDGE('',*,*,#15338,.T.);
#15770 = ORIENTED_EDGE('',*,*,#15369,.T.);
#15771 = PLANE('',#15772);
#15772 = AXIS2_PLACEMENT_3D('',#15773,#15774,#15775);
#15773 = CARTESIAN_POINT('',(453.12942805868,250.,43.586739304761));
#15774 = DIRECTION('',(0.,1.,0.));
#15775 = DIRECTION('',(0.,-0.,1.));
#15776 = ( GEOMETRIC_REPRESENTATION_CONTEXT(3) 
GLOBAL_UNCERTAINTY_ASSIGNED_CONTEXT((#15780)) 
GLOBAL_UNIT_ASSIGNED_CONTEXT((#15777,#15778,#15779)) 
REPRESENTATION_CONTEXT('Context #1',
  '3D Context with UNIT and UNCERTAINTY') );
#15777 = ( LENGTH_UNIT() NAMED_UNIT(*) SI_UNIT(.MILLI.,.METRE.) );
#15778 = ( NAMED_UNIT(*) PLANE_ANGLE_UNIT() SI_UNIT($,.RADIAN.) );
#15779 = ( NAMED_UNIT(*) SI_UNIT($,.STERADIAN.) SOLID_ANGLE_UNIT() );
#15780 = UNCERTAINTY_MEASURE_WITH_UNIT(LENGTH_MEASURE(1.E-07),#15777,
  'distance_accuracy_value','confusion accuracy');
#15781 = CONTEXT_DEPENDENT_SHAPE_REPRESENTATION(#15782,#15784);
#15782 = ( REPRESENTATION_RELATIONSHIP('','',#9586,#10) 
REPRESENTATION_RELATIONSHIP_WITH_TRANSFORMATION(#15783) 
SHAPE_REPRESENTATION_RELATIONSHIP() );
#15783 = ITEM_DEFINED_TRANSFORMATION('','',#11,#27);
#15784 = PRODUCT_DEFINITION_SHAPE('Placement','Placement of an item',
  #15785);
#15785 = NEXT_ASSEMBLY_USAGE_OCCURRENCE('4','Seitenteil rechts','',#5,
  #9581,$);
#15786 = PRODUCT_RELATED_PRODUCT_CATEGORY('part',$,(#9583));
#15787 = SHAPE_DEFINITION_REPRESENTATION(#15788,#15794);
#15788 = PRODUCT_DEFINITION_SHAPE('','',#15789);
#15789 = PRODUCT_DEFINITION('design','',#15790,#15793);
#15790 = PRODUCT_DEFINITION_FORMATION('','',#15791);
#15791 = PRODUCT('Deckel','Deckel','',(#15792));
#15792 = PRODUCT_CONTEXT('',#2,'mechanical');
#15793 = PRODUCT_DEFINITION_CONTEXT('part definition',#2,'design');
#15794 = ADVANCED_BREP_SHAPE_REPRESENTATION('',(#11,#15795),#15945);
#15795 = MANIFOLD_SOLID_BREP('',#15796);
#15796 = CLOSED_SHELL('',(#15797,#15837,#15877,#15899,#15921,#15933));
#15797 = ADVANCED_FACE('',(#15798),#15832,.F.);
#15798 = FACE_BOUND('',#15799,.F.);
#15799 = EDGE_LOOP('',(#15800,#15810,#15818,#15826));
#15800 = ORIENTED_EDGE('',*,*,#15801,.F.);
#15801 = EDGE_CURVE('',#15802,#15804,#15806,.T.);
#15802 = VERTEX_POINT('',#15803);
#15803 = CARTESIAN_POINT('',(33.3,0.,85.25));
#15804 = VERTEX_POINT('',#15805);
#15805 = CARTESIAN_POINT('',(33.3,0.,86.75));
#15806 = LINE('',#15807,#15808);
#15807 = CARTESIAN_POINT('',(33.3,0.,85.25));
#15808 = VECTOR('',#15809,1.);
#15809 = DIRECTION('',(0.,0.,1.));
#15810 = ORIENTED_EDGE('',*,*,#15811,.T.);
#15811 = EDGE_CURVE('',#15802,#15812,#15814,.T.);
#15812 = VERTEX_POINT('',#15813);
#15813 = CARTESIAN_POINT('',(33.3,249.5,85.25));
#15814 = LINE('',#15815,#15816);
#15815 = CARTESIAN_POINT('',(33.3,0.,85.25));
#15816 = VECTOR('',#15817,1.);
#15817 = DIRECTION('',(-0.,1.,0.));
#15818 = ORIENTED_EDGE('',*,*,#15819,.T.);
#15819 = EDGE_CURVE('',#15812,#15820,#15822,.T.);
#15820 = VERTEX_POINT('',#15821);
#15821 = CARTESIAN_POINT('',(33.3,249.5,86.75));
#15822 = LINE('',#15823,#15824);
#15823 = CARTESIAN_POINT('',(33.3,249.5,85.25));
#15824 = VECTOR('',#15825,1.);
#15825 = DIRECTION('',(0.,0.,1.));
#15826 = ORIENTED_EDGE('',*,*,#15827,.F.);
#15827 = EDGE_CURVE('',#15804,#15820,#15828,.T.);
#15828 = LINE('',#15829,#15830);
#15829 = CARTESIAN_POINT('',(33.3,0.,86.75));
#15830 = VECTOR('',#15831,1.);
#15831 = DIRECTION('',(-0.,1.,0.));
#15832 = PLANE('',#15833);
#15833 = AXIS2_PLACEMENT_3D('',#15834,#15835,#15836);
#15834 = CARTESIAN_POINT('',(33.3,0.,85.25));
#15835 = DIRECTION('',(1.,0.,-0.));
#15836 = DIRECTION('',(0.,0.,1.));
#15837 = ADVANCED_FACE('',(#15838),#15872,.T.);
#15838 = FACE_BOUND('',#15839,.T.);
#15839 = EDGE_LOOP('',(#15840,#15850,#15858,#15866));
#15840 = ORIENTED_EDGE('',*,*,#15841,.F.);
#15841 = EDGE_CURVE('',#15842,#15844,#15846,.T.);
#15842 = VERTEX_POINT('',#15843);
#15843 = CARTESIAN_POINT('',(449.3,0.,85.25));
#15844 = VERTEX_POINT('',#15845);
#15845 = CARTESIAN_POINT('',(449.3,0.,86.75));
#15846 = LINE('',#15847,#15848);
#15847 = CARTESIAN_POINT('',(449.3,0.,85.25));
#15848 = VECTOR('',#15849,1.);
#15849 = DIRECTION('',(0.,0.,1.));
#15850 = ORIENTED_EDGE('',*,*,#15851,.T.);
#15851 = EDGE_CURVE('',#15842,#15852,#15854,.T.);
#15852 = VERTEX_POINT('',#15853);
#15853 = CARTESIAN_POINT('',(449.3,249.5,85.25));
#15854 = LINE('',#15855,#15856);
#15855 = CARTESIAN_POINT('',(449.3,0.,85.25));
#15856 = VECTOR('',#15857,1.);
#15857 = DIRECTION('',(-0.,1.,0.));
#15858 = ORIENTED_EDGE('',*,*,#15859,.T.);
#15859 = EDGE_CURVE('',#15852,#15860,#15862,.T.);
#15860 = VERTEX_POINT('',#15861);
#15861 = CARTESIAN_POINT('',(449.3,249.5,86.75));
#15862 = LINE('',#15863,#15864);
#15863 = CARTESIAN_POINT('',(449.3,249.5,85.25));
#15864 = VECTOR('',#15865,1.);
#15865 = DIRECTION('',(0.,0.,1.));
#15866 = ORIENTED_EDGE('',*,*,#15867,.F.);
#15867 = EDGE_CURVE('',#15844,#15860,#15868,.T.);
#15868 = LINE('',#15869,#15870);
#15869 = CARTESIAN_POINT('',(449.3,0.,86.75));
#15870 = VECTOR('',#15871,1.);
#15871 = DIRECTION('',(-0.,1.,0.));
#15872 = PLANE('',#15873);
#15873 = AXIS2_PLACEMENT_3D('',#15874,#15875,#15876);
#15874 = CARTESIAN_POINT('',(449.3,0.,85.25));
#15875 = DIRECTION('',(1.,0.,-0.));
#15876 = DIRECTION('',(0.,0.,1.));
#15877 = ADVANCED_FACE('',(#15878),#15894,.F.);
#15878 = FACE_BOUND('',#15879,.F.);
#15879 = EDGE_LOOP('',(#15880,#15886,#15887,#15893));
#15880 = ORIENTED_EDGE('',*,*,#15881,.F.);
#15881 = EDGE_CURVE('',#15802,#15842,#15882,.T.);
#15882 = LINE('',#15883,#15884);
#15883 = CARTESIAN_POINT('',(33.3,0.,85.25));
#15884 = VECTOR('',#15885,1.);
#15885 = DIRECTION('',(1.,0.,-0.));
#15886 = ORIENTED_EDGE('',*,*,#15801,.T.);
#15887 = ORIENTED_EDGE('',*,*,#15888,.T.);
#15888 = EDGE_CURVE('',#15804,#15844,#15889,.T.);
#15889 = LINE('',#15890,#15891);
#15890 = CARTESIAN_POINT('',(33.3,0.,86.75));
#15891 = VECTOR('',#15892,1.);
#15892 = DIRECTION('',(1.,0.,-0.));
#15893 = ORIENTED_EDGE('',*,*,#15841,.F.);
#15894 = PLANE('',#15895);
#15895 = AXIS2_PLACEMENT_3D('',#15896,#15897,#15898);
#15896 = CARTESIAN_POINT('',(33.3,0.,85.25));
#15897 = DIRECTION('',(-0.,1.,0.));
#15898 = DIRECTION('',(0.,0.,1.));
#15899 = ADVANCED_FACE('',(#15900),#15916,.T.);
#15900 = FACE_BOUND('',#15901,.T.);
#15901 = EDGE_LOOP('',(#15902,#15908,#15909,#15915));
#15902 = ORIENTED_EDGE('',*,*,#15903,.F.);
#15903 = EDGE_CURVE('',#15812,#15852,#15904,.T.);
#15904 = LINE('',#15905,#15906);
#15905 = CARTESIAN_POINT('',(33.3,249.5,85.25));
#15906 = VECTOR('',#15907,1.);
#15907 = DIRECTION('',(1.,0.,-0.));
#15908 = ORIENTED_EDGE('',*,*,#15819,.T.);
#15909 = ORIENTED_EDGE('',*,*,#15910,.T.);
#15910 = EDGE_CURVE('',#15820,#15860,#15911,.T.);
#15911 = LINE('',#15912,#15913);
#15912 = CARTESIAN_POINT('',(33.3,249.5,86.75));
#15913 = VECTOR('',#15914,1.);
#15914 = DIRECTION('',(1.,0.,-0.));
#15915 = ORIENTED_EDGE('',*,*,#15859,.F.);
#15916 = PLANE('',#15917);
#15917 = AXIS2_PLACEMENT_3D('',#15918,#15919,#15920);
#15918 = CARTESIAN_POINT('',(33.3,249.5,85.25));
#15919 = DIRECTION('',(-0.,1.,0.));
#15920 = DIRECTION('',(0.,0.,1.));
#15921 = ADVANCED_FACE('',(#15922),#15928,.F.);
#15922 = FACE_BOUND('',#15923,.F.);
#15923 = EDGE_LOOP('',(#15924,#15925,#15926,#15927));
#15924 = ORIENTED_EDGE('',*,*,#15811,.F.);
#15925 = ORIENTED_EDGE('',*,*,#15881,.T.);
#15926 = ORIENTED_EDGE('',*,*,#15851,.T.);
#15927 = ORIENTED_EDGE('',*,*,#15903,.F.);
#15928 = PLANE('',#15929);
#15929 = AXIS2_PLACEMENT_3D('',#15930,#15931,#15932);
#15930 = CARTESIAN_POINT('',(33.3,0.,85.25));
#15931 = DIRECTION('',(0.,0.,1.));
#15932 = DIRECTION('',(1.,0.,-0.));
#15933 = ADVANCED_FACE('',(#15934),#15940,.T.);
#15934 = FACE_BOUND('',#15935,.T.);
#15935 = EDGE_LOOP('',(#15936,#15937,#15938,#15939));
#15936 = ORIENTED_EDGE('',*,*,#15827,.F.);
#15937 = ORIENTED_EDGE('',*,*,#15888,.T.);
#15938 = ORIENTED_EDGE('',*,*,#15867,.T.);
#15939 = ORIENTED_EDGE('',*,*,#15910,.F.);
#15940 = PLANE('',#15941);
#15941 = AXIS2_PLACEMENT_3D('',#15942,#15943,#15944);
#15942 = CARTESIAN_POINT('',(33.3,0.,86.75));
#15943 = DIRECTION('',(0.,0.,1.));
#15944 = DIRECTION('',(1.,0.,-0.));
#15945 = ( GEOMETRIC_REPRESENTATION_CONTEXT(3) 
GLOBAL_UNCERTAINTY_ASSIGNED_CONTEXT((#15949)) 
GLOBAL_UNIT_ASSIGNED_CONTEXT((#15946,#15947,#15948)) 
REPRESENTATION_CONTEXT('Context #1',
  '3D Context with UNIT and UNCERTAINTY') );
#15946 = ( LENGTH_UNIT() NAMED_UNIT(*) SI_UNIT(.MILLI.,.METRE.) );
#15947 = ( NAMED_UNIT(*) PLANE_ANGLE_UNIT() SI_UNIT($,.RADIAN.) );
#15948 = ( NAMED_UNIT(*) SI_UNIT($,.STERADIAN.) SOLID_ANGLE_UNIT() );
#15949 = UNCERTAINTY_MEASURE_WITH_UNIT(LENGTH_MEASURE(1.E-07),#15946,
  'distance_accuracy_value','confusion accuracy');
#15950 = CONTEXT_DEPENDENT_SHAPE_REPRESENTATION(#15951,#15953);
#15951 = ( REPRESENTATION_RELATIONSHIP('','',#15794,#10) 
REPRESENTATION_RELATIONSHIP_WITH_TRANSFORMATION(#15952) 
SHAPE_REPRESENTATION_RELATIONSHIP() );
#15952 = ITEM_DEFINED_TRANSFORMATION('','',#11,#31);
#15953 = PRODUCT_DEFINITION_SHAPE('Placement','Placement of an item',
  #15954);
#15954 = NEXT_ASSEMBLY_USAGE_OCCURRENCE('5','Deckel','',#5,#15789,$);
#15955 = PRODUCT_RELATED_PRODUCT_CATEGORY('part',$,(#15791));
#15956 = SHAPE_DEFINITION_REPRESENTATION(#15957,#15963);
#15957 = PRODUCT_DEFINITION_SHAPE('','',#15958);
#15958 = PRODUCT_DEFINITION('design','',#15959,#15962);
#15959 = PRODUCT_DEFINITION_FORMATION('','',#15960);
#15960 = PRODUCT('Boden','Boden','',(#15961));
#15961 = PRODUCT_CONTEXT('',#2,'mechanical');
#15962 = PRODUCT_DEFINITION_CONTEXT('part definition',#2,'design');
#15963 = ADVANCED_BREP_SHAPE_REPRESENTATION('',(#11,#15964),#16114);
#15964 = MANIFOLD_SOLID_BREP('',#15965);
#15965 = CLOSED_SHELL('',(#15966,#16006,#16046,#16068,#16090,#16102));
#15966 = ADVANCED_FACE('',(#15967),#16001,.F.);
#15967 = FACE_BOUND('',#15968,.F.);
#15968 = EDGE_LOOP('',(#15969,#15979,#15987,#15995));
#15969 = ORIENTED_EDGE('',*,*,#15970,.F.);
#15970 = EDGE_CURVE('',#15971,#15973,#15975,.T.);
#15971 = VERTEX_POINT('',#15972);
#15972 = CARTESIAN_POINT('',(33.3,0.,1.35));
#15973 = VERTEX_POINT('',#15974);
#15974 = CARTESIAN_POINT('',(33.3,0.,2.85));
#15975 = LINE('',#15976,#15977);
#15976 = CARTESIAN_POINT('',(33.3,0.,1.35));
#15977 = VECTOR('',#15978,1.);
#15978 = DIRECTION('',(0.,0.,1.));
#15979 = ORIENTED_EDGE('',*,*,#15980,.T.);
#15980 = EDGE_CURVE('',#15971,#15981,#15983,.T.);
#15981 = VERTEX_POINT('',#15982);
#15982 = CARTESIAN_POINT('',(33.3,249.5,1.35));
#15983 = LINE('',#15984,#15985);
#15984 = CARTESIAN_POINT('',(33.3,0.,1.35));
#15985 = VECTOR('',#15986,1.);
#15986 = DIRECTION('',(-0.,1.,0.));
#15987 = ORIENTED_EDGE('',*,*,#15988,.T.);
#15988 = EDGE_CURVE('',#15981,#15989,#15991,.T.);
#15989 = VERTEX_POINT('',#15990);
#15990 = CARTESIAN_POINT('',(33.3,249.5,2.85));
#15991 = LINE('',#15992,#15993);
#15992 = CARTESIAN_POINT('',(33.3,249.5,1.35));
#15993 = VECTOR('',#15994,1.);
#15994 = DIRECTION('',(0.,0.,1.));
#15995 = ORIENTED_EDGE('',*,*,#15996,.F.);
#15996 = EDGE_CURVE('',#15973,#15989,#15997,.T.);
#15997 = LINE('',#15998,#15999);
#15998 = CARTESIAN_POINT('',(33.3,0.,2.85));
#15999 = VECTOR('',#16000,1.);
#16000 = DIRECTION('',(-0.,1.,0.));
#16001 = PLANE('',#16002);
#16002 = AXIS2_PLACEMENT_3D('',#16003,#16004,#16005);
#16003 = CARTESIAN_POINT('',(33.3,0.,1.35));
#16004 = DIRECTION('',(1.,0.,-0.));
#16005 = DIRECTION('',(0.,0.,1.));
#16006 = ADVANCED_FACE('',(#16007),#16041,.T.);
#16007 = FACE_BOUND('',#16008,.T.);
#16008 = EDGE_LOOP('',(#16009,#16019,#16027,#16035));
#16009 = ORIENTED_EDGE('',*,*,#16010,.F.);
#16010 = EDGE_CURVE('',#16011,#16013,#16015,.T.);
#16011 = VERTEX_POINT('',#16012);
#16012 = CARTESIAN_POINT('',(449.3,0.,1.35));
#16013 = VERTEX_POINT('',#16014);
#16014 = CARTESIAN_POINT('',(449.3,0.,2.85));
#16015 = LINE('',#16016,#16017);
#16016 = CARTESIAN_POINT('',(449.3,0.,1.35));
#16017 = VECTOR('',#16018,1.);
#16018 = DIRECTION('',(0.,0.,1.));
#16019 = ORIENTED_EDGE('',*,*,#16020,.T.);
#16020 = EDGE_CURVE('',#16011,#16021,#16023,.T.);
#16021 = VERTEX_POINT('',#16022);
#16022 = CARTESIAN_POINT('',(449.3,249.5,1.35));
#16023 = LINE('',#16024,#16025);
#16024 = CARTESIAN_POINT('',(449.3,0.,1.35));
#16025 = VECTOR('',#16026,1.);
#16026 = DIRECTION('',(-0.,1.,0.));
#16027 = ORIENTED_EDGE('',*,*,#16028,.T.);
#16028 = EDGE_CURVE('',#16021,#16029,#16031,.T.);
#16029 = VERTEX_POINT('',#16030);
#16030 = CARTESIAN_POINT('',(449.3,249.5,2.85));
#16031 = LINE('',#16032,#16033);
#16032 = CARTESIAN_POINT('',(449.3,249.5,1.35));
#16033 = VECTOR('',#16034,1.);
#16034 = DIRECTION('',(0.,0.,1.));
#16035 = ORIENTED_EDGE('',*,*,#16036,.F.);
#16036 = EDGE_CURVE('',#16013,#16029,#16037,.T.);
#16037 = LINE('',#16038,#16039);
#16038 = CARTESIAN_POINT('',(449.3,0.,2.85));
#16039 = VECTOR('',#16040,1.);
#16040 = DIRECTION('',(-0.,1.,0.));
#16041 = PLANE('',#16042);
#16042 = AXIS2_PLACEMENT_3D('',#16043,#16044,#16045);
#16043 = CARTESIAN_POINT('',(449.3,0.,1.35));
#16044 = DIRECTION('',(1.,0.,-0.));
#16045 = DIRECTION('',(0.,0.,1.));
#16046 = ADVANCED_FACE('',(#16047),#16063,.F.);
#16047 = FACE_BOUND('',#16048,.F.);
#16048 = EDGE_LOOP('',(#16049,#16055,#16056,#16062));
#16049 = ORIENTED_EDGE('',*,*,#16050,.F.);
#16050 = EDGE_CURVE('',#15971,#16011,#16051,.T.);
#16051 = LINE('',#16052,#16053);
#16052 = CARTESIAN_POINT('',(33.3,0.,1.35));
#16053 = VECTOR('',#16054,1.);
#16054 = DIRECTION('',(1.,0.,-0.));
#16055 = ORIENTED_EDGE('',*,*,#15970,.T.);
#16056 = ORIENTED_EDGE('',*,*,#16057,.T.);
#16057 = EDGE_CURVE('',#15973,#16013,#16058,.T.);
#16058 = LINE('',#16059,#16060);
#16059 = CARTESIAN_POINT('',(33.3,0.,2.85));
#16060 = VECTOR('',#16061,1.);
#16061 = DIRECTION('',(1.,0.,-0.));
#16062 = ORIENTED_EDGE('',*,*,#16010,.F.);
#16063 = PLANE('',#16064);
#16064 = AXIS2_PLACEMENT_3D('',#16065,#16066,#16067);
#16065 = CARTESIAN_POINT('',(33.3,0.,1.35));
#16066 = DIRECTION('',(-0.,1.,0.));
#16067 = DIRECTION('',(0.,0.,1.));
#16068 = ADVANCED_FACE('',(#16069),#16085,.T.);
#16069 = FACE_BOUND('',#16070,.T.);
#16070 = EDGE_LOOP('',(#16071,#16077,#16078,#16084));
#16071 = ORIENTED_EDGE('',*,*,#16072,.F.);
#16072 = EDGE_CURVE('',#15981,#16021,#16073,.T.);
#16073 = LINE('',#16074,#16075);
#16074 = CARTESIAN_POINT('',(33.3,249.5,1.35));
#16075 = VECTOR('',#16076,1.);
#16076 = DIRECTION('',(1.,0.,-0.));
#16077 = ORIENTED_EDGE('',*,*,#15988,.T.);
#16078 = ORIENTED_EDGE('',*,*,#16079,.T.);
#16079 = EDGE_CURVE('',#15989,#16029,#16080,.T.);
#16080 = LINE('',#16081,#16082);
#16081 = CARTESIAN_POINT('',(33.3,249.5,2.85));
#16082 = VECTOR('',#16083,1.);
#16083 = DIRECTION('',(1.,0.,-0.));
#16084 = ORIENTED_EDGE('',*,*,#16028,.F.);
#16085 = PLANE('',#16086);
#16086 = AXIS2_PLACEMENT_3D('',#16087,#16088,#16089);
#16087 = CARTESIAN_POINT('',(33.3,249.5,1.35));
#16088 = DIRECTION('',(-0.,1.,0.));
#16089 = DIRECTION('',(0.,0.,1.));
#16090 = ADVANCED_FACE('',(#16091),#16097,.F.);
#16091 = FACE_BOUND('',#16092,.F.);
#16092 = EDGE_LOOP('',(#16093,#16094,#16095,#16096));
#16093 = ORIENTED_EDGE('',*,*,#15980,.F.);
#16094 = ORIENTED_EDGE('',*,*,#16050,.T.);
#16095 = ORIENTED_EDGE('',*,*,#16020,.T.);
#16096 = ORIENTED_EDGE('',*,*,#16072,.F.);
#16097 = PLANE('',#16098);
#16098 = AXIS2_PLACEMENT_3D('',#16099,#16100,#16101);
#16099 = CARTESIAN_POINT('',(33.3,0.,1.35));
#16100 = DIRECTION('',(0.,0.,1.));
#16101 = DIRECTION('',(1.,0.,-0.));
#16102 = ADVANCED_FACE('',(#16103),#16109,.T.);
#16103 = FACE_BOUND('',#16104,.T.);
#16104 = EDGE_LOOP('',(#16105,#16106,#16107,#16108));
#16105 = ORIENTED_EDGE('',*,*,#15996,.F.);
#16106 = ORIENTED_EDGE('',*,*,#16057,.T.);
#16107 = ORIENTED_EDGE('',*,*,#16036,.T.);
#16108 = ORIENTED_EDGE('',*,*,#16079,.F.);
#16109 = PLANE('',#16110);
#16110 = AXIS2_PLACEMENT_3D('',#16111,#16112,#16113);
#16111 = CARTESIAN_POINT('',(33.3,0.,2.85));
#16112 = DIRECTION('',(0.,0.,1.));
#16113 = DIRECTION('',(1.,0.,-0.));
#16114 = ( GEOMETRIC_REPRESENTATION_CONTEXT(3) 
GLOBAL_UNCERTAINTY_ASSIGNED_CONTEXT((#16118)) 
GLOBAL_UNIT_ASSIGNED_CONTEXT((#16115,#16116,#16117)) 
REPRESENTATION_CONTEXT('Context #1',
  '3D Context with UNIT and UNCERTAINTY') );
#16115 = ( LENGTH_UNIT() NAMED_UNIT(*) SI_UNIT(.MILLI.,.METRE.) );
#16116 = ( NAMED_UNIT(*) PLANE_ANGLE_UNIT() SI_UNIT($,.RADIAN.) );
#16117 = ( NAMED_UNIT(*) SI_UNIT($,.STERADIAN.) SOLID_ANGLE_UNIT() );
#16118 = UNCERTAINTY_MEASURE_WITH_UNIT(LENGTH_MEASURE(1.E-07),#16115,
  'distance_accuracy_value','confusion accuracy');
#16119 = CONTEXT_DEPENDENT_SHAPE_REPRESENTATION(#16120,#16122);
#16120 = ( REPRESENTATION_RELATIONSHIP('','',#15963,#10) 
REPRESENTATION_RELATIONSHIP_WITH_TRANSFORMATION(#16121) 
SHAPE_REPRESENTATION_RELATIONSHIP() );
#16121 = ITEM_DEFINED_TRANSFORMATION('','',#11,#35);
#16122 = PRODUCT_DEFINITION_SHAPE('Placement','Placement of an item',
  #16123);
#16123 = NEXT_ASSEMBLY_USAGE_OCCURRENCE('6','Boden','',#5,#15958,$);
#16124 = PRODUCT_RELATED_PRODUCT_CATEGORY('part',$,(#15960));
ENDSEC;
END-ISO-10303-21;
